timestamp,vm_bus_1,vm_bus_2,vm_bus_3,vm_bus_4,vm_bus_5,vm_bus_6,vm_bus_7,vm_bus_8,vm_bus_9,vm_bus_10,vm_bus_11,vm_bus_12,vm_bus_13,vm_bus_14,pf_f_1,pf_f_2,pf_f_3,pf_f_4,pf_f_5,pf_f_6,pf_f_7,pf_f_8,pf_f_9,pf_f_10,pf_f_11,pf_f_12,pf_f_13,pf_f_14,pf_f_15,pf_f_16,pf_f_17,pf_f_18,pf_f_19,pf_f_20,qf_f_1,qf_f_2,qf_f_3,qf_f_4,qf_f_5,qf_f_6,qf_f_7,qf_f_8,qf_f_9,qf_f_10,qf_f_11,qf_f_12,qf_f_13,qf_f_14,qf_f_15,qf_f_16,qf_f_17,qf_f_18,qf_f_19,qf_f_20,pt_t_1,pt_t_2,pt_t_3,pt_t_4,pt_t_5,pt_t_6,pt_t_7,pt_t_8,pt_t_9,pt_t_10,pt_t_11,pt_t_12,pt_t_13,pt_t_14,pt_t_15,pt_t_16,pt_t_17,pt_t_18,pt_t_19,pt_t_20,qt_t_1,qt_t_2,qt_t_3,qt_t_4,qt_t_5,qt_t_6,qt_t_7,qt_t_8,qt_t_9,qt_t_10,qt_t_11,qt_t_12,qt_t_13,qt_t_14,qt_t_15,qt_t_16,qt_t_17,qt_t_18,qt_t_19,qt_t_20,p_inj_bus_1,p_inj_bus_2,p_inj_bus_3,p_inj_bus_4,p_inj_bus_5,p_inj_bus_6,p_inj_bus_7,p_inj_bus_8,p_inj_bus_9,p_inj_bus_10,p_inj_bus_11,p_inj_bus_12,p_inj_bus_13,p_inj_bus_14,q_inj_bus_1,q_inj_bus_2,q_inj_bus_3,q_inj_bus_4,q_inj_bus_5,q_inj_bus_6,q_inj_bus_7,q_inj_bus_8,q_inj_bus_9,q_inj_bus_10,q_inj_bus_11,q_inj_bus_12,q_inj_bus_13,q_inj_bus_14,pmu_va_bus_4,pmu_va_bus_6,pmu_vm_bus_4,pmu_vm_bus_6,if_ang_br_7,if_ang_br_8,if_ang_br_9,if_ang_br_11,if_ang_br_12,if_ang_br_13,if_mag_br_7,if_mag_br_8,if_mag_br_9,if_mag_br_11,if_mag_br_12,if_mag_br_13,it_ang_br_4,it_ang_br_6,it_ang_br_10,it_mag_br_4,it_mag_br_6,it_mag_br_10
2025-09-08 09:05:00,1.0562242,1.0619545,1.0106408,1.02955,1.0259698,1.0627409,1.0422429,1.0733094,1.0393226,1.0295128,1.0414604,1.0550398,1.0491419,1.0522952,1.2019598,0.58938855,0.58476187,0.44367339,0.33191728,-0.18510849,-0.48275346,0.21341442,0.16658096,0.34000585,0.14837319,0.068137733,0.15031156,0.0010476582,0.21355879,0.34125253,0.10312472,-0.10166889,0.015607455,0.049395466,-0.096705415,0.048280126,0.0097284218,-0.011100287,0.027555508,0.058215116,0.1049936,-0.046147544,0.011546577,0.15845623,0.019744162,-0.0040815384,0.072717647,-0.046488537,-0.0032160738,0.031270281,0.042699937,0.020921364,-0.017924997,-0.0090939844,-1.1556279,-0.56847837,-0.56917572,-0.43229116,-0.32100946,0.17868814,0.46843366,-0.21831975,-0.10993563,-0.37053645,-0.097480645,-0.086773029,-0.20256999,0.010741634,-0.2119495,-0.35840546,-0.10340255,0.11673793,0.011390517,-0.050087756,0.083986056,-0.027812401,-0.0096159297,-0.018876054,-0.056659109,-0.045022272,-0.11809641,0.058317424,-0.012278125,-0.17943573,0.0159176,-0.020324788,-0.044692817,0.073814717,-0.016823872,-0.060410037,-0.027103166,0.025202835,0.0067016555,-0.050099381,1.7878159,0.21002104,-0.7076772,-0.40983666,-0.048678382,-0.027951272,0.016322951,-0.031601229,0.069424022,-0.38142654,-0.0052926064,-0.017891639,-0.11744904,-0.1073842,0.0014658576,0.09372873,0.061160433,0.01705252,-0.023126973,-0.00084596268,0.011561666,0.0060898586,-0.12524135,-0.032169363,0.0011952515,-0.05208872,-0.041913262,-0.039682986,-0.13851998,-0.19696542,1.0162128,1.0610186,-3.0444876,0.044994533,-0.17604304,-0.38599769,-0.49834896,-0.56818397,0.4855878,0.22771987,0.13061539,0.11811788,0.063401396,0.14503482,3.0166031,0.16865579,2.5934965,0.43077661,0.17712112,0.35655396
2025-09-08 09:10:00,1.0732543,1.0416408,1.0239827,1.0344852,1.0185779,1.038927,1.0546336,1.0741589,1.0527936,1.041632,1.0457498,1.0528438,1.0361248,1.0246918,1.1909942,0.62104972,0.57779502,0.48340356,0.28740759,-0.16800418,-0.48113842,0.22335484,0.077795186,0.32976406,0.044643346,-0.11138133,0.37085338,-0.021424031,0.23189701,0.04685607,0.13474924,-0.043517866,0.28778846,-0.024385968,-0.038192651,0.055523157,-0.0022546885,0.0073595599,0.017531893,0.0347834,0.092785835,-0.033311114,0.0264654,0.15662415,0.016158504,0.069051936,0.073152068,-0.051924515,0.03571732,0.046363634,0.016119203,-0.047851494,-0.14071435,0.028976961,-1.2359308,-0.584283,-0.54190231,-0.44396586,-0.34301386,0.18898677,0.46051029,-0.22490029,-0.10651483,-0.35440488,-0.090855956,0.10141122,-0.31862554,0.017240782,-0.2646283,-0.064401594,-0.11343775,0.031869596,-0.25386874,-0.0049272279,0.040975324,-0.026949899,0.027645032,0.017549197,-0.059531754,-0.032340162,-0.11920371,0.039638174,-0.012851011,-0.15509819,-0.0059600658,-0.083387218,-0.059148999,0.07164884,-0.0044803383,-0.022413409,-0.026935157,0.0050402043,0.15051978,0.0053021072,1.7953736,0.16982645,-0.73901478,-0.39635622,-0.071469277,-0.092839811,0.037859813,-0.019543941,-0.19229513,-0.034266162,-0.081122639,0.4357985,-0.58620508,-0.11381946,0.013272451,0.062819036,0.071058822,0.0086634901,-0.026221485,-0.014310421,-0.031369779,0.077986186,-0.16741998,-0.039592358,-0.037187951,-0.17671806,0.088362984,-0.020383725,-0.14265403,-0.19607006,1.0165293,1.061385,-3.0422253,0.044785334,-0.17633655,-0.60347226,-2.8685947,-0.35769714,0.48679414,0.22920634,0.13086205,0.060040407,0.14352196,0.32925239,3.019542,0.17137345,2.5980137,0.43134714,0.17462399,0.35667909
2025-09-08 09:15:00,1.077622,1.0246302,1.0109945,1.0093101,1.014568,1.0530947,1.0585859,1.0613965,1.0412254,1.046759,1.0518578,1.0419717,1.0596374,1.0327779,1.1843193,0.59926109,0.5756793,0.48103548,0.34163626,-0.15510407,-0.50354296,0.21663587,0.10498949,0.38947056,0.038664739,0.013308865,0.13416328,-0.38159858,0.21244848,0.044737092,0.074038047,-0.012628832,0.013691095,0.039806907,-0.070190205,0.053161524,-0.00061114368,-0.0054285657,0.020327466,0.022034049,0.10427413,-0.066716387,-0.021625356,0.17693329,0.015768616,0.0062240078,0.028867567,-0.050088766,-0.040596701,0.043510206,0.039224962,0.0026392631,-0.06155862,0.0028008441,-1.1899272,-0.57309596,-0.52662463,-0.41608167,-0.33776644,0.13906162,0.44803133,-0.24442737,-0.10190645,-0.35964399,-0.07013953,-0.089558765,-0.14145278,0.35586701,-0.23606231,-0.0063194797,-0.10625073,0.026262794,0.0064785849,-0.033603155,0.056593148,-0.0438073,-0.0099889574,-0.0055349543,-0.060537359,-0.051019199,-0.07849689,0.068035198,-9.3722954e-06,-0.14586193,-0.02228292,-0.025575061,-0.089071376,0.0714477,-0.035756643,-0.03433841,-0.024922656,0.014038208,-0.019439192,-0.037384734,1.7495855,0.17752905,-0.75060458,-0.39308976,-0.045460907,-0.075849253,-0.36948871,0.3917842,-0.23615924,-0.045260099,-0.0066239298,-0.049762683,-0.10401191,-0.1369726,0.021967436,0.086552338,0.028758971,0.026498981,0.046967272,-0.064760631,0.016466021,0.072467564,-0.13442007,-0.032041803,-0.020112721,-0.0093432443,-0.053208168,-0.0079685638,-0.14262652,-0.19396796,1.0185228,1.0599609,-3.0420411,0.044793413,-0.17613877,-0.60656155,-0.49942151,-0.56870631,0.48736744,0.22966034,0.13084685,0.059774535,0.063281488,0.14662712,3.0163604,0.17389081,2.598437,0.43012503,0.17167953,0.35690439
2025-09-08 09:20:00,1.058167,1.0320304,1.0269799,1.0324213,1.0230808,1.0565303,1.0704465,1.0809519,1.0408587,1.0475494,1.0553672,1.060519,1.0596279,1.0495034,1.2376225,0.61764464,0.56294358,0.40947065,0.32530506,-0.17096654,-0.47870566,0.22974671,0.1086553,0.37858871,0.054678969,0.087780272,0.14478029,-0.014042765,0.23857918,0.05499891,0.1042461,-0.032993942,0.03959415,0.042599215,-0.055442644,0.055192533,0.0043832944,-0.039499128,0.024412613,0.076809286,0.089879868,-0.056998907,0.045390369,0.16832484,-0.00064869218,0.00092167776,0.051760095,-0.043975095,0.0056687071,0.047946271,0.016169066,-0.021953454,0.014308796,0.013375697,-1.2138244,-0.59148386,-0.56135896,-0.46570894,-0.34558303,0.18693596,0.48179617,-0.26642974,-0.12392634,-0.35687586,-0.051026607,-0.059952951,-0.12055437,0.014482418,-0.24990142,-0.010557244,-0.095258994,0.037336867,-0.012011003,-0.049882176,0.12105083,-0.023582793,-0.01904188,0.002352171,-0.045583562,-0.039688991,-0.11075276,0.023236837,2.6686991e-05,-0.15233078,-0.010780826,-0.01829006,-0.039219571,0.059019049,0.01145286,-0.044828284,-0.027654523,0.0010731298,0.018341309,-0.04892312,1.7798282,0.19063543,-0.74917152,-0.37729959,-0.054299525,-0.11182301,0.021414798,0.014989038,-0.24712811,-0.030058711,-0.042836334,-0.010646523,-0.11664624,-0.11268118,0.017190335,0.082414036,0.048180379,0.029159836,-0.036792114,-0.048343322,-0.023151537,0.079376433,-0.15136206,-0.08196326,-0.019325839,-0.023833796,-0.040558595,-0.041458576,-0.14178524,-0.19458173,1.0184341,1.0589891,-3.0426102,0.046511896,-0.17499646,-0.60668698,-0.49966004,-0.56723517,0.48764634,0.22969865,0.12958598,0.061441796,0.060484639,0.14590669,3.0177548,0.1753408,2.5989789,0.43080006,0.17646614,0.358387
2025-09-08 09:25:00,1.0733175,1.0391642,1.0179712,1.0163878,1.0061113,1.0593001,1.0408905,1.0676597,1.0323659,1.0501292,1.0340964,1.0431374,1.051682,0.97358163,1.1947017,0.59550336,0.5742393,0.47454113,0.31818542,-0.14535029,-0.48409352,0.19525716,0.15028859,0.35839352,0.057450046,0.068002619,0.15201662,-0.0068872724,0.21701465,0.04865964,0.48942481,-0.029593654,0.016720206,0.34232071,-0.035361277,0.06062947,0.0034677154,-0.018925348,0.0018016336,0.053281184,0.11150375,-0.031354669,0.0031028982,0.1405904,0.023762218,0.041829057,0.10333336,-0.050063294,0.00055974374,0.014232243,0.096193018,-0.016902714,0.012789735,0.060479986,-1.1609489,-0.58274105,-0.55511391,-0.44227075,-0.33184998,0.17500051,0.50564901,-0.20641695,-0.14517448,-0.33172729,-0.050286751,-0.07795002,-0.13267947,-0.014146232,-0.208828,-0.03657805,-0.45948847,0.039290008,-0.013084041,-0.33748878,0.073554732,-0.05013959,0.0012077434,0.050863149,-0.026164871,-0.043982972,-0.079090227,0.026211827,0.0038006326,-0.1117462,-0.018518011,-0.0093071942,-0.05531357,0.021211292,-0.027454167,-0.026450584,-0.019469751,0.0010481437,-0.0013703636,-0.011694035,1.765991,0.1956415,-0.71374945,-0.40752417,-0.10619534,-0.081743621,0.02438699,0.0022057024,0.12520863,-0.076308629,-0.021252365,-0.031040662,0.19916108,-0.77771379,-0.029876397,0.077072895,0.04908522,0.030884704,0.014445482,0.026841648,-0.003837485,0.056716664,-0.093046934,-0.05282204,-0.035060235,0.0015789509,0.025263116,-0.067416808,-0.13793981,-0.19793464,1.0170253,1.0606558,-3.0442106,0.039564598,-0.17925544,-0.61353475,-0.5021028,-0.57212042,0.48601242,0.23351372,0.13087846,0.060115128,0.061503445,0.1469127,3.0199697,0.1790507,2.6051606,0.43212793,0.16912419,0.35792601
2025-09-08 09:30:00,1.0410903,1.0444308,1.0100911,1.0232086,1.0063284,1.0835758,1.0509932,1.0646941,1.0493383,1.0293608,1.0228361,1.0419312,1.0480002,1.0202024,1.1958533,0.59132323,0.55420651,0.44480256,0.31626225,-0.15823902,-0.51815896,0.23647654,0.11590998,0.36331833,0.36867601,0.027164452,0.11926178,-0.0042590528,0.21915032,0.023625965,0.10388782,0.29016647,0.023046707,0.061858354,-0.046355529,0.068575393,0.02118309,-0.028136727,0.012509574,0.042322462,0.15703855,-0.049510458,0.022800124,0.15339021,0.056993089,-0.0096930956,0.064039716,-0.030939939,-0.0071117612,0.034515722,0.080365704,0.024159142,-0.042909839,0.019099956,-1.1562512,-0.56144534,-0.5814732,-0.41849763,-0.3296135,0.18046328,0.50930619,-0.25584376,-0.14986666,-0.38555996,-0.31435694,-0.054686937,-0.14050485,0.018530104,-0.24312591,-0.0087610299,-0.066954318,-0.28344747,-0.03205496,-0.028569097,0.064704096,-0.013057376,-0.0054754515,0.011409051,-0.026199988,-0.051797428,-0.099005379,0.04045348,0.0014390583,-0.12475596,-0.0044506397,-0.045351123,-0.063081453,0.05503502,-0.0047844995,-0.020395892,0.00024324749,0.0018436285,-0.068908915,-0.031187203,1.8084007,0.2203778,-0.7215412,-0.41183618,-0.040198733,0.20016584,-0.029242173,-0.021620068,-0.24928924,0.24322233,-0.60306659,-0.023867289,-0.098581557,-0.12323725,-0.027962134,0.082345412,0.062003709,0.064169119,0.0015654017,-0.0062009219,-0.0106127,0.075973729,-0.14387348,-0.072276638,-0.03504133,0.0021640446,-0.010989208,-0.049056091,-0.1357904,-0.19908481,1.0190957,1.0598071,-3.0444437,0.041408692,-0.17926373,-0.27034169,-0.49831553,-0.56961931,0.48671675,0.23125527,0.13183045,0.33053037,0.063440153,0.14586665,3.020903,0.17961351,2.5985909,0.43266469,0.17155809,0.35744698
2025-09-08 09:35:00,1.0678067,1.0450071,1.0252649,1.0143651,1.0023167,1.0582724,1.04398,1.0570815,1.0357065,1.0319078,1.0387923,1.0381421,1.0526341,1.0222375,1.1763507,0.73726446,0.70182218,0.64161732,0.52872178,-0.12658737,-0.52449603,0.20382446,0.12705588,0.36824428,0.066012492,0.080732109,0.14653998,0.0091724991,0.22465324,0.0090516728,0.061634536,-0.047664284,-0.0072340719,0.085488507,-0.070511556,0.09790018,0.027311914,-0.015393069,0.012793342,0.070996734,0.10275589,-0.032376424,-0.0081127439,0.14043749,0.034981588,0.0139154,0.024816446,-0.0621515,0.043260993,5.1140268e-06,0.0089829781,-0.025471713,0.016238745,0.025514196,-1.1975257,-0.74288193,-0.66233011,-0.61354249,-0.54061984,0.085869985,0.42524025,-0.25192899,-0.13442493,-0.38775971,-0.04680176,-0.082399933,-0.15269499,-0.0014834226,-0.21261856,-0.028732665,-0.086682095,0.04086754,-0.020937492,-0.038006517,0.1135821,0.0037067358,0.046070245,0.021849423,0.015756048,-0.084315815,-0.14645019,0.038637108,-0.017188315,-0.1215997,-0.061580895,-0.047275225,0.010399943,0.094723779,0.0061846662,-0.04867564,-0.017552503,0.014587367,-0.041804285,0.015481799,1.9849332,0.7237166,-0.77197897,-0.64628056,-0.43054137,-0.1204131,-0.015600451,0.014206645,-0.23352321,-0.083892694,-0.053184814,-0.078544691,-0.10929877,-0.15374237,0.0085288913,0.086341928,0.097614503,0.032536015,0.069558443,-0.020618667,-0.0086179544,0.070552492,-0.12441565,-0.084976734,-0.036431963,-0.04500859,-0.080204282,-0.030674156,-0.17580336,-0.23471497,1.0078571,1.0509925,-3.0790339,0.007245059,-0.21150334,-0.65369075,-0.53811666,-0.60562528,0.49227493,0.2334804,0.13109225,0.061826189,0.064237161,0.14871205,3.0326837,0.39700636,2.5768884,0.63095132,0.11598665,0.36464898
2025-09-08 09:40:00,1.0795875,1.0551682,1.0321049,1.0067303,1.024972,1.0723894,1.0441727,1.0518465,1.0530582,1.0430172,1.0433831,1.0406413,1.0328517,1.0324083,1.1930306,0.54824265,0.61452964,0.43554086,0.34659654,-0.15046554,-0.49957295,0.052849959,0.14178553,0.39484056,0.037842224,0.081379497,0.16536801,-0.023215454,0.58936017,0.046635773,0.04645569,-0.013067221,0.011845801,0.040617925,-0.050606249,0.016048831,-0.018732241,0.011391225,0.025886991,0.029228981,0.094516439,-0.022557494,0.0041304942,0.1439821,0.023143623,0.051158874,0.083524874,-0.063432179,0.021086289,0.036981974,0.047826183,-0.01352832,-0.013967115,0.0022817264,-1.1613283,-0.62495746,-0.53410058,-0.44064193,-0.35920875,0.16282357,0.49229996,-0.027683287,-0.17037987,-0.37050869,-0.057078819,-0.089952471,-0.1574787,0.019928594,-0.55707707,-0.044489993,-0.082040107,0.045879966,0.014959044,-0.033590416,0.089538209,-0.067990951,-0.01237473,-0.014486656,-0.030612704,-0.081426871,-0.12381911,0.071300621,-0.032412055,-0.10124641,-0.037028304,-0.010463804,-0.081295484,0.060034019,0.033021136,-0.060998594,-0.033768251,0.018323594,0.0010544102,-0.041867971,1.7984476,0.17643813,-0.68165089,-0.59827412,-0.076913067,-0.12175202,0.55719628,-0.003217198,-0.59919068,-0.045869019,-0.034562434,-0.035844676,-0.11453475,-0.10705264,0.014069478,0.081815549,0.083998848,0.02612989,-0.037450715,-0.042820874,-0.010373456,0.089668878,-0.1018663,-0.05883357,-0.010813612,-0.0459936,-0.060655015,-0.035867876,-0.13858478,-0.19398993,1.0183855,1.0581625,-3.0419915,0.69927102,-0.17793223,-0.61329584,-0.50123789,-0.5687467,0.4874859,0.056306018,0.13122018,0.061790122,0.064141486,0.14548432,3.0185291,0.17962685,2.6018398,0.43332273,0.16847437,0.36105953
2025-09-08 09:45:00,1.0569541,1.0480274,1.0130736,1.0134166,1.026026,1.0464751,1.0515245,1.0657045,1.0562932,1.0409288,1.0347981,1.0544341,1.0387452,1.0548104,1.195755,0.61534798,0.55080803,0.42967883,0.37444609,-0.14506757,-0.50336711,0.22803805,0.11633384,0.36068084,0.094076365,0.059864722,0.11258958,-0.0045139165,0.24670747,0.075287102,0.091026673,-0.030484628,-0.0052783828,0.058671525,-0.063010494,0.069330457,0.0081918356,-0.023647569,0.023808541,-0.009114506,0.1071216,-0.03686022,-0.0045836187,0.19449856,0.030932229,0.026515666,0.053020031,-0.087890236,-0.0089819017,0.04036784,0.036785517,-0.019154086,-0.002801419,-0.010326948,-1.1787903,-0.56374654,-0.53002751,-0.42337067,-0.32216457,0.18786229,0.45159976,-0.24860499,-0.15661841,-0.37045641,-0.058592756,-0.060296485,-0.10039955,0.024090575,-0.22365683,-0.058577438,-0.083451744,-0.011773171,0.043644336,-0.071109124,0.08237436,-0.023625653,0.024989766,0.019317339,-0.04027176,-0.069864074,-0.10996336,0.082293497,-0.014696909,-0.12699038,-0.039277416,0.019136989,-0.068741607,0.084159859,0.00079489577,-0.042284081,-0.044084438,-0.0060767835,0.016373861,0.0011873013,1.7897738,0.18097038,-0.67194982,-0.40748929,-0.074074145,-0.097487895,-0.02604372,0.016888668,-0.23123245,-0.097053584,-0.025174156,-0.04910141,-0.11862638,-0.085339373,-0.0093932865,0.055273913,0.053453927,0.048780241,0.03579736,-0.047759053,-0.013603513,0.045112992,-0.15268124,-0.044834379,-0.027951558,-0.01103701,-0.034630425,-0.062856922,-0.13784072,-0.19463778,1.0179483,1.0603941,-3.042354,0.038059563,-0.17533871,-0.61392543,-0.49880081,-0.57155026,0.48716722,0.23237156,0.13242974,0.059610305,0.06339665,0.1454997,3.018891,0.18180933,2.6024709,0.43325054,0.16725903,0.35974318
2025-09-08 09:50:00,1.0657787,1.0578583,1.0157224,1.0181029,1.0162855,1.0622258,1.0427207,1.0530186,1.0454993,1.0373774,1.0458119,1.0702478,1.0135296,1.021024,1.1931078,0.58431413,0.52462477,0.45636688,0.35315662,-0.13954434,-0.47634994,0.2312095,0.11377935,0.36931115,0.082541221,-0.1537901,0.33896832,0.015957977,0.24957348,0.049071854,0.10786748,-0.03055216,0.28764565,0.010310483,-0.085626594,0.088587844,0.014370658,-0.020268187,0.01418003,0.059417912,0.10467615,-0.031421517,0.016770722,0.18133876,0.034380372,0.060668296,0.099146493,-0.066589537,-0.0094391281,0.054705701,0.046356968,-0.016611093,-0.11736643,0.018659721,-1.1839391,-0.56229307,-0.53131472,-0.45372292,-0.32620901,0.18096035,0.49731349,-0.21202811,-0.12942752,-0.33042272,-0.037537611,0.19818166,-0.34923252,-0.025574013,-0.21370281,-0.055581211,-0.12794051,0.039085996,-0.27704897,0.012834461,0.082705447,-0.055853586,0.0019147966,-0.002137514,0.0027664573,-0.049344657,-0.12097314,0.031393662,0.022616939,-0.11501549,0.0061288701,-0.019814272,-0.04571569,0.049883133,-0.01493358,-0.059750878,-0.01325173,0.007137947,0.1355391,-0.024797514,1.793747,0.18138885,-0.70260706,-0.40084766,-0.075998196,-0.066459631,-0.014169446,0.0047318463,-0.19330272,-0.085108788,-0.040511916,0.38489132,-0.55440579,-0.12238582,-0.045910619,0.068138226,0.080346187,0.040224625,-0.034521592,0.031841642,0.023430377,0.042376799,-0.14521598,-0.054348154,0.018614263,-0.20114813,0.11928366,-0.046453649,-0.13816431,-0.19855782,1.0161534,1.0600437,-3.0430383,0.03922108,-0.17872598,-0.61620014,-2.8703616,-0.36501822,0.48572243,0.23217884,0.13183729,0.061052786,0.14360425,0.3301671,3.0195895,0.18324388,2.6007262,0.43316675,0.16847915,0.35950372
2025-09-08 09:55:00,1.0599708,1.0532323,1.0180569,1.0129774,1.0074697,1.0530571,1.0397432,1.0529748,1.045276,1.0418986,1.0486476,1.0391306,1.0199873,1.0299532,1.2077062,0.75138562,0.71814332,0.66161667,0.53558655,-0.11329506,-0.46850663,0.24895386,0.12910658,0.37068668,0.069233043,0.061612051,0.13367125,-0.015622656,0.21709354,0.035177688,0.084571814,-0.019606136,0.026233928,0.041371762,-0.054359564,0.1441227,0.01337438,0.014743422,-0.011927675,0.040325422,0.13373585,-0.063743321,-0.0041267226,0.12848618,0.01593054,0.039046524,0.065311339,-0.053705942,-0.0072329521,0.038934478,0.053588318,-0.0022725297,-0.0016253633,0.021493136,-1.207538,-0.74172834,-0.69298573,-0.66525617,-0.47184165,0.095710879,0.49642508,-0.21592062,-0.1373366,-0.33110196,-0.065333775,-0.075632915,-0.14100549,-0.00015279805,-0.25866715,-0.040322392,-0.077865383,-0.0011595245,-0.021329718,-0.072743464,0.069986436,-0.023597943,0.041870443,0.042945122,-0.0048889208,-0.049954816,-0.078844119,0.091157463,-0.016087133,-0.084741364,-0.012614297,-0.002911886,-0.070457975,0.040253827,0.017894571,-0.076589373,0.020555103,-0.0024711178,-0.011719851,-0.021571295,1.9599072,0.70378363,-0.81138744,-0.65871795,-0.41455613,-0.096515365,0.0289351,0.02183109,-0.23461117,-0.04230286,-0.034747285,-0.056659026,-0.13773291,-0.097593534,0.041141514,0.072519135,0.10990415,0.10036606,-0.0066141989,-0.021476316,0.017624587,0.081904594,-0.14349331,-0.008919594,-0.011100248,0.031094719,-0.020141913,-0.052725593,-0.1717393,-0.23361491,1.0100235,1.050703,-3.0764101,0.0020089432,-0.21316962,-0.65988671,-0.53878574,-0.61062752,0.49177699,0.23645873,0.13403256,0.063015496,0.063888944,0.15028261,3.0332165,0.38649258,2.5818221,0.62437845,0.11939509,0.36352931
2025-09-08 10:00:00,1.0637564,1.0509436,1.0254148,0.99720026,1.0096106,1.0568813,1.0504246,1.0593454,1.0657098,1.051743,1.0277548,0.99984369,1.0627673,1.038238,1.1804373,0.58826068,0.5728826,0.45357294,0.34535961,-0.1357592,-0.47988263,0.21735024,0.12006999,0.34981188,0.086103286,0.29788406,0.1175945,0.009371443,0.20695281,0.061748392,0.064657421,-0.0016318043,-0.2173312,0.019500401,-0.050222874,0.052500422,-0.00077279217,-0.018922591,0.0094079822,0.017049979,0.11024652,-0.070669476,-0.0021593561,0.16852014,0.040121105,0.10767576,0.044296758,-0.066650466,0.020520552,0.0045701388,0.058305143,-0.036983971,0.052218788,0.0099257341,-1.1429119,-0.61706076,-0.54915407,-0.43667057,-0.3296393,0.14134573,0.49847966,-0.25741561,-0.15362528,-0.36269758,-0.061365882,-0.30450889,-0.1436115,0.01805552,-0.22771611,-0.040882878,-0.10032274,-0.00077236101,0.23510657,-0.026416618,0.052629329,-0.036122092,-0.013425637,-0.0075595455,-0.010240182,-0.046982005,-0.1061392,0.067526665,0.016741477,-0.13259906,-0.02972441,-0.08471116,-0.009277274,0.063667518,-0.027185072,-0.01881751,-0.03614716,0.0039507734,-0.077573898,-0.049023842,1.7981439,0.19647502,-0.69430988,-0.38459677,-0.045445133,0.19068806,-0.031648556,0.0084894177,-0.24888384,-0.085999,-0.056343534,-0.57793145,0.13755365,-0.14908357,-0.011969716,0.081213473,0.057304154,0.010520095,0.037585687,0.058087075,0.0040335213,0.093429052,-0.14828274,-0.059617658,-0.0163257,0.0060887042,-0.052682298,-0.038255649,-0.1371859,-0.1975829,1.0166267,1.0613369,-3.0439517,0.039160968,-0.18063823,-0.62484803,-0.4708773,-0.57503375,0.48582518,0.23530814,0.13276774,0.061766279,0.33132132,0.1495253,3.0156057,0.19346193,2.6098765,0.43511723,0.16056164,0.36429768
2025-09-08 10:05:00,1.054159,1.0400398,1.0167755,1.0177851,1.0165752,1.0706856,1.0455247,1.0436928,1.0605722,1.0583369,1.0491875,1.0316056,1.0534754,1.0295406,1.2013735,0.56897587,0.54185354,0.44990243,0.35579433,-0.14605654,-0.45882407,0.055705097,0.15735262,0.36068122,0.082558259,0.084012899,0.11696652,-0.0077787071,0.61530701,0.045755317,0.072210842,-0.038676019,0.050130598,0.078954549,-0.052747163,0.051921953,-0.030764075,0.0032420683,0.00077374571,0.046676096,0.091891755,-0.062894756,-0.012746657,0.15855504,-0.0059854265,0.057504447,0.076330006,-0.083023018,0.013794722,0.028590374,0.041135351,-0.0041940768,0.00014513191,0.016275678,-1.1352309,-0.57003446,-0.55863414,-0.43060804,-0.33024273,0.13641157,0.49769077,-0.038525453,-0.12108606,-0.33739734,-0.041551907,-0.050758825,-0.14777219,-0.013128717,-0.57007224,-0.070632118,-0.095832345,0.04669005,-0.015976978,-0.062692554,0.041473684,-0.040639921,0.012608565,-0.0016710604,-0.0046267564,-0.068073688,-0.13324845,0.040812171,0.040075009,-0.14367562,-0.053093031,-0.044330995,-0.040032953,0.050157116,0.027501883,-0.048450883,-0.042326366,-0.0071749202,0.0011787024,-0.019595588,1.7959738,0.20861067,-0.70764018,-0.58335427,-0.037108433,-0.096739012,0.52888001,0.0017620232,-0.61123647,-0.073292177,-0.05879427,-0.050876569,-0.10626046,-0.13195209,-0.044887871,0.092208298,0.048331195,0.036344415,-0.033827806,-0.019894036,-0.0037789892,0.075723098,-0.11366692,-0.096944577,-0.037276609,0.011034586,-0.035356453,-0.0091930027,-0.14173527,-0.19621198,1.0182677,1.060584,-3.0433293,0.64542612,-0.1812673,-0.62671462,-0.50399453,-0.5764662,0.48712606,0.058753011,0.13249002,0.061599239,0.064805414,0.14669889,3.0160019,0.1946336,2.6052145,0.43663376,0.16247749,0.36366722
2025-09-08 10:10:00,1.0732104,1.050302,1.0164175,1.0073364,1.0242526,1.0491057,1.0528344,1.0515865,1.0458741,1.0454997,1.0327764,1.0244719,1.0111817,1.0302811,1.2032992,0.56339748,0.53654169,0.45307591,0.3644212,-0.16721002,-0.49234234,0.3159438,0.17891961,0.50877123,0.093090516,0.13160085,0.28668405,-0.041691439,0.30377598,0.10232691,0.14084933,0.024741946,-0.036697418,0.02600409,-0.026394534,0.053314404,0.030413771,-0.0041408441,-0.0013555284,0.038785189,0.14769139,-0.060893317,-0.025174251,0.19805438,0.022836603,0.038215695,0.080354796,-0.058068381,-0.005935296,0.016696743,0.043669146,0.0066802878,0.016253155,-0.0069693237,-1.1581433,-0.56153324,-0.52251943,-0.42031418,-0.31645255,0.1514192,0.45827499,-0.34971088,-0.15193727,-0.50462614,-0.061904196,-0.16593526,-0.26593253,-0.0054999987,-0.31365689,-0.10979638,-0.15690299,-0.053400028,-0.0087195977,-0.0094772302,0.05617522,-0.018742505,-0.007405156,-0.00010515887,-0.040444186,-0.023541573,-0.095441311,0.082908795,-0.008696549,-0.10859679,-0.036734619,-0.0068869112,-0.050784747,0.063661057,-0.0088798836,-0.037792198,0.018003134,0.0015284996,-0.0082549924,-0.016850852,1.8426418,0.19881374,-0.68524493,-0.31747189,0.099311949,-0.086538655,-0.012694067,-0.018134127,-0.26954692,-0.087645347,-0.072302083,-0.1012674,-0.28128188,-0.11350913,0.0093737796,0.10240955,0.051788925,0.039515293,0.029645692,-0.02598618,0.027395751,0.034391945,-0.14534755,-0.083682403,-0.013712549,-0.011056676,-0.019422951,-0.056035492,-0.13861368,-0.23444303,1.0173479,1.0534767,-3.0473314,-0.016151201,-0.18991314,-0.68963368,-0.42258349,-0.4671904,0.48449072,0.30548233,0.17346075,0.062145086,0.11810628,0.25222255,3.0156126,0.19777571,2.6604245,0.43585194,0.15816804,0.52191934
2025-09-08 10:15:00,1.057973,1.0304452,1.0124193,1.0073147,1.0094149,1.0480211,1.0404812,1.0595688,1.0477264,1.0319635,1.0448852,1.0521448,1.0280749,1.0368698,1.4154738,0.66309021,0.59045761,0.52430895,0.41517633,-0.14564563,-0.48435367,0.255457,0.14361368,0.36930996,0.057922571,0.061751311,0.13137945,-0.020117554,0.24316553,0.05800273,0.048378698,-0.042811804,-0.019369881,0.061710157,-0.069751881,0.072459858,-0.010483482,-0.014608576,0.0058797954,0.013904147,0.09524447,-0.054630561,0.018522994,0.17175554,0.016484318,0.038399236,0.052902331,-0.074417742,-0.015127993,0.034805062,0.04492935,-0.014735334,0.0146674,-0.0089207518,-1.3490205,-0.68540259,-0.58283576,-0.49732398,-0.40939911,0.12327995,0.48854352,-0.20867883,-0.15210027,-0.38722253,-0.040938096,-0.040669062,-0.15850877,-0.0090866934,-0.24483647,-0.052363233,-0.089173721,0.027211025,-0.013468914,-0.06633587,0.12393213,-0.0043048777,-0.032041697,0.0012826387,-0.022238511,-0.059264326,-0.093691122,0.078808911,-0.023522136,-0.13851202,-0.0045933015,-0.013555746,-0.032038041,0.097794824,-0.020507479,-0.061486932,-0.035308139,0.0088918216,-0.033329083,-0.033560508,2.0828817,0.18590374,-0.69240321,-0.50325229,-0.24974215,-0.097239658,0.019808119,0.038737327,-0.22383584,-0.099391509,-0.073461408,-0.084914689,-0.12103701,-0.11081389,0.0049708954,0.096905711,0.056744528,0.037679965,-0.0087329682,-0.0066296295,-0.02715281,0.073418685,-0.14220297,-0.065455647,-0.034128172,-0.010732668,-0.03045691,-0.041856191,-0.16027773,-0.21949166,1.0123089,1.0549602,-3.0651308,0.012405898,-0.20534057,-0.65104639,-0.52677199,-0.59878161,0.48311441,0.23880967,0.13607258,0.060944266,0.065860488,0.1510284,3.0159624,0.22955795,2.5941262,0.49940489,0.14003634,0.36594913
2025-09-08 10:20:00,1.0599475,1.0402335,1.0165157,1.0224453,1.0384479,1.0353655,1.036268,1.0531488,1.0444493,1.0494619,1.0607278,1.0601223,1.0339116,1.0388167,0.8288026,0.20114445,0.4582943,0.13191268,0.031330981,-0.33640057,-0.44358632,0.24952223,0.13657914,0.31969572,0.044048866,0.091480391,0.1623551,0.018130887,0.24779416,0.073625787,0.078642452,-0.031671074,0.009985507,0.071092824,-0.092623462,0.053278102,-0.0070879286,0.13961988,0.13401096,0.24397372,0.08682483,-0.075556975,-0.026831277,0.14598817,0.017802716,0.025328955,0.071519745,-0.049530152,0.005084363,0.072831635,0.04022122,-0.013626037,0.018182587,0.010335273,-0.81561248,-0.23513076,-0.48671205,-0.12386764,-0.046751608,0.33563832,0.45657267,-0.25357545,-0.14555848,-0.37621324,-0.044632739,-0.083786353,-0.16342238,-0.045636415,-0.21356765,-0.094593655,-0.073458492,0.0023600079,-0.0050435695,-0.067691486,0.063236185,-0.16333799,0.041706139,-0.14246462,-0.19747259,-0.22218279,-0.043967853,0.031807068,-0.016641233,-0.12653095,-0.045240225,0.0026783328,-0.049970004,0.051456118,0.020064701,-0.028975357,-0.055203091,0.018910494,0.0049100815,-0.021611628,1.0211858,-0.20513789,-0.7441053,0.057259962,0.56357518,-0.072104197,0.008977801,0.038289686,-0.23443364,-0.08913072,-0.051815099,-0.025096892,-0.1060324,-0.13669061,-0.0065124129,0.3104222,0.26015126,-0.33272279,-0.18849038,-0.050567156,-0.013000556,0.068856902,-0.12800052,-0.04373615,-0.018497896,-0.033013135,-0.0016941154,0.0058957624,-0.063550818,-0.12009258,1.0164449,1.0605526,-3.0421874,0.11441038,-0.10314548,-0.5467092,-0.42512905,-0.49879716,0.47925806,0.23285501,0.1333937,0.060184829,0.063960429,0.14772275,2.2659225,0.50190897,2.6642177,0.20497961,0.39196172,0.36271029
2025-09-08 10:25:00,1.078095,1.0232429,1.0193228,1.009924,1.019459,1.0731954,1.0496286,1.0664484,1.0530685,1.0757695,1.0366004,1.0381463,1.0562109,1.0278434,1.2190508,0.57617142,0.53099034,0.4761591,0.36895144,-0.16437828,-0.46228852,0.47008827,0.16997388,0.42547149,0.12282463,0.082591375,0.16954879,-0.029279069,0.098152608,0.020989097,0.032837286,-0.093652912,-0.011873599,0.091089792,-0.039872888,0.066874644,0.050442196,0.010001385,0.017635292,0.089782843,0.092589596,-0.046058485,0.01375189,0.17746562,0.0294223,0.012525326,0.065694553,-0.06062582,0.014392014,0.047560624,0.030071285,-0.0041001945,0.0058362559,0.02942702,-1.2072248,-0.54962754,-0.54872368,-0.4201268,-0.35014563,0.12166735,0.50032572,-0.45456894,-0.20857112,-0.40804139,-0.093421173,-0.049786064,-0.18286136,0.0015295927,-0.13569932,0.0048638259,-0.049755876,0.071643896,0.012136904,-0.090208546,0.090213271,-0.032177483,-0.01074556,-0.012601481,-0.051590588,-0.059440665,-0.11438917,0.024558687,-0.0060347238,-0.15762503,0.01540684,-0.030064141,-0.085922661,0.069413739,-0.0071600901,-0.023406164,-0.070284349,0.0087115046,0.0013734519,0.011193814,1.803382,0.19005317,-0.70844963,-0.13604118,-0.049680971,-0.10423441,-0.37681455,-0.0041938363,-0.21726837,-0.087895012,0.011939137,-0.060130309,-0.084686177,-0.13006084,0.017634086,0.11356496,0.064097913,0.047367417,-0.019486025,-0.052117303,0.0058580187,0.0635753,-0.15695842,-0.011233973,-0.020804766,-0.030233183,-0.041772521,-0.040670725,-0.13695359,-0.20492751,1.0168903,1.061436,-3.0440873,-0.074709528,-0.19891059,-0.30104632,-0.5151152,-0.58506005,0.48779491,0.43843029,0.18851137,0.094482109,0.06499474,0.14936174,3.0169243,0.20894373,2.6425928,0.43499128,0.15458348,0.40005252
2025-09-08 10:30:00,1.0747139,1.0429717,1.0192273,1.0112154,0.98801922,1.0640523,1.0383374,1.0648801,1.0419326,1.0291523,1.035659,1.044065,1.0326018,1.0171637,1.1464935,0.704211,0.6424471,0.62276594,0.47445441,-0.097388424,-0.49628203,0.23545584,0.13763005,0.3508584,0.075873451,0.083355893,0.15424711,0.01321377,0.26260868,0.023164433,0.08394581,-0.025081018,-0.0088616079,0.052613648,-0.057029396,0.087643826,-0.01360414,-0.0088541943,-0.0035215741,0.051794549,0.11098996,-0.032010657,0.01487558,0.17051801,0.039542356,0.022272599,0.079455295,-0.064901063,0.0032943001,0.061101621,0.015283726,0.021364782,0.0075498169,0.015388575,-1.1552646,-0.66904454,-0.63004767,-0.59886557,-0.49071204,0.070930158,0.46781067,-0.21778417,-0.18168099,-0.36239501,-0.067181356,-0.11333792,-0.14883779,-0.017090649,-0.21939771,-0.077230639,-0.046985482,-0.0081990413,0.020511872,-0.035910193,0.058201595,0.023802968,0.031623707,0.017341911,-0.030839728,-0.052969495,-0.10838675,0.020003048,0.020215047,-0.11912703,-0.011094676,-0.0061592051,-0.035923774,0.070101703,0.0016694532,-0.049196447,-0.049119101,0.030950371,-0.035364399,0.030103334,1.9223346,0.53947084,-0.69804452,-0.60909329,-0.32235807,-0.080562684,-0.033178794,-0.00041956711,-0.23959797,-0.055189796,-0.01513995,-0.017930844,-0.10928926,-0.12607262,0.030440511,0.084630668,0.040221015,0.037051799,-0.0071559043,0.0024926308,-0.036662022,0.064499676,-0.12535941,-0.039510402,-0.02699489,-0.0020188488,-0.044422876,-0.041982546,-0.16715697,-0.22157034,1.010626,1.0541954,-3.0701193,0.01293333,-0.20280016,-0.6515249,-0.53189702,-0.60212442,0.49016126,0.23648294,0.13267323,0.061098122,0.062792682,0.15146187,3.0307926,0.40450543,2.5881556,0.57365869,0.098449119,0.36498817
2025-09-08 10:35:00,1.0565007,1.0305181,1.0164436,1.0308718,1.0249509,1.062225,1.0459899,1.0707777,1.0551264,1.0451376,1.0449495,1.0178,1.0607927,1.0296818,1.1744742,0.54658583,0.54212774,0.42917065,0.32542155,-0.15078679,-0.45211769,0.23277385,0.14193728,0.35579413,0.074096375,0.32098467,0.16769025,0.014368297,0.23283165,0.05446991,0.065275246,-0.004263471,-0.19958705,0.033267721,-0.02867291,0.029224811,0.01402695,-0.0021194974,0.0012989491,0.028200079,0.11963981,-0.034129527,0.0066795881,0.16227387,0.021684618,0.072233818,0.057059826,-0.059714755,0.052050106,0.03111614,0.042837479,-0.031577145,0.058187147,0.023676533,-1.17349,-0.54791721,-0.55328733,-0.45654618,-0.35574846,0.14750769,0.47666906,-0.24192293,-0.11485443,-0.37101254,-0.074529781,-0.35523329,-0.16943565,-0.0085847039,-0.21734101,-0.035991876,-0.067673225,0.040556241,0.23979958,-0.052404938,0.11356016,-0.04589311,0.0043819971,0.017446362,-0.053146163,-0.030504943,-0.084793299,0.021725503,0.025448016,-0.10523322,-0.027684669,-0.0478307,-0.060447066,0.068044592,-0.010626927,-0.017213007,-0.0037678612,0.027913506,-0.032821499,-0.019901556,1.791671,0.15536413,-0.67255839,-0.40643208,-0.068575923,0.17146753,-0.025458645,0.0083104851,-0.26458142,-0.083903743,0.013656617,-0.57278833,0.15627401,-0.11480105,0.03877319,0.069803367,0.048829442,0.010670362,0.0027633139,0.059378549,0.0024468657,0.047998964,-0.16284979,-0.07340153,-0.020122589,-0.023528035,-0.0796477,-0.062516796,-0.14005132,-0.20064792,1.0171018,1.0593634,-3.0474548,0.032157854,-0.18808897,-0.63828498,-0.46983131,-0.58309829,0.48282293,0.23887267,0.13494103,0.060679382,0.32963773,0.15133547,3.0162462,0.21646658,2.6102162,0.43866482,0.15329175,0.36751784
2025-09-08 10:40:00,1.0685884,1.0404732,1.0173908,1.0261081,1.0148844,1.0458772,1.053365,1.0567684,1.0429223,1.0382326,1.0420479,1.0577645,1.0514819,1.0557569,1.1988983,0.6066198,0.53836499,0.49414839,0.34695579,-0.15696733,-0.49050989,0.026442372,0.12001527,0.35674065,0.045501565,0.035327356,0.1226448,-0.028237216,0.59088152,0.049031105,0.10075881,-0.043830188,-0.020510181,0.036634678,-0.044625416,0.024444896,0.012860735,0.00057127516,-0.049139205,0.053231954,0.15231566,-0.041542664,-0.01106784,0.13641134,-0.013765551,0.04606367,0.03974433,-0.047352348,0.025899088,0.033344543,0.0096397273,-0.065318039,-0.0039708538,0.016546577,-1.2052583,-0.56254392,-0.54210949,-0.40274431,-0.32043398,0.16344004,0.44907846,-0.040182691,-0.15924999,-0.35390932,-0.074218914,-0.045078759,-0.15538259,0.031427635,-0.62437425,-0.043280144,-0.074867345,-0.01254791,-0.02558006,-0.064857311,0.05808064,-0.04034827,0.022061807,-0.013237277,-0.030749038,-0.051728082,-0.090965938,0.054015406,0.011688078,-0.11712355,-0.027521954,-0.060228759,-0.061822552,0.071599414,-0.013107685,-0.026571442,-0.021248998,0.029435935,-0.012560666,-0.01488277,1.8412578,0.16990639,-0.67123823,-0.60551567,-0.050340549,-0.10554032,0.57216613,-0.02112114,-0.62477343,-0.069425368,-0.008436536,-0.066484471,-0.11705126,-0.11036699,0.050887117,0.07483503,0.049476945,0.035076642,-0.034756011,-0.044385158,0.012523169,0.048633926,-0.10048392,-0.073549257,-0.014980274,-0.016494178,-0.064517212,-0.059993994,-0.14057784,-0.19824209,1.0195486,1.0598155,-3.0437561,0.59861971,-0.18482906,-0.63123829,-0.50495622,-0.57904382,0.48636136,0.063799582,0.13354639,0.062794544,0.065409377,0.15134767,3.0165832,0.20435529,2.610379,0.43651473,0.15791518,0.36397398
2025-09-08 10:45:00,1.0697294,1.0410748,1.0200445,1.021126,1.0245102,1.077594,1.0606239,1.0620181,1.0259521,1.0584703,1.0430304,1.0429585,1.0405143,0.97391653,1.1922678,0.60558052,0.55144671,0.43877936,0.34075144,-0.18978491,-0.51451454,0.21244856,0.14139244,0.34724398,0.036679757,0.092311329,0.15498208,-0.033381743,0.24119362,0.030388368,0.48575264,-0.03829172,-0.022994559,0.35568137,-0.042750009,0.042920001,0.0021664654,-0.00037451145,0.037952003,0.048939479,0.089307521,-0.0073967578,0.013218691,0.15410232,0.032195266,0.011469814,0.072476337,-0.11169435,0.012849715,0.021525569,0.088330763,-0.022129798,0.0029207806,0.062193066,-1.1421138,-0.56351482,-0.55107004,-0.44176535,-0.36249016,0.16145119,0.46482471,-0.21921966,-0.12909374,-0.3873666,-0.071723676,-0.04998078,-0.15379312,0.011255565,-0.21162217,-0.083650619,-0.44515238,0.031532994,0.025925546,-0.30151277,0.073414413,-0.024578173,0.009393432,-0.029456193,-0.049911844,-0.054445204,-0.087404912,0.038328448,-0.0097412867,-0.15041681,-0.0054702496,-0.0095004234,-0.05052457,0.0062174958,-0.0089007702,-0.063381593,-0.059993649,-0.021689943,-0.025636958,0.013969736,1.7786523,0.19525407,-0.67729906,-0.37389882,-0.061394909,-0.10535626,0.044346678,-0.0031474498,0.12202382,-0.089249556,0.003984843,-0.054503341,0.16702979,-0.75128075,0.034536746,0.075637277,0.0082077363,0.0047729685,0.042585077,-0.006947117,0.050137918,0.036544145,-0.069602396,-0.051781727,-0.029515535,0.0022610414,-0.050967252,-0.061938111,-0.13710425,-0.20132651,1.0183493,1.0581154,-3.0449741,0.031783444,-0.18368619,-0.63416037,-0.50524422,-0.58061907,0.48543737,0.23821163,0.13613596,0.06183301,0.062996828,0.15155669,3.0155716,0.21318653,2.612475,0.43512271,0.15195381,0.36596609
2025-09-08 10:50:00,1.0645498,1.0322732,1.0134781,1.0279377,1.0264041,1.0740515,1.0623168,1.0653211,1.0603641,1.0330949,1.0408381,1.0309876,1.0126415,1.0039463,1.2016278,0.61329774,0.55917055,0.45265371,0.37517528,-0.18847796,-0.48410414,0.2236783,0.12528709,0.33320005,0.067662258,0.16893947,0.4026011,0.001358733,0.22674297,0.089025705,0.15870697,-0.013188334,0.055756765,0.0073594318,-0.076645384,0.050813302,-0.0062635449,0.0085910588,-0.0011245063,0.068287012,0.13626657,-0.043727097,-0.0049848318,0.14534378,0.024344689,0.050008893,0.076617562,-0.066541351,0.0030424399,0.036125099,0.03601894,-0.012157563,0.00099004084,-0.014666474,-1.1649144,-0.58721643,-0.59653093,-0.4501787,-0.35068392,0.11687574,0.46315455,-0.21743598,-0.09194968,-0.34619655,-0.050838123,-0.109809,-0.4177738,-0.0057420034,-0.2519004,-0.040782818,-0.12524802,0.018001766,-0.074692301,0.0071878025,0.050009819,-0.025322533,0.013391454,0.0081082768,-0.028005629,-0.071501335,-0.10650747,0.054896408,-0.027942903,-0.12593118,-0.041474134,-0.001467391,-0.052241178,0.057593254,-0.019197556,-0.079067835,-0.031013235,-0.010676698,-0.022027943,0.0064382533,1.7972709,0.1734601,-0.70587323,-0.38369389,-0.061993143,0.16860383,0.016102989,0.029803666,-0.19461025,-0.074228696,-0.02871986,-0.010019182,-0.45071785,-0.098320136,0.022936712,0.085651844,0.042483802,0.054573912,-0.025321304,-0.025430157,-0.019634762,0.04467621,-0.1568344,-0.0375901,0.010576567,-0.02937923,-0.068908399,-0.045607795,-0.13915773,-0.199891,1.0176215,1.0609277,-3.0437074,0.030584411,-0.18236778,-0.6272785,-0.30872137,-0.38388615,0.48470367,0.23491765,0.13358481,0.062462379,0.12301413,0.3760134,3.0165677,0.20074738,2.6092718,0.43600988,0.15943763,0.36518375
2025-09-08 10:55:00,1.0485081,1.0569669,1.0300906,1.0102954,1.009693,1.0592654,1.0426104,1.0539289,1.0498602,1.0311798,1.0570342,1.0483345,1.0420878,1.0287806,1.2118904,0.58325783,0.52294964,0.49341352,0.35456549,-0.15201963,-0.46717027,0.49353065,0.16503713,0.41422915,0.10635124,0.066628374,0.18526179,-0.010138331,0.1027841,0.030907271,0.060905339,-0.10423942,0.00031574244,0.092755186,-0.0688548,0.029427781,0.0094944887,0.03954034,0.017096715,0.060063659,0.13168282,-0.039259569,-0.015576194,0.1978406,-0.074734612,0.005579724,0.032815869,-0.065601967,-0.014137665,0.027306661,0.063413877,0.023549484,-0.018653967,0.0030966026,-1.1726678,-0.56635107,-0.53864288,-0.42827895,-0.31922333,0.1516964,0.44726789,-0.44718882,-0.17006309,-0.41831149,-0.069443005,-0.054406557,-0.14744323,0.015677696,-0.10707641,0.026101511,-0.048035629,0.088181158,-0.021536354,-0.082344009,0.062115495,-0.031331916,0.0047960168,-0.021977638,-0.049213933,-0.019321022,-0.11178256,0.049451934,0.026421999,-0.085915598,-0.043157184,-0.025264431,-0.07653611,0.067908212,0.0076448361,-0.020752127,-0.061973963,0.010197205,0.025432784,0.0184616,1.8098026,0.15952809,-0.70744044,-0.14057551,-0.027909641,-0.08495712,-0.33347244,-0.015761304,-0.26398687,-0.074073325,-0.034824646,-0.08005427,-0.075546105,-0.14731627,-0.0067622871,0.083995725,0.072363216,0.047233536,-0.011214817,-0.026931488,-0.0066558009,0.081130657,-0.14811802,-0.011311673,0.021788578,-0.011847421,-0.088306482,-0.012068378,-0.13826352,-0.20729774,1.0175899,1.0578134,-3.0453353,-0.075483121,-0.20122921,-0.30172427,-0.51227606,-0.58177061,0.48526906,0.43691247,0.19073342,0.091666129,0.065959835,0.15201054,3.0151158,0.206512,2.6396079,0.43855973,0.15509947,0.40004153
2025-09-08 11:00:00,1.0691691,1.0469045,1.0054763,1.0247091,1.0138845,1.050492,1.0532574,1.0669567,1.0677014,1.0453954,1.0593344,1.0472123,1.040447,0.99278042,1.1864323,0.60141492,0.53447772,0.43216093,0.35880942,-0.15674318,-0.50227833,0.28157838,0.14848821,0.379079,0.056649265,0.049590733,0.17787455,-0.010472547,0.23625299,0.053416717,0.30815701,-0.019436364,0.01420987,0.2808484,-0.049523699,0.043419721,0.066340816,0.019914624,0.03521264,0.028910426,0.10702871,-0.028526486,-0.00063150841,0.17649726,0.016975368,-0.0031131668,0.044101434,-0.024588521,-0.0024802835,0.03144472,0.06137034,-0.005867182,0.019920078,0.034023403,-1.1913912,-0.56287172,-0.57676443,-0.42958221,-0.35127123,0.12719822,0.49170974,-0.24387913,-0.13256577,-0.37795335,-0.075065317,-0.061007431,-0.15411184,-0.016252848,-0.2214479,-0.030488217,-0.36684928,0.018701848,-0.027474896,-0.25291846,0.11287583,-0.055324602,-0.00069622805,0.013823489,-0.033719461,-0.073387988,-0.09420802,0.078543084,-0.00723358,-0.11664182,-0.035893526,-0.039072847,-0.066714306,0.057124808,0.018820084,-0.014516866,-0.035950345,-0.01700785,-0.0093123051,-0.012582393,1.8373758,0.17595423,-0.66664674,-0.43561671,-0.045401379,-0.076258318,0.012962106,0.033916748,0.018790049,-0.090698113,-0.028441175,-0.045137015,0.068177803,-0.57009398,-0.015018809,0.08129754,0.073889963,0.028757879,-0.057149256,-0.021612189,0.022348293,0.057322021,-0.11880774,-0.084064478,-0.013953003,-0.011843324,-0.0090877292,-0.06161062,-0.13991013,-0.19963976,1.0187325,1.0632297,-3.0438366,0.035299482,-0.18303339,-0.63375205,-0.50419316,-0.57979801,0.48570207,0.23772407,0.13494917,0.062641282,0.064901143,0.1493527,3.0166721,0.21122288,2.6125373,0.43687265,0.15368297,0.36816096
2025-09-08 11:05:00,1.0494628,1.0474295,1.0195647,1.0248309,1.0162372,1.0566289,1.0699369,1.0502537,1.0568872,1.0234984,1.0558552,1.0509357,1.0470354,0.99155468,1.1931053,0.60523263,0.55689262,0.47785599,0.34625867,-0.10617315,-0.46135225,0.23792144,0.12784805,0.36181766,0.033945659,0.075917368,0.14807247,-0.0070017928,0.2189078,0.020501083,0.36987705,-0.023139058,0.010586026,0.24778842,-0.043863531,0.084465143,0.042247072,-0.013989186,0.012331728,0.032120575,0.10979887,-0.056563982,0.013032778,0.15901651,0.012188056,0.03768035,0.032329943,-0.054365007,-0.0068134461,0.061486399,0.03262522,-0.010144275,0.019117901,0.059171095,-1.180583,-0.58739825,-0.51151155,-0.42226479,-0.32300603,0.18015872,0.5016498,-0.22486785,-0.15500775,-0.37350352,-0.10444995,-0.069011976,-0.11910711,-0.010109291,-0.21170885,-0.023586784,-0.32602164,0.031242907,-0.04780355,-0.24995207,0.076256776,-0.032605159,-0.029089666,0.047828303,-0.0094712939,-0.024808782,-0.11387801,0.10015256,0.032363497,-0.14724209,-0.048117834,-0.021389376,-0.077371888,0.077600967,-0.0080205508,-0.045722477,-0.017532059,0.020563121,0.0020789512,-0.060049616,1.8105034,0.20018563,-0.68999148,-0.37934515,-0.082779302,-0.15282032,0.0032127488,-6.180353e-05,0.049389888,-0.078993724,-0.055295871,-0.052668474,0.038813875,-0.58208201,-0.041160707,0.11232855,0.053823035,0.044349956,-0.011071482,-0.050747821,0.0059246589,0.084528393,-0.10567893,-0.069383491,0.0025699774,-0.059824708,-0.024314154,-0.060817733,-0.13881195,-0.19831513,1.0186465,1.0611965,-3.0438475,0.031338262,-0.1852284,-0.63585228,-0.50658831,-0.57867,0.48565842,0.23508572,0.13568491,0.062823009,0.063637701,0.14912758,3.0156216,0.20799687,2.6109435,0.43702531,0.1526452,0.36590505
2025-09-08 11:10:00,1.0676755,1.0460001,1.0102699,1.034054,1.0239028,1.0588248,1.0388192,1.0610426,1.0441677,1.0615789,1.0524808,1.0437815,1.0428033,1.0172952,1.1908691,0.61808695,0.5424002,0.47545551,0.3228484,-0.16375784,-0.5036792,0.22474977,0.15549864,0.34493274,0.033601145,0.070956704,0.10223666,-0.020434327,0.24685254,0.026451173,0.094916841,-0.014171604,0.008682083,0.050545314,-0.0028691296,0.032683196,-0.0066007594,0.0010580854,0.012340772,0.046131426,0.14593261,-0.026163065,0.0084887769,0.16092955,0.0030045219,0.0060039024,0.059843666,-0.063940486,0.0058643435,0.03307554,0.050505225,-0.024475221,-0.0024556296,-0.022348656,-1.1467441,-0.56099008,-0.53894535,-0.44927079,-0.37394768,0.17687072,0.47790354,-0.26614088,-0.13437815,-0.41480762,-0.028670677,-0.090933616,-0.13508034,-0.011841082,-0.24249043,-0.075473735,-0.06670475,0.038788671,-0.030474001,-0.060573726,0.08353107,-0.045218352,-0.024476825,0.01154432,-0.02309571,-0.077446693,-0.12041064,0.048446067,0.0097482085,-0.12493772,-0.031046955,0.015169209,-0.053386184,0.079903482,0.039474423,-0.033868067,-0.072871484,0.042541876,-0.039700256,-0.03793511,1.7895469,0.17185549,-0.69747453,-0.40621918,-0.03842365,-0.096252538,-0.021600334,-0.0029330182,-0.23840605,-0.084855924,-0.025532681,-0.060325969,-0.11144716,-0.13448002,0.017060039,0.068038531,0.04700611,0.034720929,-0.0084889436,0.0086199855,0.019855658,0.063493461,-0.13617579,-0.04273044,-0.027099408,-0.026611231,-0.063012097,-0.016251613,-0.14111068,-0.19620278,1.0177701,1.0598744,-3.0441677,0.037474657,-0.18449935,-0.62812508,-0.50583241,-0.57517286,0.48473774,0.23475119,0.13311149,0.061223725,0.064570844,0.14898805,3.0135682,0.20185914,2.6089205,0.43554678,0.15763177,0.36480989
2025-09-08 11:15:00,1.0594689,1.0435576,1.0085396,1.0268684,1.0328978,1.0473481,1.0407642,1.0603992,1.034785,1.0483801,1.0452022,1.0333662,1.0534731,1.0519776,1.2023044,0.60052811,0.55858555,0.44573652,0.29236541,-0.13490687,-0.48935894,0.075760834,0.10299163,0.40641535,0.03953267,0.049779449,0.14457864,0.017467442,0.61306875,0.084239749,0.085555771,-0.048056507,0.016244521,0.061076758,-0.077942906,0.076420064,-0.0097821722,-0.048364278,0.0052891199,0.049060896,0.12981263,-0.031215619,-0.006709456,0.15220324,0.015925362,0.059628405,0.045878289,-0.065672296,-0.0085858588,0.023285212,0.017838088,-0.021816745,-0.018378356,0.039584111,-1.1635759,-0.56849948,-0.5039112,-0.42492262,-0.35130725,0.16241992,0.48147038,-0.044740602,-0.12789057,-0.3582341,-0.068371017,-0.094691965,-0.16563598,-0.037396458,-0.59562149,-0.020148413,-0.097055262,0.05571933,-0.031064838,-0.04626894,0.082572367,0.00030051951,-0.033176949,0.0074617285,-0.055532741,-0.065599199,-0.12026881,0.014225154,0.013414338,-0.14330256,-0.030982276,-0.0081435282,-0.024618634,0.089815461,0.036198551,-0.027699122,-0.014306896,0.0072912796,0.0058093973,0.014203747,1.7833449,0.18501488,-0.6640615,-0.58905294,-0.055682342,-0.095313397,0.55036127,-0.04450419,-0.6292085,-0.075610891,-0.027082293,-0.022293447,-0.13260434,-0.10536002,0.015434603,0.09740508,0.062401815,0.049128565,-0.0035709972,-0.033218416,-0.00024938333,0.052260212,-0.11639283,-0.051948346,-0.013197271,-0.030044417,-0.061665478,-0.046130741,-0.14195125,-0.19822964,1.0184077,1.0615063,-3.0456752,0.62269178,-0.18401682,-0.63064132,-0.50653132,-0.57468088,0.48664836,0.063236964,0.13278266,0.061341793,0.063996984,0.1490641,3.0135771,0.20094009,2.605909,0.43522277,0.15674188,0.36443592
2025-09-08 11:20:00,1.0759724,1.0513288,1.0365119,1.0271526,1.0081875,1.0458193,1.0626785,1.061061,1.0463891,1.0430035,1.0488374,1.0837265,1.0550255,0.97578177,1.2135318,0.59889501,0.56590503,0.46194275,0.33483783,-0.14063568,-0.49369408,0.21497882,0.10479243,0.3682637,0.064358987,0.073894827,0.1387258,0.02177611,0.23718682,0.055953644,0.4474979,-0.029775095,0.031591974,0.35076373,-0.058546297,0.012709531,0.019214184,-0.011054926,0.041062691,-0.018889534,0.10377995,-0.064586532,-0.041669367,0.2155955,0.033177797,0.052571173,0.056070976,-0.053180091,0.026850348,0.019773931,0.077001641,-0.037363546,0.029267396,0.050885033,-1.1683504,-0.61017444,-0.54595222,-0.44801524,-0.34373286,0.11785327,0.51419057,-0.2249549,-0.13456652,-0.36123271,-0.093032588,-0.03764237,-0.12506322,-0.0058808282,-0.25445863,-0.033813055,-0.42601174,0.025791063,-0.016774294,-0.32739824,0.036806423,-0.063874814,-0.0054729331,-0.0122643,-0.040998838,-0.060256493,-0.10717372,0.040981301,0.024552299,-0.11427605,-0.046305804,-0.018000936,-0.03548225,0.02862293,0.013686245,-0.062663643,-0.0085701056,0.024097258,0.018682266,-0.016312473,1.8086562,0.19440599,-0.69759271,-0.41134352,-0.061354084,-0.095961408,-0.022126841,-0.0039791727,0.10993881,-0.063158011,-0.04666178,-0.067857094,0.18314932,-0.75440462,-0.029244674,0.087860138,0.062159407,0.074012957,-0.040158454,-0.0066382089,-0.00050803646,0.03264152,-0.07615624,-0.061237105,-0.018974006,-0.015879535,0.027671259,-0.061504524,-0.13945029,-0.19908851,1.0172802,1.0599946,-3.0464348,0.035312635,-0.18578711,-0.63737484,-0.50844559,-0.58005632,0.48627462,0.23765938,0.13524589,0.06214028,0.062429843,0.15143984,3.0166487,0.21061132,2.6100642,0.43813332,0.1526466,0.36800478
2025-09-08 11:25:00,1.0524236,1.0466153,1.002928,1.0068792,1.0030239,1.0422064,1.0609014,1.0633389,1.0453836,1.0369406,1.050513,1.0462475,1.0383001,1.0213147,1.1795136,0.70936503,0.67738158,0.63365722,0.50494623,-0.070288722,-0.44202152,0.2359801,0.14358926,0.34178566,0.070344878,0.061759999,0.13702007,-0.0015909704,0.22054817,0.025940049,0.078777721,-0.047449872,-0.0073308272,0.05854731,-0.030011701,0.099001583,0.03521694,-0.0061304487,0.031174493,-0.020799326,0.11574361,-0.023580114,0.013537851,0.17127285,0.044970752,0.035276077,0.042183638,-0.093210552,-0.0046592933,0.046917254,0.0116874,0.012059794,-0.025553507,0.0087058614,-1.1846652,-0.71733091,-0.63067587,-0.57877152,-0.5121972,0.0646473,0.46906733,-0.25163859,-0.14974516,-0.37299137,-0.085660225,-0.072953006,-0.1569602,0.00082220784,-0.24415769,-0.059944967,-0.087021509,0.032712298,-0.017146923,-0.062302221,0.10835116,-0.0124473,-0.0016014452,0.052914808,0.011322926,-0.052086239,-0.093342235,0.035312111,0.01467796,-0.1264296,-0.03640599,-0.025805421,-0.039360772,0.072567231,-0.018244373,-0.0053302585,-0.035933835,0.01117821,-0.0069389984,-0.011988076,1.9205856,0.5702004,-0.66535112,-0.61766966,-0.33339278,-0.12101734,0.017547058,0.01797076,-0.20295753,-0.081251102,-0.025189481,-0.057955595,-0.10954833,-0.2072715,0.025323904,0.093338499,0.074164592,0.060151296,0.0026564238,-0.0091228533,0.041868414,0.078642957,-0.1346265,-0.085410254,-0.041663468,0.023049993,-0.041339669,-0.041311603,-0.16674161,-0.22747586,1.0106763,1.0537534,-3.0706201,0.0016228999,-0.21127428,-0.67717044,-0.53375942,-0.60763241,0.48467045,0.24146284,0.13601582,0.063589144,0.065952799,0.15501616,3.0304776,0.49963049,2.5941104,0.58404588,0.084951581,0.36989215
2025-09-08 11:30:00,1.0470994,1.0480859,1.004675,1.0063234,1.0138821,1.0483671,1.0593542,1.0553054,1.0569625,1.0322293,1.030973,1.0498861,1.0566134,1.0453587,1.2216851,0.62369658,0.5382105,0.44379684,0.33525512,-0.11009441,-0.42375069,0.21605512,0.1322612,0.36172296,0.062616934,0.042941386,0.13934594,-0.3899038,0.22943784,0.02106153,0.084709445,-0.015830579,0.040193982,0.040210353,-0.090584308,0.062051351,0.018791902,0.021790284,-0.005714505,0.061192617,0.1300527,-0.042943011,0.030424544,0.15725152,0.044076881,0.019035601,0.076600343,-0.057628913,0.0045873124,0.027250484,0.014574112,-0.01042244,0.0051401352,0.019583513,-1.1715934,-0.55165201,-0.53036835,-0.44415393,-0.29050861,0.16934586,0.48852178,-0.2486597,-0.11559991,-0.3503989,-0.080423506,-0.027290651,-0.15054633,0.38198979,-0.23204608,-0.061468083,-0.073141378,0.073097669,-0.0050466217,-0.069559325,0.053384511,-0.051116189,-0.03028335,-0.014778515,-0.06143073,-0.038089109,-0.14095318,0.069371857,-0.0081906065,-0.12989453,-0.023683952,-0.011895112,-0.03729638,0.098581309,0.032165662,-0.0084559076,-0.00190832,0.016886153,-0.0019093941,-0.021291125,1.8196476,0.15684002,-0.69156499,-0.38934676,-0.054418442,-0.089962004,-0.39424769,0.40322641,-0.24602416,-0.10204524,-0.08258909,-0.042318911,-0.17753629,-0.14689388,-0.025901892,0.05997073,0.022518135,0.040585236,-0.01636437,-0.033327624,0.0094553033,0.066942863,-0.1462792,-0.053715005,-0.053196755,-0.00047714749,-0.048673117,-0.032456444,-0.13927216,-0.19905431,1.0189925,1.0612141,-3.0448888,0.032439672,-0.18768228,-0.63820667,-0.50883859,-0.57908205,0.48549821,0.23597645,0.13472795,0.061317079,0.065394316,0.15152139,3.0136412,0.21267282,2.6094182,0.4384673,0.15208061,0.36847746
2025-09-08 11:35:00,1.0685263,1.033427,1.0055682,0.9857582,1.0255804,1.048355,1.0501209,1.05413,1.0543648,1.0483466,1.0702396,1.0488979,1.0428171,1.020444,1.1911055,0.59636839,0.54367191,0.44486215,0.36742774,-0.15789713,-0.49703982,0.23752236,0.15093139,0.2610445,-0.09644838,0.062763379,0.16671094,0.017423621,0.23627074,0.091636927,0.022269161,-0.2882822,0.0038647049,0.093697591,-0.037452979,0.063233094,0.0043136349,-0.015737071,0.0030293324,0.05980663,0.13206371,-0.01892018,0.017301081,0.14473362,0.008543233,0.013783191,0.070047923,-0.074598078,0.044450688,0.078651547,0.054742529,0.02564233,0.0076180811,0.034332998,-1.1500813,-0.57795245,-0.53689142,-0.4763658,-0.33794835,0.13919678,0.49258439,-0.16953234,-0.14102179,-0.24861138,0.035765923,-0.047262316,-0.13410329,-0.021456771,-0.19573455,-0.10386335,-0.03839934,0.29511282,-0.027757454,-0.072976101,0.08539546,-0.027940456,0.0077958191,0.019179556,-0.050843424,-0.064997813,-0.084328155,0.04360128,0.034274307,-0.10986443,-0.042591991,-0.012015061,-0.055030837,0.080492074,-0.02383163,-0.077224703,-0.015567865,0.0025627707,0.0083844133,-0.0088416501,1.7875372,0.18055341,-0.70080583,-0.424768,-0.20339792,-0.1119593,0.015928082,0.015677487,-0.2892838,-0.3822541,0.33391097,-0.0338682,-0.097011766,-0.10430701,0.023405581,0.10975911,0.070195236,0.051505735,-0.0023377614,-0.024741227,-0.016320468,0.065452554,-0.14520321,-0.056151013,0.0050974537,-0.0049703635,-0.069229095,-0.055425403,-0.14121173,-0.17436244,1.0182054,1.0603945,-3.0465392,-0.042248743,-0.26407026,-2.8653244,-0.47547298,-0.54551542,0.48377214,0.23308653,0.13511902,0.06043236,0.065229351,0.1534784,3.0149908,0.2007927,2.4844624,0.43588066,0.15611284,0.27208809
2025-09-08 11:40:00,1.0613422,1.0264692,1.0200418,1.026933,1.0389727,1.0510609,1.0362248,1.0755079,1.044182,1.0320089,1.0397836,1.0412121,1.0335104,1.0243239,1.2062881,0.6045506,0.5471278,0.44104595,0.34656537,-0.12657885,-0.47074032,0.63565617,0.32976966,0.59315836,0.29506716,0.092232996,0.13659087,0.019254287,0.62355223,0.061841749,-0.01820858,-0.084092873,-0.015643532,0.10048211,-0.057873533,0.048905889,-0.020689765,-0.0095948471,-0.00074125127,0.021355013,0.12456323,0.007884517,0.050768997,0.17488002,-0.047016921,0.030444048,0.079970334,-0.091053972,0.069723858,0.026841939,0.087818582,0.060075254,0.01645199,-0.020407465,-1.1533765,-0.60070382,-0.53894327,-0.41795033,-0.3208786,0.10207856,0.46505336,-0.65464232,-0.34949346,-0.58414709,-0.24801021,-0.04011002,-0.1711492,0.030385333,-0.61727689,-0.023827947,-0.0091534801,0.10578351,-0.00282731,-0.12700295,0.070574785,-0.032291728,0.02560908,0.046864659,-0.01975952,-0.062262204,-0.10492114,0.069572479,0.017816023,-0.12669029,0.050140718,-0.0063244137,-0.077245154,0.038255178,0.020392609,-0.051614411,-0.081866273,-0.062536068,-0.018913677,0.04597913,1.7902698,0.17057212,-0.72113223,0.17978555,0.17716359,-0.068625911,0.024838648,0.0011272468,-0.9027389,-0.10860371,-0.1886502,-0.032979896,-0.0084437951,-0.1081615,-0.022277003,0.039784991,0.052849792,0.12074937,0.039913456,-0.049960014,0.069203769,0.062299038,-0.062393162,0.018925082,-0.041049504,0.017143542,-0.067677087,-0.05097463,-0.13948598,-0.24632555,1.0159183,1.0602066,-3.045219,-0.12374471,-0.23122167,-0.14066526,-0.54239406,-0.6099173,0.48682388,0.59544199,0.34536475,0.25687042,0.064295999,0.15368702,3.0174587,0.19494018,2.7188653,0.43594455,0.16097388,0.55983053
2025-09-08 11:45:00,1.0629279,1.0534587,1.0241695,1.0055352,1.026773,1.054146,1.0450234,1.0614932,1.0379157,1.0413592,1.0640685,1.0611213,1.0339963,1.0207427,1.2032367,0.57090815,0.58210643,0.45542273,0.36538944,-0.14735133,-0.48334451,0.23036909,0.11834151,0.365739,0.087374404,-0.093825749,0.33909721,-0.0088198176,0.27858991,0.047865084,0.12663417,-0.049245027,0.27259644,0.010261059,-0.081459446,0.028144999,-0.0057445226,-0.016871145,0.0088582665,0.022059793,0.12316707,-0.039858153,0.032845391,0.17711724,0.017708784,0.051023803,0.049624582,-0.078611153,0.0331751,0.052076424,0.03042725,-0.0058932235,-0.13940154,-0.0040509073,-1.1438452,-0.59681069,-0.52575984,-0.4560587,-0.32869455,0.16985988,0.5123093,-0.20717667,-0.1312555,-0.36176791,-0.089738746,0.14539148,-0.33122891,0.00031171783,-0.2196822,-0.046056186,-0.13877005,0.011419992,-0.26665335,0.016157839,0.10994908,-0.038527632,0.0036594874,0.0075237489,-0.017922464,-0.042721062,-0.10854051,0.053047595,0.032251206,-0.11532948,-0.03109442,-0.03696612,-0.045833204,0.061707149,-0.0019733414,-0.021359369,-0.041068889,0.021293195,0.11831109,0.00068804836,1.7894171,0.17006036,-0.6911416,-0.41150975,-0.044078599,-0.10126858,-0.015853405,-0.00066336262,-0.22877457,-0.04400555,-0.039629068,0.41110974,-0.61994922,-0.089114761,-0.0249489,0.1074955,0.056551793,0.059889288,-0.006985004,0.033992683,-0.0087832804,0.066162816,-0.15754659,0.0038475993,-0.02820536,-0.1937556,0.11114621,-0.055286997,-0.1415584,-0.19805403,1.0172823,1.0598941,-3.0469502,0.027331281,-0.18854854,-0.64201799,-2.8765225,-0.36739122,0.4847355,0.23823913,0.13447133,0.061051053,0.14390029,0.3331006,3.0155901,0.22016266,2.6135559,0.43839786,0.15171901,0.36815318
2025-09-08 11:50:00,1.0746965,1.0465515,1.0271428,1.0179489,1.0094746,1.0709993,1.0628362,1.044699,1.0607737,1.0542704,1.0615706,0.99167849,1.0696082,1.0450119,1.1679029,0.60797348,0.54193118,0.46688973,0.34158657,-0.14808557,-0.49170792,0.25959431,0.17782238,0.37969853,0.072449892,0.31504849,0.13962609,-0.016388003,0.26715051,0.047242293,0.071017138,-0.0553177,-0.21700312,-0.0018338459,-0.093661889,0.066470532,0.011266628,-0.0076357247,-0.0074003857,0.067990078,0.11721671,-0.044283491,0.0094248757,0.18952985,0.013634287,0.12944906,0.049129974,-0.058800526,0.035698304,0.032188764,0.0074045733,-0.028586804,0.051664014,-0.0086250757,-1.2248038,-0.57432104,-0.55557444,-0.43476841,-0.32453455,0.14008215,0.49332053,-0.22930584,-0.16724547,-0.37211096,-0.016316105,-0.35029726,-0.11110776,0.019149179,-0.22289407,-0.021333153,-0.10298723,0.026096896,0.26338846,-0.041963688,0.070523565,-0.014869677,0.018125376,0.020494748,-0.013924231,-0.058130031,-0.10352287,0.045336362,0.046459082,-0.10749292,0.023937824,-0.048874377,-0.055965706,0.10202626,0.012415379,-0.031581391,-0.032057342,0.0083056338,-0.031259069,0.012462775,1.7766011,0.17410465,-0.68284286,-0.37502586,-0.069672275,0.18395046,0.01326228,-0.019741114,-0.24968182,-0.084928676,-0.048770888,-0.61227984,0.13242363,-0.12348229,-0.0097740161,0.074761694,0.047282839,0.041191473,-0.020644763,0.034253663,-0.0096449403,0.034933253,-0.1218685,-0.021757638,-0.017571363,0.030450448,-0.078805596,-0.034236261,-0.13877313,-0.19843129,1.0183641,1.0597529,-3.0443462,0.032172776,-0.18571653,-0.63662805,-0.47472758,-0.5802417,0.48678533,0.23724277,0.13443684,0.063525646,0.33010701,0.15160912,3.0159722,0.21011831,2.6105067,0.43600504,0.15487669,0.36919556
2025-09-08 11:55:00,1.0616583,1.0512378,1.0174343,1.0095762,1.0041221,1.0635553,1.0706334,1.0515449,1.0439407,1.0291136,1.0308415,1.0562371,1.0364301,1.0101576,1.2405184,0.60372136,0.53644806,0.43997949,0.34969983,-0.16179982,-0.47100982,0.21080466,0.16389154,0.36171881,0.12019255,0.054608769,0.15532416,-0.0077536208,0.2143962,0.35024545,0.046218667,-0.12132751,0.051365184,0.059186784,-0.073997511,0.061709517,-0.011792284,0.024431045,0.014500391,0.054263401,0.10426733,-0.0039691856,-0.015287454,0.15533222,0.049132466,0.020499804,0.060503379,-0.077065134,-0.0036103233,0.043596332,0.022322392,0.0042180551,0.0013438315,0.0093536685,-1.1395836,-0.62022563,-0.5567068,-0.4055495,-0.32027762,0.14719988,0.49144751,-0.24464478,-0.12436663,-0.36972065,-0.13441045,-0.076619608,-0.15753502,-0.0011563624,-0.25234481,-0.34017358,-0.047976695,0.082403858,-0.019905737,-0.033636339,0.064071724,-0.018531461,-0.0029519522,-0.00071505489,-0.042673826,-0.015247448,-0.11111081,0.071232283,0.041752014,-0.14150296,-0.036356267,-0.025494848,-0.070237925,0.054919345,-0.022880899,-0.067047885,-0.036303039,-0.00045626611,-0.0079699891,-0.014428873,1.8106527,0.18116356,-0.66109718,-0.4137091,-0.05369348,-0.037886646,-0.020816411,-0.042590014,0.055021146,-0.44551257,-0.02965717,-0.058285255,-0.1345795,-0.1036583,0.020489156,0.059651501,0.066824065,0.045054072,0.024016658,-0.0045664892,-0.038959485,0.092164933,-0.11532738,-0.029696943,-0.034827988,-0.024828324,-0.057603948,-0.049257116,-0.13882025,-0.19959364,1.0174314,1.0600155,-3.0474504,0.031434954,-0.18604966,-0.41172301,-0.50521104,-0.57926146,0.4853726,0.24043396,0.13530281,0.12049611,0.066025604,0.15027556,3.0127816,0.2148713,2.6114009,0.43796874,0.1536704,0.36705472
2025-09-08 12:00:00,1.0538365,1.0263774,1.0093492,0.99196308,1.0086243,1.0512646,1.0501307,1.051962,1.0330861,1.0351451,1.0268379,1.0362748,1.0247159,1.0158873,1.1820382,0.75725337,0.69953457,0.64066811,0.54266782,-0.099821861,-0.47181952,0.23734857,0.13360362,0.3765148,0.042977866,0.01330192,0.16964547,-0.0025334198,0.25624183,0.067309661,0.064079292,-0.066846141,0.022357138,0.051272421,-0.052827502,0.066618284,-0.016241278,-0.0075532814,0.037792012,0.053895776,0.11356186,-0.012353499,0.0078248453,0.15346,0.034663603,-0.017993137,0.047849345,-0.019194076,0.01943814,0.053836177,0.040421708,-0.027553796,0.03161011,0.030883431,-1.1450928,-0.72691327,-0.667862,-0.60844511,-0.51744844,0.11820971,0.47319034,-0.25083208,-0.13537578,-0.37824089,-0.048831162,-0.039984312,-0.17409074,-0.0045999925,-0.24348294,-0.04644964,-0.0559195,0.045717605,0.018216511,-0.040183506,0.047757512,-0.0071792901,0.023989751,0.032415906,-0.035392476,-0.032524709,-0.091659363,0.076679127,0.0036091446,-0.1081493,-0.015656675,-0.019426908,-0.048996795,0.07881824,-0.0049030867,-0.011451689,-0.042174083,-0.0019739752,0.0024919072,-0.014215732,1.9448621,0.68182371,-0.79509913,-0.58872977,-0.40606327,-0.078858212,0.030735218,-0.00068651482,-0.21267945,-0.025011637,-0.021177775,-0.00057561712,-0.085980365,-0.14359382,0.0017338999,0.075133381,0.06729025,0.051937433,0.054626538,-0.0076174563,-0.033959671,0.0044290992,-0.13986576,-0.018745148,-0.02818146,-0.010857655,-0.051561588,-0.045096969,-0.16959219,-0.23117518,1.0105032,1.0527036,-3.0765307,0.00033212097,-0.21627622,-0.66969488,-0.53892322,-0.61461898,0.4869747,0.23695483,0.13502166,0.063533,0.065163297,0.15090327,3.0308067,0.35767863,2.5869887,0.61382025,0.13269417,0.36793196
2025-09-08 12:05:00,1.0683309,1.0413846,1.0182277,1.02204,1.0108441,1.0429881,1.0448243,1.0534795,1.0494533,1.0395591,1.0376063,1.0396524,1.0172104,1.0171886,1.1963828,0.58678612,0.5843463,0.46995141,0.3193192,-0.16705166,-0.4688911,0.25483333,0.15223506,0.38011865,0.08138919,0.15205667,0.39702536,0.013564391,0.20641229,0.043791736,0.14381725,-0.014026783,0.070693868,0.0014780499,-0.039505921,0.057538842,0.013536586,0.013694742,0.047011084,0.061266594,0.097109664,-0.058458285,0.019035988,0.16015606,0.012079239,0.019946753,0.05881419,-0.054565794,0.039104781,0.044106063,0.033869264,-0.00096292316,-0.047879445,0.018261229,-1.1751788,-0.57847597,-0.55193505,-0.44676277,-0.37218264,0.12119255,0.4896618,-0.23309114,-0.12069596,-0.38579313,-0.036507689,-0.14077966,-0.37758001,0.012402529,-0.26010584,-0.060861456,-0.14031582,-0.0026373085,-0.10763987,0.0042896427,0.082564206,-0.046951973,0.018410042,-0.0022088937,0.023340814,-0.071231647,-0.10281295,0.02864456,-0.0047112275,-0.09209432,-0.048114301,-0.05822523,-0.096173661,0.039166367,-0.022384313,-0.052715974,-0.036542202,-0.0089663537,0.0078166234,-0.04613854,1.7713749,0.16519583,-0.65454345,-0.42273462,-0.072370542,0.20191294,-0.011657491,0.025520651,-0.18313444,-0.085541032,-0.0045355164,-0.044535106,-0.47780394,-0.14750908,-0.022007622,0.11568117,0.024556876,0.0099507294,-0.0054132634,0.013928089,-0.00046541201,0.065101922,-0.12215858,-0.054705915,-0.030535117,0.012979712,-0.031222676,-0.031311074,-0.14004432,-0.1992146,1.0173824,1.0578961,-3.0435576,0.033258459,-0.1853597,-0.64007109,-0.31080054,-0.3903035,0.48363478,0.2391224,0.13649584,0.062625736,0.12227788,0.37591057,3.0132491,0.21853771,2.6142886,0.43737536,0.15120394,0.36968936
2025-09-08 12:10:00,1.0631236,1.0403356,1.017917,1.0165574,1.0042886,1.0614571,1.0332765,1.0434601,1.0386674,1.0377838,1.0313897,1.0397159,1.0511233,1.0542161,1.2203833,0.60457053,0.55645222,0.44689478,0.33791225,-0.11134998,-0.48149164,0.25501124,0.1307193,0.32505939,0.36309613,0.087987952,0.15038876,-0.052626606,0.23235598,0.04341457,0.093300257,0.2308346,0.033977454,0.051360534,-0.021401187,0.064175868,0.020423592,-0.034638664,-0.0072282783,0.070166627,0.13393726,-0.068871105,-0.0311429,0.14857849,0.029433501,0.01047673,0.035525363,-0.028580496,-0.0014250188,0.02674188,0.032296938,0.016568726,0.029848756,0.013092531,-1.1758161,-0.56558144,-0.52427203,-0.4487951,-0.33173104,0.10059889,0.48796741,-0.23803966,-0.14435009,-0.35965734,-0.30169742,-0.079377332,-0.18599628,0.012709073,-0.24988369,-0.033594072,-0.069116589,-0.24967479,-0.0090383118,-0.068067187,0.014621234,-0.020699385,0.037317152,0.00096464034,-0.052287383,-0.05722137,-0.11044505,0.054483141,0.0025244807,-0.14581042,-0.0045767962,1.4779461e-05,-0.039254004,0.046940675,-0.050119052,-0.016938314,-0.015252764,0.019236163,-0.0066734796,0.0035296474,1.7835465,0.1409539,-0.70275532,-0.42504911,-0.051696409,0.17310082,0.016705002,0.0024371646,-0.24784263,0.21882342,-0.61784556,-0.06303154,-0.14825738,-0.13435196,-0.0053359772,0.075847868,0.051461169,0.044352,-0.017528236,-0.0037961332,-0.012820101,0.067371252,-0.13038502,-0.063812376,0.035283375,-0.033613107,-0.050272061,-0.031461273,-0.14180988,-0.19946616,1.0170824,1.0616688,-3.0442575,0.028549548,-0.18742803,-0.29289862,-0.51200433,-0.58074213,0.48477404,0.23949199,0.13609161,0.33112205,0.06671523,0.15211345,3.0143884,0.21625161,2.6151814,0.43801967,0.15009215,0.36570444
2025-09-08 12:15:00,1.0562865,1.0492968,1.0048019,1.010941,1.0173165,1.0634998,1.0550504,1.0619301,1.0500542,1.0275843,1.0577211,1.0523529,1.0550999,1.0431445,1.2036111,0.60429531,0.55603667,0.43480873,0.34719113,-0.19291813,-0.5118258,0.18666885,0.091810207,0.34732771,0.041595469,0.034780347,0.16883318,0.024010596,0.24310342,0.029563922,0.037478756,-0.037366905,0.02375797,0.064320725,-0.071741607,0.080075459,0.025385778,-0.02773034,0.0065079905,0.065549491,0.11896919,-0.02298033,0.057734293,0.16998369,0.0011789974,0.03265923,0.068664291,-0.075067153,0.057417156,0.052094871,0.050536398,-0.0071719934,0.016717383,-0.0096083102,-1.179799,-0.55594196,-0.54332724,-0.423021,-0.32629366,0.15531251,0.45566188,-0.22571261,-0.14409445,-0.38010617,-0.042084232,-0.053782562,-0.14292079,-0.027560104,-0.22344965,-0.031800047,-0.083932617,0.011822116,-0.026099955,-0.054177411,0.043824698,-0.086091148,0.0020933646,-0.0019346568,-0.023847521,-0.041603324,-0.062534839,0.033157213,-0.0076284197,-0.096760991,-0.049651275,-0.059593851,-0.033053621,0.080341183,0.013364649,-0.011569053,-0.017437538,-0.0045491212,-0.041197194,-0.03215822,1.8133234,0.18104085,-0.70156575,-0.36477826,-0.055218345,-0.089939239,0.020311064,-0.032289508,-0.24373107,-0.063533309,-0.014773728,-0.056323887,-0.11496603,-0.089505557,-0.053586253,0.11117268,0.04984823,0.010229488,0.0024659799,-0.016247894,-0.0076470842,0.065466213,-0.084354477,-0.069341338,-0.042375308,-0.011401245,-0.047038778,-0.014653696,-0.14105229,-0.19933673,1.0174836,1.0605737,-3.046273,0.0318602,-0.18475147,-0.63319729,-0.50504811,-0.5759697,0.48484519,0.23644471,0.13426775,0.061414066,0.065922485,0.15161519,3.0138512,0.2035302,2.6108669,0.43638808,0.15628649,0.36603035
2025-09-08 12:20:00,1.0377769,1.0418916,1.0251514,1.0037384,1.0141507,1.0562331,1.03154,1.0598198,1.0273598,1.0450338,1.0237176,1.0463859,1.0416269,1.0224002,1.1937029,0.75099994,0.69068508,0.62465575,0.5647962,-0.12811218,-0.51332888,0.27807734,0.11467762,0.36196843,0.037752507,0.048426568,0.16979762,-0.01013298,0.25101266,0.047307674,0.076567513,-0.019145723,0.024863976,0.038079688,-0.071767795,0.088948581,0.035457004,-0.024421445,-0.0022950327,0.075103759,0.1132739,-0.068875002,0.00861586,0.10702699,0.017287559,-0.011698905,0.041857189,-0.073138519,0.0057803487,0.033773561,0.05341234,-0.023479759,-0.012716298,0.017311227,-1.1662243,-0.71875347,-0.6945251,-0.62294817,-0.47553505,0.1304949,0.48901943,-0.2183306,-0.14479804,-0.40574134,-0.069849434,-0.042062649,-0.14306209,-0.002917367,-0.25562122,-0.056022006,-0.095774848,-0.0048346182,-0.020548405,-0.030539221,0.050847889,-0.03466089,0.032652988,0.027849467,-0.023982925,-0.073743461,-0.098259222,0.068386169,-0.026505105,-0.12249589,-0.046937784,-0.04070801,-0.0029397943,0.073575967,-0.0040957349,-0.023458598,-0.016970775,0.040049666,-0.016555483,-0.0078663417,1.9350088,0.70526129,-0.78861936,-0.62606432,-0.35781108,-0.10872231,0.024886814,-0.010821048,-0.24455245,-0.070666314,0.00035296504,-0.053008156,-0.16713326,-0.12635554,0.03585169,0.10221102,0.077703262,0.02754568,0.021249649,0.013654399,0.014879695,0.07472937,-0.14871121,-0.044377243,-0.0081229156,-0.035825923,-0.04774857,-0.030123579,-0.17338013,-0.22858104,1.00965,1.0523778,-3.073383,0.0017250501,-0.2164622,-0.66857325,-0.53939764,-0.61090228,0.48603043,0.23966538,0.13534182,0.064199446,0.066079101,0.15092696,3.0312569,0.36087873,2.588284,0.61340696,0.13331267,0.36906593
2025-09-08 12:25:00,1.0613925,1.045445,1.0219904,1.0022048,1.0014783,1.0583107,1.0473906,1.0658556,1.0732549,1.0483732,1.0485571,1.0407062,1.0397063,1.0456685,1.1888333,0.5855376,0.56364362,0.46469917,0.3748804,-0.13694413,-0.48026556,0.63747289,0.33232008,0.5910396,0.2675932,0.08460842,0.16079657,-0.0082080703,0.57519267,0.070231428,0.00034687778,-0.071149659,-0.023893572,0.12100896,-0.08044564,0.036683196,-0.010543255,0.012300399,0.011103625,0.055162764,0.16975993,-0.03162313,0.041598231,0.19432981,-0.055104482,0.006688647,0.069115204,-0.056023608,0.040769339,0.045577275,0.092661958,0.05582849,-0.017290383,-0.025489862,-1.2061389,-0.58434288,-0.53291271,-0.45424361,-0.34539912,0.18119808,0.50126972,-0.61449136,-0.34178789,-0.56656584,-0.25196814,-0.097674556,-0.13641163,0.044996027,-0.59319843,-0.05704327,0.00034182492,0.10488772,0.014520239,-0.13315225,0.094077032,0.011201674,-0.024787021,0.0021682167,-0.014734634,-0.024870109,-0.12673352,0.092333136,0.019643425,-0.10891445,0.027159107,-0.041545361,-0.031337924,0.021613723,-0.031529112,-0.054529398,-0.064524355,-0.068963706,0.0018308458,0.0077036992,1.7844671,0.16795154,-0.68368849,0.17940375,0.15222348,-0.082811418,-0.0011499627,0.03085238,-0.90339856,-0.1621949,-0.14645658,-0.0097001476,-0.015698846,-0.14351842,0.017737896,0.064284626,0.048470718,0.066540115,0.012717972,-0.035272775,0.024606903,0.057674534,-0.05855484,-0.020638466,0.012661577,-0.019396075,-0.1211094,-0.026051985,-0.14008991,-0.24667523,1.0172203,1.0601395,-3.0479819,-0.12072729,-0.23502812,-0.15122753,-0.544826,-0.61508235,0.48549913,0.59607946,0.34403305,0.25557565,0.066004536,0.15817374,3.0163248,0.21581887,2.7184477,0.43881896,0.15339634,0.56121811
2025-09-08 12:30:00,1.0565039,1.0388263,1.0033455,1.0036046,1.0201962,1.0534965,1.0640053,1.0642271,1.059911,1.0535098,1.0416549,1.0418469,1.0407481,1.0064015,1.1935736,0.76062546,0.63014783,0.60138933,0.48217084,-0.079512082,-0.47442068,0.25614814,0.13537501,0.34476925,0.04894968,0.098359291,0.12090935,-0.0068300207,0.23187144,0.061083628,0.073175977,-0.063167612,0.016561471,0.045582332,-0.01723758,0.055901412,0.024002958,-0.033935766,0.0047344753,0.062967941,0.10181001,-0.047937868,0.0075480458,0.18572705,0.04222723,0.01120557,0.06226865,-0.062763835,0.0032202675,0.028266487,0.036314389,-0.028201633,-0.014751554,0.013117079,-1.1817293,-0.69523079,-0.58016998,-0.59148153,-0.47397118,0.070840001,0.5086241,-0.21300137,-0.12617486,-0.39454047,-0.011220996,-0.03285556,-0.12605407,-0.0006491371,-0.23076675,-0.052744374,-0.099170181,0.041394771,0.007051119,-0.047401717,0.070050736,-0.019569672,-0.0039519098,0.025491013,-0.031234386,-0.042095473,-0.13341103,0.07682549,-0.002984076,-0.13733762,-0.022703495,-0.054400819,-0.027663933,0.068979221,0.018137198,-0.045136235,-0.036484805,-0.014815563,-0.015516917,-0.028211822,1.8573921,0.52469759,-0.70085105,-0.63132121,-0.28815857,-0.061905939,0.020434127,-0.01868171,-0.21781427,-0.076668637,-0.075805334,-0.030113827,-0.07980556,-0.13847763,0.037996536,0.10139248,0.056881325,0.038682451,-0.0013464714,-0.0011400485,-0.035730746,0.063083714,-0.15989167,-0.047558212,-0.03757194,-0.016328217,-0.035668615,-0.032129558,-0.16162292,-0.22449033,1.0115257,1.0530838,-3.0670923,0.0059531233,-0.20932622,-0.66441454,-0.53428454,-0.60508392,0.48706403,0.24035369,0.13648508,0.063281667,0.066072917,0.15225258,3.0297228,0.44657072,2.5936279,0.57527833,0.094430688,0.36850545
2025-09-08 12:35:00,1.0485823,1.050598,1.0144695,1.0346525,1.0043552,1.0498321,1.0421011,1.0605725,1.0410587,1.0485253,1.0614446,1.0255878,1.0407132,0.99603939,1.2224231,0.62073264,0.561715,0.46101256,0.34934704,-0.17157271,-0.51386975,0.24471117,0.11877079,0.35473321,0.035604453,0.078575818,0.12610907,0.010767293,0.23815342,0.015676625,0.35468897,-0.056129866,0.028042041,0.25792361,-0.047559111,0.017564901,0.006064617,-0.021362879,0.047463063,0.065759835,0.11864008,-0.078867527,0.027205544,0.16719905,0.041745994,0.036660085,0.08027401,-0.045231886,0.019440919,0.019635938,0.092438873,-0.026146138,0.040771005,0.0050672918,-1.1430156,-0.5795099,-0.53562327,-0.46868771,-0.36142942,0.17084669,0.50603617,-0.2622065,-0.17617339,-0.36778179,-0.069925449,-0.057653941,-0.16380735,-0.001701175,-0.23838675,-0.061284256,-0.32393472,0.043969712,-0.060392212,-0.26261787,0.073282326,-0.066471905,0.023386326,0.0191403,-0.048031843,-0.05657722,-0.12263354,0.052481142,-0.006649162,-0.13684067,-0.046087439,0.0079153124,-0.0160551,0.032666592,-0.016571356,-0.048816296,-0.025566641,0.0039918588,-0.026762572,0.0085937802,1.8157031,0.16146111,-0.67653048,-0.40751327,-0.068839212,-0.094704458,0.04892212,0.0030498402,0.018884474,-0.078083653,0.015931457,-0.03875006,0.1128113,-0.56549401,-0.00065010888,0.085367023,0.041097858,0.030981764,-0.0088672039,-0.037364836,0.0075055195,0.067104294,-0.11233633,-0.036532076,-0.043323504,0.0010696342,-0.034721384,-0.0025022005,-0.14009847,-0.1977386,1.016535,1.0606125,-3.0453079,0.027850388,-0.18947645,-0.64503542,-0.5085467,-0.5821023,0.48371302,0.23773392,0.13670328,0.062526562,0.06312685,0.15464185,3.0148421,0.22145191,2.6100851,0.4379263,0.14801306,0.36859013
2025-09-08 12:40:00,1.0569497,1.0463152,1.005184,1.0172272,1.022424,1.0413854,1.0751359,1.0698665,1.046711,1.0390593,1.057172,1.039078,1.025503,1.0104186,1.2162516,0.58214261,0.54039986,0.44224144,0.33975574,-0.16173461,-0.50218643,0.31595926,0.1610945,0.52255981,0.092504249,0.14864126,0.29372955,0.025203123,0.29616783,0.10946911,0.18029218,0.017479703,0.025577101,-0.0073870203,-0.064045949,0.038820722,-0.034164976,-0.041637283,-0.0061998417,0.022223035,0.10308386,-0.026279388,0.019077382,0.21507365,0.031302476,0.039159434,0.058540149,-0.06101766,0.032770678,0.012653898,0.045216499,0.0074690263,0.050301609,0.023434595,-1.151481,-0.57126515,-0.51993213,-0.49104421,-0.3353305,0.16821901,0.51077422,-0.35625043,-0.18481347,-0.52437247,-0.058152577,-0.16387835,-0.27901421,-0.017104415,-0.31107032,-0.10696894,-0.14192907,-0.063274139,0.0013520189,-0.00093339813,0.046711691,-0.08559132,0.019552246,0.040424703,-0.047234499,-0.05299146,-0.078614521,0.06079772,0.0050538971,-0.13680765,-0.017741603,-0.0042872217,-0.035402348,0.047886874,-0.029191055,-0.040951045,-0.0092461455,0.011446421,0.0071281075,-0.034007848,1.8063418,0.19184174,-0.68139772,-0.28335432,0.094493875,-0.13019767,0.0021183896,0.013257902,-0.23695972,-0.10457441,-0.064288802,-0.091084308,-0.28232153,-0.12283097,0.012006955,0.081760974,0.042914325,0.06591171,0.012712713,0.0020039566,0.0044590265,0.058777598,-0.13255553,-0.097040756,-0.016541418,-0.016061438,-0.085483725,-0.040426145,-0.14016657,-0.23799416,1.016042,1.0559681,-3.0432561,-0.021056007,-0.19288463,-0.70063514,-0.4240597,-0.47540986,0.48415741,0.30626598,0.17628789,0.065417431,0.1155421,0.25061057,3.01527,0.21956194,2.6617593,0.4387303,0.14817796,0.5217773
2025-09-08 12:45:00,1.0806909,1.0297032,1.0150341,1.0138071,1.0276295,1.068607,1.026782,1.0738139,1.0472148,1.0219072,1.0334156,1.0511814,1.0423093,1.0222437,1.1828481,0.70142662,0.61183407,0.61887368,0.45056148,-0.068188969,-0.50938075,0.25350099,0.15543695,0.33633426,0.045977359,0.043478061,0.15886249,-0.027362955,0.23673486,0.04377473,0.069191226,-0.00024144965,-0.014344595,0.061566778,-0.046090362,0.06697857,-0.0013987728,-0.020998217,-0.018523255,0.044055685,0.12628709,-0.022510567,0.0092200806,0.13601751,0.064321202,0.04067565,0.062441139,-0.071247096,0.0089661108,0.036613909,0.020829784,0.0025955302,-0.0008792971,-0.012645974,-1.183605,-0.66485431,-0.58987158,-0.5685991,-0.45144208,0.070925259,0.49628355,-0.22760599,-0.1038617,-0.41049512,-0.064420739,-0.10135267,-0.15474013,0.031660918,-0.26689108,-0.056697187,-0.085948471,0.062461237,-0.047070198,-0.082740962,0.083827046,-0.027899735,0.010273232,0.057286935,-0.0062828079,-0.060956191,-0.090821657,0.04543713,0.011076927,-0.13054104,-0.012651823,-0.0048436304,-0.02056011,0.078024587,0.0075716212,-0.023908627,-0.065024743,-0.00013607412,0.002783825,0.01213226,1.9263665,0.54263318,-0.66606337,-0.60329681,-0.2871132,-0.091045816,0.0069775935,0.014530381,-0.22565215,-0.063150593,0.0017061757,-0.083043117,-0.11476682,-0.12640095,0.028958222,0.084407495,0.05560652,0.061085334,0.025125552,0.0033339432,-0.052997159,0.025032648,-0.1135345,-0.041405828,-0.012289143,-0.021538767,-0.044483362,-0.045695954,-0.16707077,-0.22504522,1.0095362,1.0539714,-3.0730599,0.0056153178,-0.21007076,-0.66470131,-0.53401463,-0.60538122,0.48823146,0.2412135,0.13909901,0.06289833,0.0642221,0.15268729,3.0308393,0.4603323,2.5958449,0.5745244,0.092584884,0.3706682
2025-09-08 12:50:00,1.0649699,1.036257,1.0145808,1.0384921,1.016989,1.0525156,1.0302156,1.0504042,1.0286778,1.0414453,1.0362201,1.029473,1.0357373,1.0489136,1.2197292,0.5874626,0.55712683,0.49265618,0.31572415,-0.15132711,-0.63853712,0.22128554,0.14282424,0.39437741,0.063220273,0.057705437,0.13422981,-0.0077588961,0.23608636,0.036312135,0.066474473,-0.0059853196,0.016141501,0.042047203,-0.043727889,0.057356784,0.038016641,-0.0035529695,0.034949435,0.051973174,0.10188359,-0.061211551,-0.0069279665,0.16037044,0.046160389,0.024655838,0.029310426,-0.063382465,-0.016068648,0.045820143,0.019886334,0.0041414885,0.015483954,-0.0068622277,-1.1978346,-0.57195683,-0.58001668,-0.50570468,-0.3358495,0.13908848,0.62043248,-0.23267812,-0.12714584,-0.35884815,-0.077203894,-0.077107883,-0.19014219,0.012376649,-0.24624393,-0.048922136,-0.0683119,0.066125354,-0.045001548,-0.069388738,0.042073675,-0.063298032,-0.0071587603,0.020540084,-0.080324053,-0.042448208,-0.11645203,0.046978308,0.016429972,-0.11879964,-0.021816365,0.0022645365,-0.023298907,0.044123295,0.013697047,-0.018892538,-0.018824668,0.021426598,-0.013314653,-0.0054481007,1.8141978,0.17524752,-0.69139459,-0.56516819,0.16236272,-0.088776036,-0.024864546,-0.0055195707,-0.2383922,-0.09279712,-0.058782326,-0.030914809,-0.12810988,-0.15136122,-0.011368519,0.067816136,-0.0032149361,0.046419805,-0.013798715,-0.013845171,0.041628452,0.050994572,-0.14485029,-0.035493016,0.0052439158,0.0068863705,-0.060584877,-0.080557055,-0.14391967,-0.20007806,1.0156264,1.0602113,-3.0979705,0.028633239,-0.1944978,-0.59087832,-0.50550024,-0.574116,0.63753498,0.23670856,0.13529,0.069143932,0.069165938,0.15450077,3.0179334,0.22789296,2.6216218,0.45544251,0.14567653,0.38181624
2025-09-08 12:55:00,1.0687375,1.0449511,1.0074701,1.0015554,0.99808569,1.0649204,1.0514466,1.0414213,1.0437754,1.0505777,1.0532162,1.050342,1.0461546,1.0422524,1.2100733,0.62200488,0.53896286,0.42156921,0.34923457,-0.12370683,-0.48739225,0.23723561,0.15548181,0.38612706,0.048731621,0.068729204,0.19555013,-0.36082044,0.23130658,0.027364338,0.060681588,-0.038196566,-0.01664807,0.019298345,-0.021347572,0.083595351,0.007020689,-0.015535918,0.014638094,0.051403667,0.13098244,-0.04334994,-0.0017335191,0.15714052,-0.0097765683,0.00550665,0.058555319,-0.048133006,-0.0014899552,0.067235042,0.000992518,-0.028185411,-0.010964275,-0.016317528,-1.183821,-0.59153319,-0.56456165,-0.43763479,-0.33285828,0.11610703,0.49241768,-0.26346548,-0.14470222,-0.37796122,-0.056386935,-0.091757852,-0.14840949,0.39963875,-0.25390454,-0.083870541,-0.063524269,0.029289619,-0.018633351,-0.040214434,0.04056138,-0.042577887,0.0010266132,0.0028060029,-0.027420223,-0.10421582,-0.092846491,0.011947731,0.031068994,-0.11099083,-0.018468419,-0.039399418,-0.067135548,0.09132974,0.020396335,-0.032651741,-0.053235625,-0.0081578599,0.0039061289,-0.043916344,1.8050784,0.19406797,-0.67169521,-0.41553649,-0.072344283,-0.075449254,-0.4128915,0.38951347,-0.28794225,-0.11860592,0.014470698,-0.043609886,-0.13053945,-0.14587097,0.0061242876,0.09530788,0.026967792,0.059821831,-0.038904965,0.0065186044,-0.0034337035,0.086130743,-0.16588244,-0.047897694,-0.033457829,-0.0099090435,-0.031368442,-0.022593852,-0.13977521,-0.2012195,1.0163775,1.0594832,-3.0472786,0.026663658,-0.1872226,-0.65160973,-0.51302512,-0.58545473,0.4841108,0.24186815,0.13612705,0.063452669,0.065508067,0.15333881,3.0136831,0.23492315,2.6184743,0.44010753,0.14464004,0.37107196
2025-09-08 13:00:00,1.0556079,1.0317734,1.0180874,1.0198646,1.0150359,1.0681283,1.0545155,1.0589454,1.0469334,1.0431355,1.0463392,1.0484043,1.0142854,1.021916,1.1870507,0.59337433,0.57287801,0.43597528,0.34481595,-0.11592384,-0.4872735,0.21800784,0.13717133,0.28233786,-0.063591537,0.083835179,0.15488173,0.0094095183,0.24468604,0.094839441,0.065546616,-0.29908363,0.028992665,0.076307651,-0.077583067,0.037083401,0.0054808346,0.020285936,0.02443344,0.043714544,0.10772908,0.00091201456,0.023190812,0.123771,0.048876023,-0.0027898464,0.06462382,-0.053804614,0.017839657,0.031987804,0.0448071,0.0022191305,-0.011817194,0.015831894,-1.1957623,-0.58935699,-0.5549223,-0.45168298,-0.30850022,0.16588143,0.49997651,-0.23495516,-0.096257651,-0.26460567,0.079770672,-0.06095069,-0.17682629,-0.0047785273,-0.25401646,-0.068395169,-0.028276281,0.30219673,0.013626322,-0.10898322,0.074815513,-0.023201622,0.02130611,-0.012944137,-0.014939535,-0.034331703,-0.10321279,0.040049198,0.0018049946,-0.1280257,-0.057010435,-0.046591524,-0.055079942,0.060119143,-0.020407805,-0.05795549,-0.068924652,0.026439388,-0.032309261,0.0048071921,1.796188,0.18839281,-0.65677758,-0.40090817,-0.18248236,-0.068929695,-0.022866902,0.02450212,-0.20672987,-0.3766256,0.40303765,-0.04152461,-0.071625948,-0.12797784,0.01778615,0.094571585,0.038619468,0.084485672,-0.031501214,-0.016734794,-0.022098788,0.073771615,-0.13558208,-0.036730396,-0.019079329,-0.0097273608,-0.057153268,-0.050198178,-0.13821242,-0.17686029,1.0178377,1.0611134,-3.0478269,-0.047706722,-0.26277231,-2.8693869,-0.47368147,-0.53780516,0.48559939,0.23828327,0.13939347,0.062757532,0.06758461,0.16471426,3.0131018,0.23020677,2.5018798,0.44245028,0.14356124,0.28098512
2025-09-08 13:05:00,1.0487092,1.063147,1.0235145,1.0165796,1.0148857,1.0610742,1.0382289,1.0654428,1.0615732,1.0530983,1.0510241,1.0427113,1.0438385,1.0344457,1.2111238,0.5989684,0.52962649,0.47958125,0.3103635,-0.087714627,-0.47961527,0.43691833,0.14854078,0.38977911,0.11617994,0.05871986,0.12522117,-0.013470795,0.14533882,0.018952466,0.021948053,-0.050721189,0.012303835,0.069698205,-0.038337715,0.066727557,0.029256396,0.012274164,0.04046863,0.033190729,0.10482308,-0.058287817,0.031343162,0.18505165,0.0092038077,0.058220694,0.063928062,-0.057666569,0.0054671214,0.052723238,0.0025664652,-0.0097748928,0.021449218,0.010328329,-1.1761172,-0.55011027,-0.5368484,-0.45392496,-0.34824284,0.14867617,0.43748107,-0.44777859,-0.2033975,-0.40625412,-0.077734803,-0.083191662,-0.17000593,-0.041800849,-0.065333133,-0.039430944,-0.052548323,0.085064466,-0.024585993,-0.072556498,0.08019086,-0.025929234,-0.00021810938,0.014098691,-0.030059946,-0.047944713,-0.10120752,0.04657452,-0.0026526512,-0.089539003,-0.024037694,-0.022194918,-0.067638718,0.071087334,-0.02110735,-0.032089192,-0.05169825,-0.00049877655,0.0027710064,0.007368241,1.8002211,0.20323383,-0.66947007,-0.13590276,-0.013521429,-0.085435981,-0.32858471,-0.04091802,-0.23741715,-0.062664302,0.010558785,-0.057729316,-0.11804926,-0.14107711,-0.0057947963,0.11802543,0.066667235,0.031809037,-0.0093956668,-0.037645782,-0.010699462,0.073969672,-0.15419266,-0.036939449,-0.037150519,-0.030740105,-0.053576596,-0.074681318,-0.14178445,-0.20729174,1.017358,1.059363,-3.048163,-0.079690874,-0.20492086,-0.32580692,-0.51924212,-0.59058811,0.48402716,0.43804584,0.18862421,0.093138247,0.065115791,0.1530401,3.0154353,0.239828,2.6436033,0.44091069,0.140356,0.40613666
2025-09-08 13:10:00,1.0518105,1.0490269,1.0236847,1.0288765,1.0173762,1.0684626,1.0524484,1.0603325,1.0589106,1.0492325,1.0512922,1.0559779,1.0465495,1.0329643,1.1813857,0.59305879,0.54506261,0.463354,0.34550303,-0.15111517,-0.48574347,0.23247607,0.16813909,0.38374891,0.12822218,0.045504934,0.18537213,0.016048472,0.24593567,0.34022932,0.11196915,-0.1045184,0.00099991041,0.041749672,-0.050514847,0.053301936,0.00021702774,-0.0075544029,0.0056900963,0.054339709,0.094436033,-0.0020170615,-0.035049409,0.14954531,0.013859362,0.0092625383,0.076210119,-0.080528165,0.0033113024,0.060990592,0.021778737,-0.010357743,-0.011999487,0.042126821,-1.1396547,-0.59450814,-0.54531808,-0.44106424,-0.31921139,0.14909214,0.49348079,-0.22572276,-0.13518299,-0.37195351,-0.14606708,-0.064203896,-0.16054884,-0.016005185,-0.21532529,-0.35905965,-0.10436762,0.088647326,-0.035776045,-0.066962317,0.097375192,-0.039733447,0.011020571,0.020081739,-0.016488043,-0.066998594,-0.098299831,0.046898033,-0.018671894,-0.12218195,-0.03786329,-0.01350575,-0.050786446,0.068564647,-0.0025079048,-0.0033648723,-0.045245936,0.017024878,-0.053646176,0.00018500649,1.8204618,0.18495178,-0.6607322,-0.40194576,-0.065855307,-0.014758003,0.044211613,0.00069287459,0.043656718,-0.39804295,-0.019048555,-0.030281967,-0.12113901,-0.094699882,0.013937031,0.11697968,0.059753394,0.0044611564,-0.0080531573,-0.0057317417,-0.013830125,0.063866509,-0.075682524,-0.070195855,-0.039036406,-0.0095197839,-0.065113533,-0.057460093,-0.14217068,-0.1982244,1.0175421,1.0611312,-3.0445553,0.025779946,-0.19230231,-0.42064119,-0.50986899,-0.58721103,0.48380327,0.24141388,0.13719468,0.12088511,0.065340468,0.15369234,3.0162068,0.23267859,2.6182093,0.44001473,0.14280408,0.37206947
2025-09-08 13:15:00,1.0691063,1.0373984,1.0162372,1.0260773,0.99882118,1.0756096,1.0404853,1.0446643,1.0404973,1.0399083,1.0548985,1.0414664,1.0516325,1.0203011,0.89016749,0.25799,0.45794348,0.16508732,0.04773052,-0.31152021,-0.47600616,0.27364877,0.12895621,0.3443042,0.027089645,0.068323358,0.1251629,-0.024324455,0.26720494,0.038801806,0.069220458,-0.0072313074,0.021189412,0.063912154,-0.10001054,0.095862524,-0.031206484,0.11145286,0.15999403,0.22613353,0.11003571,-0.048369756,0.0099739323,0.16091471,0.030442611,0.032070039,0.074527078,-0.056765723,0.0063012282,0.016506325,0.051624405,0.006472658,0.0030103907,0.0013833752,-0.84787119,-0.2942267,-0.4788808,-0.17322555,-0.054276881,0.38352879,0.49198845,-0.25062806,-0.12518641,-0.36017565,-0.071482001,-0.069803811,-0.18803641,-0.020970456,-0.23692896,-0.073091427,-0.072282185,0.02832652,0.014254209,-0.068568561,0.057081956,-0.14897956,0.021014095,-0.16056536,-0.15797401,-0.21057317,-0.05354448,0.075055041,0.0102256,-0.12093681,-0.038658768,-0.043098917,-0.077161987,0.10339983,-0.0046853394,-0.01935713,-0.0354201,0.028656286,-0.0098875897,-0.050139811,1.1320576,-0.16547099,-0.81415919,0.059053155,0.57262821,-0.098403217,0.037550889,-0.0090475689,-0.22909031,-0.081935828,-0.029714421,-0.035324152,-0.10901843,-0.11962979,0.0072668879,0.306614,0.26717055,-0.30288357,-0.2370332,-0.019579508,0.0007266547,0.091707488,-0.12580894,-0.043229352,0.012199899,-0.02187918,-0.034229696,-0.038152926,-0.066954587,-0.12686685,1.0154519,1.0602883,-3.0434357,0.10053592,-0.1147086,-0.57338813,-0.43632047,-0.51058978,0.47736268,0.23998354,0.13680666,0.065111176,0.064327727,0.1523512,2.3446979,0.47653187,2.6691482,0.21165851,0.3934954,0.3708033
2025-09-08 13:20:00,1.0699556,1.0645162,1.0142858,1.0044312,1.0325654,1.0379585,1.0595975,1.0591367,1.0389145,1.0400004,1.0382217,1.0634187,1.0421934,1.0334053,1.1962554,0.61098613,0.54524348,0.45368378,0.34359806,-0.12517892,-0.53216525,0.26546598,0.1244591,0.33489515,0.07375597,0.060620168,0.14447597,-0.37961641,0.23807914,0.047805581,0.10087029,-0.062866277,-0.0053345971,0.0996082,-0.04765717,0.066189449,0.028398873,-0.039299246,0.0050047555,0.04658148,0.093660763,-0.039816256,-0.0011483816,0.14844054,0.050016802,0.033595109,0.069160239,-0.050558685,0.015498006,0.033848335,0.034074097,-0.01881495,0.018791225,-0.00044340428,-1.1756364,-0.59535979,-0.51993084,-0.41441084,-0.31081277,0.10834936,0.49834521,-0.23519147,-0.1826579,-0.36248412,-0.060303671,-0.078792987,-0.12380073,0.41344689,-0.23983732,-0.048147465,-0.047647477,0.056619314,0.015663138,-0.052967502,0.093816017,-0.013730187,-0.0044288562,0.015271714,-0.018716672,-0.07784354,-0.088272422,0.057657037,-0.00013825501,-0.13254625,-0.017201274,-0.0084891878,-0.022885005,0.076198737,0.017401978,-0.050972922,-0.030161506,-0.0090902141,0.033808005,0.012676045,1.7761866,0.19998551,-0.65032473,-0.41882024,-0.064377365,-0.091189884,-0.37126953,0.40802491,-0.26086662,-0.069955025,-0.011539121,-0.0454755,-0.085062839,-0.1130325,-0.0027492885,0.090569843,0.047188568,0.06115073,-0.034967676,-0.0062297305,-0.0024091257,0.064187105,-0.12264951,-0.064804772,-0.018120725,-0.044545036,-0.044730625,-0.037893348,-0.14143142,-0.20008306,1.0167741,1.061535,-3.0498069,0.029358346,-0.18627892,-0.64605021,-0.50837197,-0.58381057,0.48477419,0.24081525,0.13627169,0.062763769,0.062634027,0.15228715,3.0165304,0.22686212,2.6154976,0.43890337,0.14359097,0.36911253
2025-09-08 13:25:00,1.0591894,1.0373112,1.0301628,1.0129422,1.0202303,1.0589504,1.0332561,1.0488415,1.0466483,1.0240198,1.0426335,1.0337323,1.04024,1.0201348,1.1946987,0.74794598,0.70534577,0.61372684,0.49265401,-0.12088095,-0.47736402,0.22666782,0.1519619,0.38575424,0.049605559,0.050646395,0.13259208,0.011533388,0.25648849,0.022858548,0.093699512,-0.030684904,-0.012768633,0.043406849,-0.0328569,0.026938015,0.059475626,-0.043671436,0.0060039242,0.046252548,0.10552516,-0.060624869,0.020483392,0.16887521,0.013031063,-0.012680185,0.073252436,-0.038425359,-0.00054622235,0.045596838,0.044432358,-0.014664821,0.032305715,-0.016348791,-1.1746617,-0.70440965,-0.68998319,-0.60943873,-0.47634288,0.10579868,0.52307669,-0.21664988,-0.18721349,-0.36092405,-0.074974226,-0.041881834,-0.15976465,-0.019472581,-0.27714119,0.015204499,-0.10779706,0.011549854,-0.035402656,-0.057904212,0.04900071,-0.017259257,-0.0034577317,0.038826059,-0.034191337,-0.05222559,-0.10930092,0.080024375,-0.0051234946,-0.12614625,-0.052983826,-0.02409233,-0.062255108,0.060803515,-0.048940682,-0.068397187,-0.038385353,0.020453603,0.027650283,0.0025180288,1.9345766,0.68613689,-0.81776103,-0.55503712,-0.3573411,-0.1344664,-0.024344304,-0.024073167,-0.26413176,-0.062015665,-0.023753632,-0.028634959,-0.10816873,-0.1490754,0.015342563,0.069435918,0.085539982,0.038316176,0.029371797,0.013706844,0.040568585,0.038350301,-0.15575473,-0.071065454,-0.025113355,-0.057561943,-0.04662768,-0.055218618,-0.17123582,-0.23011382,1.0115769,1.0533501,-3.0761088,-0.0025137135,-0.2201831,-0.68554626,-0.53785695,-0.6143974,0.48713523,0.24269222,0.1376041,0.065056896,0.065381775,0.15419971,3.0283811,0.30471787,2.5950797,0.59895013,0.14558015,0.37270231
2025-09-08 13:30:00,1.0528788,1.0532989,1.0244965,1.0228597,0.99968056,1.0775443,1.0547732,1.0571935,1.0631427,1.0431767,1.0440266,0.99502264,1.0307455,1.0215239,1.2326358,0.57543135,0.53821604,0.44980371,0.34180215,-0.12997762,-0.479407,0.24407196,0.1260673,0.38956001,0.065366523,0.32147509,0.12683159,-0.0056739918,0.22572169,0.046036631,0.095854374,-0.0051631444,-0.2458689,0.024533217,-0.051874728,0.067666256,0.012068204,0.0082138296,0.011834119,0.04924154,0.090071205,-0.057116167,0.018244824,0.15384241,0.069596924,0.08967921,0.044991382,-0.044198836,-0.00089683292,0.030094287,0.041108696,-0.012268141,0.064122234,-0.0025040331,-1.1642114,-0.58837439,-0.51537863,-0.44368462,-0.34481824,0.13956934,0.46285001,-0.20753805,-0.14697837,-0.40221275,-0.085381204,-0.32159507,-0.12689904,0.0053771673,-0.2264782,-0.081881735,-0.078400133,0.019723451,0.2402739,-0.06189047,0.078034076,-0.038772246,-0.0048637124,0.012834772,-0.0142543,-0.083067864,-0.085268775,0.075955238,-0.013137772,-0.12465464,-0.0057953385,-0.037965932,-0.050772121,0.062114067,-0.010460181,-0.017652559,-0.032037723,-0.0072837121,-0.051125862,-0.022686604,1.8064226,0.18649151,-0.67887647,-0.41657662,-0.080202158,0.17294379,0.023230775,-0.017333426,-0.26514458,-0.085754644,-0.025419301,-0.57875695,0.1556748,-0.14252886,0.005337472,0.13480879,0.061804304,0.013325403,-0.02974418,0.039035217,-0.005315755,0.076499254,-0.16710488,-0.089611966,-0.014809506,-0.012695442,-0.097194446,-0.059304919,-0.14197988,-0.20046708,1.0162764,1.0597767,-3.0497259,0.027356065,-0.18730537,-0.65334699,-0.4769694,-0.58543975,0.48537424,0.24179225,0.1392101,0.063937791,0.33134921,0.15198143,3.0108347,0.23812271,2.618428,0.4420862,0.14303692,0.37053605
2025-09-08 13:35:00,1.0758605,1.0454467,1.0183972,0.98914926,1.0051381,1.0515399,1.0361777,1.0529684,1.032641,1.0194832,1.0400168,1.057021,1.0225599,1.0178123,1.2012415,0.71457723,0.68210813,0.61557959,0.51179311,-0.14111857,-0.49568407,0.21882369,0.13535141,0.3616382,0.0500377,0.054351684,0.16189636,0.001804616,0.24052097,0.059256869,0.088307887,-0.019627454,0.0093569361,0.05291004,-0.064341923,0.075970704,4.335562e-05,0.0079581708,0.030991343,0.065930963,0.1056206,-0.044685368,0.0032453293,0.16622305,0.042549144,0.0060039302,0.0542289,-0.046541154,0.02316927,0.0027166748,0.056161688,0.033400534,0.012161125,0.0042263005,-1.1605398,-0.71503789,-0.6659676,-0.6134758,-0.53578915,0.13140283,0.46587235,-0.21349427,-0.12659578,-0.35700358,-0.070651947,-0.043017446,-0.14262963,-0.046709173,-0.27350449,-0.057367938,-0.053617176,0.04904164,0.026564321,-0.047371074,0.10685806,-0.021059219,0.066865044,0.049568536,-0.021878486,-0.04087796,-0.12227598,0.046617364,0.024427008,-0.10507381,0.0080533751,-0.0088983021,-0.053896175,0.068804201,0.01402631,-0.011349534,-0.016031305,-0.016284551,0.0080967073,0.015461753,1.9296947,0.66507803,-0.8176472,-0.57619933,-0.35384805,-0.10986181,-0.025313406,-0.016776065,-0.24636305,-0.071845394,-0.031084285,-0.041059522,-0.15166213,-0.13189121,-0.0028960401,0.094989268,0.093353909,0.043108008,0.0255686,-0.021564954,-0.037461613,0.081620004,-0.12700638,-0.075975434,-0.0086545229,0.00079500302,-0.057833761,-0.055686551,-0.16670744,-0.23031644,1.0104686,1.052646,-3.0763353,-0.00023219043,-0.21626073,-0.67755016,-0.53962205,-0.61134752,0.48704704,0.24198062,0.13837103,0.063365483,0.06770734,0.15360638,3.0267115,0.33884065,2.5967173,0.60042219,0.14501635,0.37262574
2025-09-08 13:40:00,1.0726154,1.0467957,1.0287828,1.0201662,1.0166768,1.0650728,1.0454063,1.0670277,1.0400938,1.0416445,1.0559793,1.0682841,1.0564741,1.029328,1.1811197,0.57827219,0.56512617,0.46057825,0.30557415,-0.15549205,-0.47291368,0.21518559,0.10978294,0.38915225,0.12007717,0.079602213,0.13583432,0.027440101,0.24730323,0.38615829,0.093225748,-0.09043159,0.0053500549,0.048065229,-0.083691863,0.063347813,0.022547633,0.01349659,0.017590717,0.027413581,0.096549838,-0.035430251,0.022719796,0.18902025,0.026748155,0.030967682,0.079173622,-0.031991723,0.052212509,0.053356197,0.072064889,0.0018767975,0.055455746,-0.0041791056,-1.1373175,-0.60105506,-0.57762013,-0.41165551,-0.32615469,0.13497111,0.50423743,-0.21802296,-0.1335976,-0.3993135,-0.12838496,-0.093388719,-0.15909402,-0.018265637,-0.22403332,-0.34051297,-0.097469795,0.12871338,0.043193348,-0.07244574,0.071356349,-0.050804379,-0.015614383,-0.0012958291,-0.046761347,-0.084901411,-0.077218599,0.041010595,0.03487044,-0.12471763,-0.042877306,0.0037912212,-0.043556565,0.045819007,-0.012794243,-0.052162039,-0.09830859,-0.014403717,-0.012944027,0.0064666408,1.7995287,0.20744896,-0.66081383,-0.39529708,-0.081956977,-0.036576815,-0.003532055,-0.030505257,0.038832707,-0.45162076,-0.0037824282,-0.0355197,-0.13449768,-0.17225891,-0.040874863,0.081346939,0.010692209,0.010886705,-0.019906617,-0.018531102,0.015118926,0.068990498,-0.13299308,-0.058905989,-0.010818213,0.0013817221,-0.044152846,-0.049037996,-0.14151286,-0.20207758,1.016189,1.0595517,-3.0476275,0.026369515,-0.18918382,-0.42216027,-0.50713057,-0.58334555,0.48349458,0.2416895,0.13720231,0.11993711,0.066836574,0.15449621,3.0150357,0.23896828,2.6183223,0.44153501,0.14068606,0.3734631
2025-09-08 13:45:00,1.0393271,1.0300874,1.0124401,1.0112747,1.0109482,1.0543061,1.0610519,1.0695256,1.0609342,1.0752071,1.0262286,1.0562843,1.0576892,0.97126052,1.172256,0.60447727,0.56240463,0.4500497,0.36411867,-0.15159368,-0.4891727,0.27717081,0.14362721,0.3537132,0.086034033,0.074857251,0.14535412,-0.0022980915,0.24386697,0.059417385,0.45256304,-0.029385713,0.016469692,0.32335214,-0.053667697,0.067956017,0.024584952,-0.026075134,-0.011693393,0.040006847,0.13319683,-0.049904353,0.021047238,0.1407437,0.048223555,0.033367907,0.041671994,-0.04326673,0.02304623,0.039770793,0.065195405,-0.027687912,-0.019515111,0.059026755,-1.1672194,-0.56995123,-0.4893593,-0.46449748,-0.30591797,0.14631814,0.49471683,-0.27635164,-0.13168353,-0.38365439,-0.07001643,-0.045805166,-0.1374987,0.011834928,-0.24724511,-0.066534916,-0.45063964,0.048937616,-0.032694884,-0.3245167,0.077241701,-0.014655538,0.0040034464,0.027685052,-0.040676718,-0.023446307,-0.10338086,0.064204992,-0.029684669,-0.14001931,-0.029845656,-0.0079391913,-0.058138986,0.090627027,0.016483069,-0.059779742,-0.011920055,0.028170557,-0.011995319,-0.0044979951,1.8085188,0.17676728,-0.68402954,-0.40287332,-0.089655199,-0.099247569,-0.011557092,0.0075883826,0.14318701,-0.075842872,-0.016795114,-0.06261387,0.18338218,-0.79890161,-0.0093319827,0.10285091,0.073727912,0.072961794,-0.01566866,-0.048979001,-0.039977562,0.056997855,-0.085223385,-0.058735165,-0.0037617761,-0.021943428,-0.042711426,-0.038831483,-0.14064712,-0.20117329,1.0173907,1.059943,-3.0458353,0.027065058,-0.19226651,-0.65285809,-0.50959053,-0.58654841,0.48434953,0.24256573,0.13762774,0.06464617,0.064971102,0.15396581,3.0105039,0.23725329,2.6180486,0.44045087,0.14063949,0.37239678
2025-09-08 13:50:00,1.0767711,1.050078,1.0239503,1.0331783,1.0131676,1.0570472,1.0296904,1.070315,1.0416299,1.033658,1.0543924,1.0478494,1.0562269,1.0470151,1.1868292,0.57273449,0.5374437,0.44204774,0.33245804,-0.14470659,-0.46808776,0.24535942,0.11697171,0.27315184,-0.064283887,0.033210061,0.19774132,0.036673872,0.2271827,0.075301071,0.024427281,-0.25496674,-0.0012611134,0.091204655,-0.075405856,0.07535386,-0.00073129496,-0.014121535,-0.014297256,0.044817902,0.11654824,-0.05128927,0.062547984,0.16393534,0.026239266,0.024007567,0.056420231,-0.046800798,0.013179117,0.027508701,0.014788148,0.0016237574,0.042110472,0.0069541349,-1.1689212,-0.60650551,-0.55451474,-0.41881535,-0.33043812,0.13163968,0.52349007,-0.2314955,-0.17319584,-0.2621039,0.10008854,-0.066878703,-0.15412689,-0.002120393,-0.28012881,-0.085334657,-0.044840499,0.32141452,0.00067879969,-0.061367146,0.041993183,-0.052797743,-0.0054974836,-0.022281144,-0.034215508,-0.078000846,-0.10475345,0.053483153,0.0052329285,-0.13374957,-0.077333422,-0.037260925,-0.05391114,0.072340679,-0.033134325,-0.08359121,-0.044621888,0.049699019,-0.013096162,0.020405765,1.8066566,0.18721145,-0.64159654,-0.39181855,-0.16302457,-0.104797,0.010186693,-0.010468566,-0.24463486,-0.37022625,0.35336325,-0.054015169,-0.082816637,-0.15347853,0.016623722,0.096193261,0.10501122,0.094689576,-0.013375447,0.024171472,-0.006886602,0.069632849,-0.11460703,-0.047593887,-0.016403301,-0.009547341,-0.056742478,-0.050278303,-0.13990152,-0.17636656,1.0152161,1.0600891,-3.0457407,-0.04465852,-0.26742188,-2.8668126,-0.47385114,-0.53569078,0.48152425,0.23750031,0.1378075,0.063907817,0.070657316,0.16197771,3.0151456,0.23513297,2.5043807,0.44049559,0.14312644,0.28177746
2025-09-08 13:55:00,1.0672619,1.0490835,1.0131791,1.0160011,1.0096047,1.0564777,1.0552878,1.0513512,1.0324394,1.0267207,1.0434325,1.0409307,1.0372954,1.022597,1.2370962,0.72106033,0.62512919,0.64419241,0.49216702,-0.041545359,-0.45815115,0.24572632,0.11274593,0.38209741,0.092099783,0.043881517,0.15237626,0.0029074893,0.26862469,0.071640331,0.069695449,-0.052995599,0.004471913,0.082140159,-0.057540237,0.025859013,0.00014719085,-0.046527179,0.010032114,0.049227195,0.10356751,-0.032988916,0.039656976,0.15922151,0.040441374,-0.0089587337,0.049741709,-0.046648841,0.035949477,0.055613868,0.033385901,-0.029592775,-0.016987753,0.026771745,-1.126579,-0.65999683,-0.59740506,-0.60437813,-0.51787783,0.067706363,0.50374327,-0.26361666,-0.16187463,-0.37335571,-0.054095687,-0.10070587,-0.14914683,-0.0036078179,-0.23986282,-0.022764233,-0.092903138,0.046623748,-0.0044526243,-0.039394569,0.087089816,-0.025682875,-0.007946273,0.051354909,-0.010938888,-0.037274341,-0.13671322,0.042209826,0.037556157,-0.11769145,-0.047189407,-0.027143626,-0.078707593,0.056409745,0.014022904,-0.037240794,-0.019123908,0.01254271,0.0075681131,-0.018830584,1.9120239,0.52284361,-0.64848407,-0.63685225,-0.39444856,-0.10614143,-0.015132842,-0.0075735612,-0.23000539,-0.059163095,-0.037215628,-0.068264695,-0.10669914,-0.11193658,-0.017148686,0.087130067,0.073482153,0.045805013,0.068633972,0.0066369186,0.020373087,0.053604622,-0.14402745,-0.060823196,-0.015740518,0.0069075255,-0.085736219,-0.040557013,-0.16522779,-0.23096268,1.0099707,1.0546261,-3.0715864,-0.00042544776,-0.21429929,-0.68479306,-0.53686135,-0.61442916,0.481596,0.24330219,0.13863945,0.064246943,0.067604851,0.15463265,3.0258926,0.56553429,2.6020546,0.58593077,0.079234967,0.37657604
2025-09-08 14:00:00,1.0568937,1.0475348,1.0300569,1.0081691,1.0175102,1.0654461,1.0436849,1.0494432,1.0568711,1.0324551,1.0514254,1.0446497,1.0059297,1.0233351,1.2423353,0.6332301,0.54337297,0.4855639,0.35516153,-0.10241388,-0.50695162,0.3022551,0.16117916,0.35213874,0.040982549,0.13453976,0.40869126,-0.0063888864,0.23651278,0.08074725,0.13946445,-0.0099256482,0.056797858,0.023112299,-0.080983466,0.036122741,0.023881479,-0.031575804,0.020894791,0.030155284,0.12610369,-0.050408714,0.025886375,0.19646318,0.0080904666,-0.011640711,0.050468207,-0.021252855,0.0090976965,0.027015537,0.035086617,-0.033274004,0.017591074,0.021958673,-1.1781497,-0.58826755,-0.53508055,-0.44753373,-0.33191301,0.12827015,0.50011394,-0.27955532,-0.12895851,-0.41172843,-0.073665422,-0.130918,-0.35644211,0.017090207,-0.27201561,-0.065122501,-0.15893444,-0.01118122,-0.049437053,-0.018352728,0.064443399,-0.012731897,-0.00036626098,-0.01920775,-0.053225769,-0.055590819,-0.099328174,0.064040535,0.022116324,-0.12929566,-0.0017426566,0.0064659923,-0.072964842,0.053421333,-0.0027219405,-0.02272708,0.0047098017,0.017972505,-0.031656085,-0.017156179,1.7786578,0.19191396,-0.65149898,-0.39246187,-0.08979213,0.21272116,-0.01213873,0.0043932989,-0.21054586,-0.041872484,-0.06083696,-0.070727881,-0.43968078,-0.11909521,0.014745375,0.12834275,0.040860038,0.048627894,-0.013393676,-0.050327185,0.003760734,0.064817965,-0.11860987,-0.055296175,-0.011777277,-0.039366609,-0.041427862,-0.0046678027,-0.13821699,-0.20250179,1.015763,1.0601849,-3.0454623,0.022301093,-0.19262071,-0.65760966,-0.31831941,-0.39771999,0.48325608,0.24419592,0.13881273,0.062657559,0.12047357,0.3773803,3.0106104,0.24776202,2.6197282,0.44229809,0.13859535,0.37497935
2025-09-08 14:05:00,1.0483763,1.0410856,1.0305464,1.0195883,1.018349,1.0647468,1.0437889,1.038594,1.0378844,1.0516991,1.0445955,1.0570094,1.0257025,1.0212237,1.212142,0.58727094,0.53199585,0.46033983,0.36024504,-0.11505082,-0.44886248,0.034226051,0.18267694,0.4300803,0.084702013,0.067685388,0.16370829,-0.014352966,0.60039528,0.028981063,0.12052104,-0.010238045,0.013903065,0.055234069,-0.044337554,0.037502556,0.014249302,0.002021574,0.046943517,0.025301384,0.13426558,-0.025646209,0.0098357377,0.17449895,0.028980892,0.036784322,0.041991912,-0.047988809,0.010123347,0.039740587,0.0083430921,0.03881458,0.024222655,0.012482417,-1.1918101,-0.57273636,-0.52678043,-0.46914388,-0.33590169,0.097106271,0.48836957,-0.020609405,-0.14542579,-0.40988624,-0.050018895,-0.097246695,-0.17821882,-0.0083408383,-0.58555655,-0.02424049,-0.083132872,0.043259601,-0.0038050507,-0.044194171,0.05774075,-0.034985516,-0.032370842,-0.029907995,-0.042736953,-0.07442075,-0.11654554,0.018755425,-0.011574618,-0.08055851,-0.0090037808,-0.018209901,-0.022292389,0.021039785,0.010181889,-0.0060020617,-0.061018492,0.012593517,-0.0015380599,-0.047418104,1.7921231,0.17914811,-0.67149232,-0.60792879,-0.070664555,-0.07926789,0.56011127,0.029187184,-0.59510132,-0.076356351,-0.014312434,-0.030040871,-0.088222289,-0.15500267,-0.026055754,0.08012015,0.014321253,0.048100895,-0.0060731735,-0.0301662,0.012561402,0.073527839,-0.083595814,-0.040134861,-0.022513969,-0.031950002,-0.055448606,-0.076151274,-0.14301392,-0.20138109,1.0169777,1.059239,-3.0454162,0.49160135,-0.1898026,-0.65600736,-0.51176381,-0.58449115,0.48273949,0.070217556,0.13838526,0.063942073,0.066098112,0.15284596,3.012037,0.25036053,2.619876,0.44149711,0.13751498,0.37722935
2025-09-08 14:10:00,1.0736646,1.0362473,1.0211908,1.0050222,1.0354921,1.0635271,1.0482968,1.0626912,1.0433733,1.041363,1.0481148,1.0449342,1.0268336,1.0157846,1.1946973,0.594559,0.55451955,0.45024345,0.35368179,-0.14321015,-0.49337153,0.29937819,0.16244374,0.52803085,0.085799951,0.1157934,0.24688861,0.0072916645,0.30214116,0.12680039,0.1422035,0.034651581,0.024733623,-0.014456968,-0.049035856,0.035438821,-0.032724345,-0.015921467,0.041387935,0.052467406,0.1237228,0.0093844834,0.0093739324,0.16141213,0.065477384,0.023733883,0.048647203,-0.046412297,0.03218173,0.052436446,0.040655073,0.021890299,0.0080390266,0.023017606,-1.1838328,-0.61516762,-0.52371343,-0.44331065,-0.29449838,0.11603335,0.49184346,-0.32092379,-0.14274667,-0.5419111,-0.054437597,-0.11662447,-0.24358381,0.0043713051,-0.32450993,-0.079474908,-0.10766568,-0.046715115,-0.028766959,-0.02041295,0.079828892,-0.030893818,0.041515026,-0.02306887,-0.07723343,-0.064296729,-0.10589028,0.095884229,0.042983563,-0.17141744,-0.049128962,-0.024317715,-0.057911106,0.058972793,0.013437707,-0.0070162027,0.0047718013,-0.014124595,0.00026199305,-0.016454066,1.7776146,0.16887389,-0.67296048,-0.32369361,0.080393428,-0.078851987,-0.011070227,-0.015734152,-0.2641132,-0.081842284,-0.13815562,-0.12795533,-0.24581359,-0.12227056,-0.0014033049,0.077510492,0.052729365,0.033993821,0.020432354,-0.022154427,-0.0065584636,0.073342563,-0.097007047,-0.040120484,-0.027759427,-0.030610443,-0.0082477712,-0.077318692,-0.14295387,-0.23747655,1.0159077,1.0536958,-3.0462923,-0.023429241,-0.19726652,-0.71347533,-0.43289968,-0.48601599,0.48301392,0.30905853,0.17625503,0.066828833,0.11686041,0.25071242,3.0138272,0.25771057,2.6653767,0.44088575,0.13349232,0.52041664
2025-09-08 14:15:00,1.0572954,1.0317038,1.0292936,0.99855984,1.0210224,1.0593875,1.0578394,1.0625505,1.0376501,1.044463,1.0715281,1.0380103,1.0594633,1.0279197,1.2262513,0.60831089,0.56808324,0.50813184,0.33682422,-0.13996972,-0.65011326,0.22876289,0.17843082,0.41123652,0.090513206,0.031091079,0.14444031,0.029863914,0.19785001,0.052611636,0.075760346,-0.10450227,-0.03561056,0.029383888,-0.042623589,0.064492269,0.01029791,-0.041958855,0.0019195543,0.035768863,0.092396839,-0.036813757,-0.042788207,0.1455634,0.026571654,0.046497119,0.051729077,-0.078423186,0.011622315,0.072823232,0.051720959,0.012937058,0.0056124718,-0.011223357,-1.1502541,-0.53130841,-0.5519964,-0.45546227,-0.31798006,0.15664268,0.64968577,-0.23493,-0.1029115,-0.35561976,-0.077097734,-0.07183441,-0.18080071,-0.032054782,-0.22315376,-0.05536059,-0.069013844,0.022917051,-0.039577438,-0.027537055,0.084098415,-0.03339971,0.0021323667,0.044049421,-0.016967159,-0.039664678,-0.080297483,0.045768618,-0.029196396,-0.1265507,-0.016482947,-0.051102654,-0.059781141,0.056835908,0.029416554,-0.036878253,-0.042993981,0.018009947,0.0039703001,-0.020910967,1.7986764,0.16283299,-0.67070451,-0.60567365,0.1470541,-0.10069423,0.010195865,0.0085190711,-0.21811104,-0.045691887,-0.058859178,-0.077563463,-0.10249222,-0.13169101,0.024862743,0.12544545,0.025875429,0.065073274,-0.0097119061,-0.041423194,-0.0088166896,0.067572531,-0.16148805,-0.039082094,-0.06669015,-0.034068665,-0.038232355,-0.0011436708,-0.1443428,-0.20219652,1.0146195,1.0606723,-3.0989259,0.025569082,-0.19393642,-0.60246151,-0.50659818,-0.57889268,0.6364621,0.2406334,0.13773531,0.072482445,0.067450232,0.1549594,3.0112457,0.25031014,2.6234896,0.45890986,0.13663831,0.38407596
2025-09-08 14:20:00,1.0627133,1.0221058,1.0185914,1.0110576,1.0199419,1.0578882,1.0383872,1.0546098,1.0342552,1.0396916,1.0448541,1.0358498,1.0374463,1.0255215,1.2223175,0.73882794,0.60946752,0.58862065,0.51905033,-0.064421887,-0.49961719,0.25833336,0.14561306,0.38376553,0.047491768,0.075191573,0.16889457,-0.0088165071,0.22200056,0.054810771,0.073012528,-0.017041595,0.0071886812,0.04785765,-0.026292644,0.068945666,0.0093293004,-0.012063102,0.02716952,0.0038409333,0.14466008,-0.036123736,-0.0024772572,0.15749418,0.078471238,0.031290703,0.073637681,-0.08022242,-0.017295092,-0.0066364092,0.045981177,0.010296904,0.0073231754,-0.0022257648,-1.1823971,-0.65217294,-0.63632837,-0.56798988,-0.48019694,0.058659855,0.5000917,-0.22817271,-0.14345796,-0.35584674,-0.043310259,-0.050256094,-0.14790722,-0.022300796,-0.22320129,-0.038960734,-0.093382153,0.04503359,-0.02267978,-0.025877189,0.042697694,-0.022447128,0.02769,0.036742513,0.012094396,-0.063193095,-0.059182893,0.076918024,0.0046826841,-0.12819189,-0.042018297,-0.061439406,-0.093614621,0.070266529,0.026473689,-0.03957872,-0.052064633,0.013229662,-0.0054207567,-0.017131479,1.9281563,0.54719922,-0.66220582,-0.58123654,-0.30932445,-0.086746543,0.017904813,0.0021195504,-0.27109146,-0.075629533,-0.038437285,-0.055773574,-0.1075244,-0.16056901,-0.013722479,0.12131513,0.094245884,0.078377417,0.0030745238,-0.011566764,0.023598601,0.059328891,-0.14422176,-0.044534478,-0.0083193465,-0.024703209,-0.054621651,-0.062892813,-0.16584543,-0.22433971,1.0108143,1.0556755,-3.0714329,0.0017716259,-0.21446143,-0.68109495,-0.53326339,-0.61153559,0.48469834,0.24353469,0.13872136,0.06420856,0.066368186,0.15398564,3.0245826,0.50660381,2.5970606,0.57407,0.08405881,0.37382972
2025-09-08 14:25:00,1.0548899,1.046057,1.0069023,1.0158322,1.0136891,1.05275,1.0603297,1.0441867,1.0466646,1.0371975,1.0554002,1.0763116,1.0273621,1.0315158,1.1863309,0.62200204,0.52985007,0.46813963,0.36659588,-0.12747375,-0.48794991,0.25242446,0.13994377,0.3583279,0.071593042,-0.10651271,0.34098097,-0.0078590829,0.22631754,0.021735265,0.14567964,-0.023446328,0.24445045,0.0016776787,-0.10228423,0.060011426,0.0080271613,0.0044838432,0.017310426,0.064564294,0.10833233,-0.037107468,-0.0015955291,0.17960217,0.063592706,0.091675855,0.087951587,-0.087649767,0.0055350145,0.065268286,0.055134092,-0.017946406,-0.10910006,-0.0041649439,-1.1709948,-0.55386068,-0.52538102,-0.46752048,-0.34521716,0.15878594,0.48971726,-0.22114986,-0.13008775,-0.37809554,-0.059910945,0.11352542,-0.35773843,0.0056496105,-0.19378859,-0.045106983,-0.11278404,0.014911829,-0.28792654,0.0030783739,0.075199743,-0.071919847,0.0075364329,0.0353573,-0.046870525,-0.053675413,-0.12491151,0.086150596,-0.0057058661,-0.14325388,-0.066959724,-0.072959593,-0.016867183,0.052332592,0.011804187,-0.030389844,-0.0041646236,0.0404496,0.1424644,-0.035490303,1.7897653,0.15708873,-0.64048345,-0.39654756,-0.066428008,-0.095346246,0.024475461,0.018734718,-0.22135566,-0.080286847,-0.0034165233,0.38729385,-0.56808413,-0.13771339,0.041166478,0.10508205,0.055562739,0.067586597,-0.047485932,0.064355454,0.022030809,0.086993844,-0.12464962,-0.066848986,0.021894639,-0.19285171,0.11458822,-0.044065577,-0.14031732,-0.20359578,1.016272,1.0605788,-3.048445,0.024862652,-0.19141793,-0.65312063,-2.8765744,-0.37396168,0.48306847,0.24269267,0.13953558,0.064928971,0.14183193,0.33829192,3.0114568,0.24432175,2.6213696,0.44230804,0.14005293,0.37183719
2025-09-08 14:30:00,1.0533183,1.0332137,1.0116683,1.0268419,1.0134534,1.0678092,1.0297763,1.0631769,1.0553555,1.0274991,1.0452664,1.0330481,1.0272589,1.0237115,1.3955551,0.72737878,0.59739619,0.53624713,0.40834064,-0.13173473,-0.4881949,0.26496257,0.14376388,0.34193355,0.041818144,0.038505445,0.139757,0.0024648755,0.23770832,0.03085721,0.11480566,-0.041193554,0.040699516,0.054793417,-0.079962514,0.086830532,0.013913593,-1.7790848e-05,0.021689979,0.040901466,0.099138048,-0.011759091,0.018751506,0.14090364,0.050770289,0.011922992,0.070093314,-0.058556039,0.019202061,0.022644535,0.018953113,-0.013599534,0.057711364,-0.010116423,-1.3522894,-0.68887249,-0.57528185,-0.48601909,-0.38611099,0.11498252,0.47789,-0.21904705,-0.13810627,-0.4041742,-0.095306637,-0.080973822,-0.13704014,0.035696023,-0.25705517,-0.028779504,-0.083559569,0.0029841177,-0.037910777,-0.059370833,0.086266425,-0.031624743,0.019638898,0.053392152,-0.025694891,-0.054062129,-0.11495181,0.0748576,-0.012389664,-0.12401671,-0.044437755,0.016187592,-0.075034935,0.017533155,-0.016320245,-0.0373477,-0.083903457,-0.016450684,0.041632159,-0.038451438,2.0335453,0.20790739,-0.69005204,-0.42445427,-0.19173982,-0.096040863,-0.023765922,0.042993185,-0.26613251,-0.070649524,-0.019694596,-0.05269305,-0.14358242,-0.13672347,0.040149736,0.15140754,0.03890514,0.066953388,0.038521392,-0.0019822101,-0.0027562846,0.043754742,-0.14819032,-0.078954134,0.014026512,-0.0052815157,-0.046384534,-0.019051916,-0.15732573,-0.22864941,1.0117998,1.0533003,-3.0673558,0.0035113852,-0.21100114,-0.68064985,-0.53491976,-0.60567691,0.48150862,0.24386106,0.13898593,0.064044107,0.066458609,0.15533686,3.0120713,0.28128523,2.6078361,0.50205067,0.12336376,0.37375597
2025-09-08 14:35:00,1.0641658,1.0315743,0.9994815,0.99100176,1.0185843,1.0465212,1.0513426,1.0751828,1.0516774,1.0504724,1.0437189,1.0421279,1.0583679,1.031681,1.1958696,0.58117302,0.54727101,0.4605755,0.33960044,-0.12599302,-0.48967275,0.46031642,0.15747126,0.4515858,0.11536146,0.061277748,0.17031942,-0.011804355,0.14664177,0.038618244,0.057798469,-0.056795232,0.0097028904,0.10185456,-0.066365511,0.075357856,-0.015659074,-0.035779895,0.063474133,0.074467623,0.1609456,-0.036405988,0.0042336187,0.16924646,-0.0064715701,0.04395473,0.075110757,-0.045627615,0.0037569943,0.01322543,0.023193742,0.0035592374,-1.9782027e-05,0.0027713419,-1.1835964,-0.60432102,-0.51823413,-0.42436347,-0.35457677,0.13586575,0.47529892,-0.44222795,-0.2127132,-0.41776916,-0.10766753,-0.087602238,-0.15418653,0.039968972,-0.118199,0.012625085,-0.056100084,0.10529766,0.011445077,-0.072795837,0.086029005,-0.0058710255,0.015447993,0.0057955486,-0.028791793,-0.06630536,-0.1422363,0.047981118,0.020823118,-0.13713935,0.012324429,-0.018676884,-0.099772753,0.080683039,-0.017859082,-0.065621898,-0.035595388,0.026097328,-0.025704012,0.011088928,1.8460345,0.17695098,-0.63609001,-0.14685223,-0.029273207,-0.095369014,-0.33555043,0.047437438,-0.22527704,-0.069223682,-0.03036291,-0.033571374,-0.10684829,-0.14749183,-0.040569536,0.08702149,0.066327369,0.069184809,-0.00070461106,-0.067745678,0.0010955422,0.05290897,-0.11911518,-0.096739293,-0.020371763,0.060506249,-0.049562207,-0.039079404,-0.13897999,-0.21221913,1.015902,1.059923,-3.0487256,-0.079265454,-0.20661108,-0.34085181,-0.51978679,-0.59368224,0.48176235,0.4382563,0.19234742,0.093148368,0.065996721,0.15649457,3.0130999,0.26055402,2.6510031,0.44178022,0.13227781,0.40867561
2025-09-08 14:40:00,1.0686168,1.0527967,1.0160004,1.0163736,1.0076869,1.0564423,1.0320355,1.0501926,1.0375289,1.0363151,1.0160801,1.0347762,1.0367002,1.0243153,1.2479312,0.72748472,0.69928621,0.59494069,0.52586742,-0.14871349,-0.4761808,0.23843011,0.13443333,0.36116114,0.066957918,0.07315554,0.18329104,0.0061181358,0.22482281,0.043733559,0.10446818,-0.046159726,-0.0082624349,0.05736548,-0.069255985,0.083775126,-0.009863165,0.0027721773,-0.0034121373,0.068296848,0.11560055,-0.071855078,0.0037003162,0.15848075,-0.021897515,0.022131988,0.090296881,-0.052187191,0.0050583653,0.055254349,0.03362214,0.0085019337,-0.00048722041,0.049329635,-1.1421429,-0.6792844,-0.65341403,-0.60127938,-0.4995273,0.13702076,0.48960321,-0.20996279,-0.14019064,-0.38388152,-0.09279329,-0.059518062,-0.14360193,-0.0092920897,-0.26867951,-0.059687053,-0.10632676,0.0015778078,-0.020233654,-0.060848915,0.039643715,-0.046856025,0.056423943,0.04046584,-0.032023366,-0.058079221,-0.091604458,0.077287759,0.014754978,-0.10454879,0.0182119,-0.015062635,-0.065698703,0.057843299,0.020294139,-0.040557451,-0.043586033,0.031929758,0.033975705,-0.0077962681,1.8971035,0.6319902,-0.80993762,-0.53533147,-0.34739768,-0.08681445,-0.016142731,0.015253434,-0.25150109,-0.10620445,-0.022617429,-0.053380109,-0.12444129,-0.11905386,0.048843798,0.092973804,0.059381503,0.078746246,0.019826519,-0.012251138,0.009780791,0.043633021,-0.16994977,-0.060079934,-0.014100146,-0.0014621254,-0.034579222,-0.035903066,-0.16478233,-0.22632607,1.0116239,1.0537666,-3.0718747,-0.0058769046,-0.21579286,-0.68877181,-0.54163295,-0.61457665,0.48648245,0.24436466,0.1404638,0.067253271,0.068031047,0.15670046,3.0295896,0.29418544,2.6042513,0.58846931,0.15516867,0.37600852
2025-09-08 14:45:00,1.049477,1.0439552,1.024193,0.99550025,1.0120553,1.0646273,1.0497482,1.0691876,1.0395248,1.0374317,1.0464176,1.0488268,1.0351778,1.0256217,1.2074234,0.61407126,0.54358402,0.46074083,0.35565321,-0.11224613,-0.49872762,0.059268296,0.15610028,0.34830187,0.078291418,0.044357604,0.12065142,-0.034133139,0.59227393,0.046031207,0.08493274,-0.014392487,0.019314122,0.047485964,-0.029715073,0.051717979,-0.015112376,-0.013450216,0.0068041806,0.033872436,0.10738608,-0.032084949,-0.0069058733,0.18294476,0.044914116,0.026331298,0.084434236,-0.061526986,0.021891652,0.034820119,0.048158939,-0.036416134,0.0072623294,-0.013718861,-1.1668209,-0.5876511,-0.56276055,-0.46177771,-0.34208671,0.12028052,0.51465778,-0.076349794,-0.14177662,-0.38905606,-0.049783098,-0.076526006,-0.14133488,-0.00077758748,-0.58379177,-0.0093329205,-0.083634022,0.0019824294,-0.020008051,-0.067674315,0.05321334,-0.03235927,-0.0083666224,-0.0020578671,-0.027694443,-0.017447393,-0.083560035,0.013437168,-0.011468126,-0.14423191,-0.060469515,-0.03763833,-0.055352465,0.084191667,-0.043132649,-0.049768272,-0.0099148892,0.011651161,-0.0025750623,-0.010951867,1.7945106,0.22494299,-0.65437732,-0.59765019,-0.044995938,-0.088105637,0.55910575,-0.02965683,-0.61708625,-0.077214051,-0.017859661,-0.037034724,-0.10226133,-0.12267098,-0.030272203,0.068720481,0.053137622,0.0046382118,-0.0071746594,-0.016915845,-0.048400846,0.067928524,-0.13464689,-0.034825753,-0.0073725406,0.0046163965,-0.047408214,-0.04488603,-0.14001659,-0.19882582,1.0182366,1.0606434,-3.047839,0.49079052,-0.19266131,-0.65879798,-0.51246493,-0.58363438,0.48263643,0.071836013,0.14019938,0.064879506,0.065089763,0.1543538,3.0109863,0.25184242,2.6208695,0.44188471,0.13866058,0.37326766
2025-09-08 14:50:00,1.0675647,1.0366799,1.0110928,1.0238239,1.0267709,1.0487621,1.0540764,1.0690468,1.0570893,1.0613713,1.0452361,1.0457518,1.0240802,1.0308549,1.2020688,0.6108431,0.57980867,0.42976616,0.35478119,-0.12582225,-0.4822019,0.046260413,0.10775551,0.40784657,0.068836682,0.054446398,0.12704745,0.010721269,0.58630341,0.092556464,0.10404742,0.014478795,-0.0057725685,0.047875859,-0.031458827,0.055585283,0.041616991,-0.0099885082,0.0033339956,0.080491255,0.13398778,-0.068713372,-4.6359875e-05,0.12921134,0.020044565,0.025045236,0.11893714,-0.071561497,0.026092106,0.029839535,0.002445118,-0.0017004604,0.015751366,0.067237766,-1.1960009,-0.58730479,-0.56683145,-0.44685971,-0.31779959,0.13448089,0.42588177,-0.072599318,-0.140551,-0.39145178,-0.039064671,-0.074789418,-0.15771093,-0.018795563,-0.63874935,-0.086428736,-0.090609086,0.035000729,0.013627774,-0.047802143,0.091029581,-0.035449804,-0.020712573,0.014773068,-0.03296546,-0.033391343,-0.10696336,0.041474162,-0.035917056,-0.14283854,-0.021393003,-0.011818092,-0.026134723,0.048218474,-0.015446896,-0.033120869,-0.048436482,0.0096442513,0.014936794,0.0060678757,1.7995931,0.16405012,-0.65292357,-0.60577743,-0.037012691,-0.13013529,0.56712711,0.021800385,-0.60482746,-0.05806437,-0.055882156,-0.07209173,-0.1266161,-0.10793248,0.010781702,0.10592231,0.082736506,0.0095174702,-0.012023084,-0.022581646,-0.019642885,0.056552003,-0.15942953,-0.0549567,-0.037158703,-0.064032356,-0.043517895,-0.028214065,-0.14171965,-0.20357272,1.0155534,1.0578652,-3.0494245,0.4747904,-0.19268064,-0.65830986,-0.5109941,-0.58351921,0.48340555,0.073818383,0.13977922,0.064683118,0.066381676,0.15751741,3.0148148,0.2565909,2.6238948,0.44407543,0.13391502,0.37405571
2025-09-08 14:55:00,1.0595035,1.0461619,1.0144815,1.0114627,1.0264216,1.0742774,1.051767,1.0398421,1.0513512,1.0366795,1.0522295,1.0397853,1.0632631,1.0302613,1.2098062,0.58480997,0.56004395,0.44379159,0.30287024,-0.11109053,-0.48473989,0.62148104,0.33560418,0.58725875,0.27012441,0.096412331,0.17068062,-0.0066027607,0.63021321,0.0090142905,0.0079336075,-0.11353642,0.021789039,0.15052657,-0.061600732,0.033679482,0.0059834563,-0.019312737,-0.001861854,0.023922319,0.089265025,-0.027624009,0.046702385,0.18028257,-0.040545795,0.051816937,0.067060311,-0.045518953,0.015903289,0.053510581,0.10310128,0.065567828,0.016122447,-0.01399049,-1.1547063,-0.59213888,-0.53834664,-0.45648728,-0.34217225,0.13551166,0.46395487,-0.60769502,-0.35272383,-0.59638984,-0.25854978,-0.065621752,-0.15553346,0.0068761029,-0.592611,-0.05052077,0.033761027,0.11392705,-0.045322805,-0.14036485,0.07564686,-0.070710458,-0.0060391697,-0.0032085343,-0.024195858,-0.049018102,-0.094774402,0.0699768,0.026868195,-0.092783738,0.020440141,-0.042336502,-0.063654681,0.057744772,0.0096418177,-0.041310761,-0.099492885,-0.088207813,-0.0039822379,0.06556797,1.7857885,0.15319931,-0.62635497,0.14200732,0.1048865,-0.071921457,-0.0011893533,-0.010020529,-0.89377293,-0.14761496,-0.1145154,-0.060326219,-0.043710906,-0.15788205,0.014492864,0.053780451,0.052481512,0.10153612,0.051451774,-0.050749804,0.028256898,0.064773047,-0.067125685,-0.0018498645,0.036802518,0.013973847,-0.12770724,-0.070440846,-0.14176521,-0.24782915,1.0163255,1.0599622,-3.0505483,-0.12468777,-0.23789849,-0.16709697,-0.55205031,-0.62104043,0.48212195,0.59611062,0.34525061,0.25401272,0.069678522,0.16201647,3.0140473,0.27344457,2.7273438,0.44209659,0.12909524,0.56698658
2025-09-08 15:00:00,1.0704792,1.0399176,1.0200399,1.0259386,1.0345961,1.073073,1.0282323,1.0645261,1.040131,1.0389273,1.0409315,1.0450477,1.0463715,1.0325095,1.1823103,0.60024595,0.51321301,0.48810912,0.38234304,-0.091296831,-0.49091104,0.25066928,0.16666642,0.387688,0.08623182,0.051872106,0.16976932,0.015278757,0.20641083,0.048698507,0.076176525,-0.007601121,-0.017915367,0.028675124,-0.074716398,0.081617263,-0.014548059,0.0074795966,-0.011500456,0.074705565,0.10229655,-0.029815874,0.012834275,0.1581949,0.035200975,0.048987388,0.058648837,-0.063542746,0.0034809977,0.015157303,0.0093922863,-0.020072148,0.003113153,-0.0016000019,-1.1651166,-0.59140952,-0.53738609,-0.45141499,-0.36092742,0.14959012,0.50884621,-0.23397276,-0.15883451,-0.37871941,-0.0714532,-0.070449791,-0.15221245,0.0067251876,-0.23539078,-0.014518156,-0.076624072,0.03182002,0.0011969964,-0.067395437,0.029399826,-0.058672331,-0.020782503,-0.0026901618,-0.024507512,-0.053474624,-0.077518381,0.034610356,-0.0014099473,-0.14110817,-0.036859241,-0.019321767,-0.10404296,0.05410786,-0.028250442,-0.037447705,-0.023146233,0.053909404,0.007701677,-0.018284853,1.805274,0.18576716,-0.65796534,-0.41422155,-0.078271074,-0.10463219,-0.02184702,-0.0018675083,-0.23021872,-0.06044761,-0.017248413,-0.071273102,-0.10049112,-0.10997126,-0.005401751,0.042523789,0.064769037,0.029627459,-0.022389282,-0.010132216,-0.018095669,0.079979066,-0.1321936,-0.038631148,-0.032072715,-0.033864728,-0.062617163,-0.022054885,-0.1399796,-0.20028041,1.0164669,1.0610817,-3.0488773,0.020196758,-0.19338537,-0.66481403,-0.51384738,-0.58941396,0.48197131,0.24533172,0.14016596,0.064978243,0.06690891,0.15520006,3.0140521,0.26417071,2.6217482,0.44332736,0.13350882,0.37594975
2025-09-08 15:05:00,1.0545927,1.0330832,1.0173723,1.0080948,1.0218211,1.0558969,1.0401274,1.0590431,1.0454218,1.0472116,1.0345525,1.0463973,1.0471819,1.0282455,1.1809698,0.60767351,0.54017509,0.49423313,0.3205906,-0.1370167,-0.5076523,0.43826673,0.21275306,0.44216821,0.10282674,0.072209557,0.14732042,0.0012830057,0.12450805,0.029637815,0.068241822,-0.079492303,0.014388784,0.080527347,-0.062455826,0.026215252,0.0036968875,0.00020116276,-0.0021392943,0.016098801,0.1254924,-0.0047257523,0.023944603,0.13623996,-0.007331968,0.015625062,0.057418988,-0.078296866,0.009055001,0.037586807,0.024621713,-0.0025299566,0.0072675489,0.036925965,-1.1533834,-0.60089849,-0.54798812,-0.41330768,-0.32262226,0.13089875,0.49181746,-0.43400987,-0.17230615,-0.38120189,-0.064588989,-0.066374736,-0.16202573,0.0041652547,-0.16059957,-0.0066852995,-0.049265675,0.052928975,-0.0064524941,-0.052921697,0.059818142,-0.01398992,0.026432743,0.030856984,-0.055546218,-0.051948016,-0.12988624,0.04567037,0.018925708,-0.10844191,-0.0039290293,-0.012369871,-0.08451966,0.057886084,-0.010986088,-0.076891588,-0.086120025,0.0021246752,-0.035076034,-0.0073034713,1.7765661,0.23007812,-0.65305003,-0.15059881,-0.059943226,-0.10615604,-0.30688256,-0.016613647,-0.28266007,-0.068262925,-0.014232264,-0.056147142,-0.10687406,-0.11871597,0.016229399,0.068434496,0.047563802,0.083486018,-0.0052822531,-0.0086970613,0.012239919,0.059612072,-0.12002091,-0.020619663,0.0090134671,-0.019094485,-0.061671464,-0.015603599,-0.14090711,-0.21147932,1.0177798,1.0606997,-3.0482914,-0.080156915,-0.20716078,-0.34763609,-0.52286145,-0.6010267,0.48326036,0.43838724,0.19356747,0.093512825,0.065190478,0.15731739,3.0115394,0.26611014,2.6487571,0.44401465,0.13054909,0.41061365
2025-09-08 15:10:00,1.0789747,1.0357612,1.0290081,0.99538033,1.0179732,1.0435573,1.0352936,1.0640902,1.0528494,1.0546401,1.0392709,1.0353403,1.0490072,1.0402544,1.2170138,0.76662722,0.60417968,0.59234968,0.49101934,-0.054363486,-0.47671171,0.24105057,0.15406982,0.41311996,0.042321523,0.064799035,0.19569876,0.013276036,0.25894735,0.037190476,0.072556905,-0.016969947,0.02400717,0.058182015,-0.04526202,0.070537978,-0.014084912,0.0074083344,0.022366933,0.028254439,0.10715441,-0.03198023,-0.0021369809,0.15579637,0.014029054,0.019654705,0.079526254,-0.097077397,0.019027291,0.041176174,0.043956758,-0.020769205,0.0069488813,0.0074450361,-1.2038461,-0.69295095,-0.56367896,-0.59842746,-0.50924401,0.055284568,0.49625873,-0.23716421,-0.13842616,-0.31172859,-0.077825016,-0.074022642,-0.18349657,0.0014350668,-0.21054024,-0.025730237,-0.063095941,0.04795401,-0.0065679573,-0.043426811,0.081547331,-0.02581539,-0.0032016644,0.019814613,-0.0061567617,-0.066976822,-0.08875494,0.059202293,0.016567649,-0.096513264,-0.041771776,-0.041382005,-0.053667235,0.078773388,-0.029343206,-0.015314749,-0.040743058,0.047187759,0.0048638847,-0.027053087,1.9400754,0.54605279,-0.65327901,-0.61666939,-0.35053002,-0.11062375,-0.017169755,0.018874074,-0.30466937,-0.078120496,-0.014537432,-0.032104012,-0.10234841,-0.13065271,0.018468692,0.094133979,0.018456966,0.03977775,0.056867836,0.028335589,0.020265522,0.064165626,-0.14376419,-0.020807356,-0.03752248,0.026792179,-0.032595401,-0.046606283,-0.16715006,-0.22783578,1.0101279,1.0546804,-3.0682387,-0.0045684244,-0.21912032,-0.70036913,-0.539735,-0.61475109,0.48107793,0.24649086,0.1404501,0.06324618,0.067382088,0.15834408,3.024132,0.63983641,2.6070812,0.58599076,0.071148581,0.37776316
2025-09-08 15:15:00,1.0716663,1.0592828,1.0207902,1.0248351,0.99144254,1.0438142,1.0436917,1.0717008,1.0454303,1.0416689,1.0547982,1.0544867,1.0383634,1.0165173,1.3806382,0.69637824,0.59548167,0.54980585,0.43030612,-0.078148685,-0.46917944,0.28432776,0.16450769,0.36365806,0.038898329,0.046735812,0.15366349,-0.012552441,0.26988064,0.065899884,0.081898605,-0.053998449,-0.0015454341,0.066675246,-0.039270397,0.061766566,0.018831242,-0.0039309838,0.0028049939,0.071302908,0.091511865,-0.018332109,0.022631422,0.18070802,0.040241049,-0.0021639315,0.06940721,-0.10076266,0.016387186,0.033042919,0.04907621,-0.0028884675,0.0041383107,-0.0054018016,-1.3622615,-0.6803002,-0.57072401,-0.4809013,-0.41935395,0.11660768,0.50790634,-0.2617012,-0.14221997,-0.35435638,-0.066391503,-0.077600547,-0.12344262,0.002654641,-0.26937445,-0.083099657,-0.067256429,0.053537171,-0.035184772,-0.036709041,0.043212542,-0.028179804,-0.010822555,0.024770217,-0.034001713,-0.051726514,-0.1076004,0.045248851,-0.011436359,-0.11516751,-0.033533444,0.010645835,-0.033046256,0.079117835,-0.053549341,-0.013486678,-0.037226407,0.024202412,-0.0095492305,0.012117935,2.0719605,0.2096076,-0.68364762,-0.47614215,-0.18694641,-0.084839344,0.01069645,-0.00047470258,-0.26487467,-0.064941336,-0.031103126,-0.035853808,-0.1002279,-0.13248851,0.010836408,0.12053225,0.024167933,0.020939274,-0.016272726,0.0057443961,-0.0079891167,0.078603108,-0.17283359,-0.0229207,0.039974516,0.014669791,-0.037799917,-0.065465549,-0.16017656,-0.22637324,1.0118715,1.0540831,-3.066217,-0.0019242716,-0.21869461,-0.69216168,-0.53587553,-0.60996527,0.48026358,0.24841399,0.14226408,0.065934108,0.067308423,0.15760788,3.009279,0.30986105,2.6137982,0.50196515,0.11665758,0.38046448
2025-09-08 15:20:00,1.0694308,1.0236151,1.016645,0.99330813,1.0233349,1.0841355,1.0553283,1.0606829,1.0427418,1.059883,1.0474347,1.0442068,1.0430939,1.0299001,1.2099292,0.61968101,0.53031732,0.47087871,0.3242847,-0.1294866,-0.47244225,0.24682826,0.14367139,0.37898491,0.070516134,0.050636837,0.15602336,-0.39186574,0.24337194,0.064988433,0.086139963,-0.028335285,-0.01121614,0.034734536,-0.061155919,0.049927682,0.0017671421,0.011929545,0.029726519,0.030303875,0.12686248,-0.055826645,0.015269683,0.15220482,0.033129376,0.045207839,0.07546755,-0.039600419,-0.0072296557,0.060906386,0.029476038,0.0092340983,-0.00967728,0.033236997,-1.1601358,-0.61129727,-0.52016452,-0.43469821,-0.37991119,0.10747879,0.48628531,-0.23206765,-0.14064306,-0.35784016,-0.077261114,-0.047328335,-0.1593885,0.40744028,-0.23576622,-0.0076005709,-0.067321536,0.042408789,-0.0071939538,-0.052871113,0.047901984,-0.046073399,-0.015903272,-0.0097540773,0.0139844,-0.05272798,-0.12143261,0.069241574,0.0022200577,-0.10928202,-0.074211511,-0.028347637,-0.10922213,0.082629385,0.024365317,-0.048468668,0.00074352388,-0.011753413,0.036076676,-0.035055072,1.7800504,0.19916178,-0.62910104,-0.43384726,-0.12057606,-0.065548605,-0.39295093,0.36807662,-0.22990259,-0.048952735,-0.043012629,-0.048246107,-0.1302361,-0.15963635,0.0049920136,0.078253665,0.062910889,0.00680604,-0.012050772,0.0089489298,0.024782367,0.078967436,-0.11719602,-0.052111855,-0.058125197,0.003750762,-0.030690789,-0.032939734,-0.14395926,-0.19854345,1.0184826,1.0603788,-3.0497398,0.019127813,-0.19624482,-0.67132567,-0.51805508,-0.59124344,0.48164831,0.24652617,0.14052789,0.065273965,0.068888737,0.15571339,3.011755,0.26910457,2.6284928,0.44453249,0.1298958,0.37750053
2025-09-08 15:25:00,1.0619483,1.0332201,1.0068584,1.022348,1.0217757,1.0501759,1.051266,1.0732255,1.0498208,1.0549076,1.0519811,1.0282133,1.0655885,1.0105749,1.2203641,0.59974064,0.54176563,0.46457386,0.40141341,-0.088092296,-0.4791067,0.60608946,0.3649275,0.58856491,0.24359259,0.069785922,0.14912618,0.00093018533,0.60418423,0.038424702,-0.028508055,-0.12072936,-0.0084689828,0.12197679,-0.056745555,0.057465768,-0.02414012,-0.034922856,0.026453548,0.045628836,0.10565963,-0.026247753,0.028780937,0.19621696,-0.016189634,0.034029865,0.087739937,-0.034529112,0.083035066,0.048807808,0.075700723,0.10401141,1.3949397e-05,0.008989214,-1.1445427,-0.57624127,-0.57271666,-0.47515157,-0.34875735,0.1181484,0.46715697,-0.59484003,-0.393339,-0.58430922,-0.2831583,-0.054202663,-0.18202847,-0.0020109942,-0.61828248,-0.039977677,-0.019578011,0.093983318,-0.028928998,-0.14616334,0.056624834,-0.045274712,0.019497234,-0.048402417,-0.009357679,-0.072298124,-0.11517586,0.072585923,0.038867184,-0.11599404,0.058793854,-0.019340218,-0.061308821,0.057550392,0.032184856,-0.042525811,-0.071416407,-0.071224901,-0.024808254,0.027576552,1.7794138,0.18785831,-0.63856331,0.1424477,0.16318579,-0.1145985,0.019752199,0.0024936482,-0.90222506,-0.11347509,-0.16787445,-0.02971741,-0.065194168,-0.1281741,0.011796946,0.082208277,0.046966287,0.1184735,0.026211409,-0.03866716,0.05949892,0.043657931,-0.051635166,0.017499338,-0.020242359,-0.039633237,-0.078665652,-0.037474064,-0.14153154,-0.24861031,1.016509,1.0610835,-3.0503839,-0.12432287,-0.23738225,-0.16642905,-0.55282221,-0.62264339,0.48319214,0.59694254,0.344257,0.24943363,0.068231209,0.16342668,3.011675,0.28310531,2.7241456,0.44583296,0.12668263,0.57002552
2025-09-08 15:30:00,1.0407967,1.0337064,1.017915,1.0218986,1.0229547,1.049698,1.0465613,1.058554,1.0461545,1.046193,1.0454153,1.0520893,1.0358872,1.0349197,1.2262184,0.59624772,0.53192566,0.46495148,0.35633267,-0.093284822,-0.45558063,0.081884736,0.15493323,0.39804066,0.090371805,0.031887188,0.1823258,-0.025717831,0.60086822,0.030185778,0.083624127,-0.019217249,0.0074735894,0.06353894,-0.047548438,0.03430082,0.018869031,0.0082491585,0.015435893,-0.0062114482,0.089967404,-0.045753567,-0.0031514769,0.18118422,0.064552841,0.019795531,0.094235353,-0.02416539,0.013290279,0.059554879,0.032727363,-0.026805872,0.010245855,-0.0031178736,-1.1599092,-0.60311344,-0.51725867,-0.4565146,-0.34303863,0.10839581,0.45496252,-0.081432197,-0.17036964,-0.37397106,-0.068587715,-0.050893066,-0.19588335,-0.00559216,-0.60789892,-0.073040192,-0.095400151,0.047022691,-0.0073794501,-0.052888988,0.08538233,-0.031516218,-0.0073581519,-0.036007672,-0.049943707,-0.015068176,-0.12005156,0.075418879,-0.0050502729,-0.1077903,-0.065922022,-0.033922994,-0.071105847,0.059673043,-0.00041582357,-0.037663572,-0.020375074,0.020069154,-0.020540307,-0.026518905,1.8322977,0.17475714,-0.61798464,-0.5657661,-0.06763745,-0.040989629,0.56136158,-0.0069100669,-0.60928129,-0.1160595,-0.026754959,-0.069463146,-0.094199898,-0.084925261,-0.0084328118,0.093580928,0.05684253,0.042128927,-0.060568704,0.01090709,0.0048137881,0.075439699,-0.11693222,-0.0054800819,-0.0011641056,-0.047234528,-0.054810695,-0.030075259,-0.1417653,-0.2071504,1.0167227,1.0609844,-3.0518347,0.42986295,-0.1986315,-0.68032272,-0.51387139,-0.59288714,0.48323507,0.077228439,0.14269776,0.066949189,0.067834732,0.15784297,3.0175635,0.28631873,2.6293,0.44453139,0.12270346,0.37859748
2025-09-08 15:35:00,1.0890331,1.0398138,1.0189537,1.0213069,1.0114207,1.0598812,1.0462203,1.061307,1.0342266,1.0480027,1.0382244,1.0466417,1.0553604,1.0329744,1.2026261,0.6021179,0.53442211,0.4588975,0.38930573,-0.07486134,-0.48166596,0.060418033,0.16419599,0.39207333,0.063519661,0.089007344,0.15322281,-0.024218402,0.62752375,0.087134901,0.065094329,-0.017987275,0.033490434,0.042624031,-0.092816539,0.082412458,0.017468452,0.019305033,-0.0027771809,0.03038403,0.10797171,-0.049607937,0.018992821,0.19333327,0.038153605,0.051746719,0.068137706,-0.085653411,0.025094358,0.050169503,-0.01579061,-0.025201983,0.02027393,0.028409696,-1.1924257,-0.57977306,-0.47963106,-0.44880771,-0.34737904,0.12808899,0.47932697,-0.063768786,-0.13324678,-0.35417908,-0.081169201,-0.082852426,-0.17548682,0.022386601,-0.58072561,-0.10366073,-0.089273283,0.00093236584,-0.0011781626,-0.027793051,0.076300056,-0.050057002,0.0064527003,-0.008628646,-0.010943845,-0.064099808,-0.10477944,0.061569896,0.0080705447,-0.11397852,-0.041519281,-0.045459254,-0.080039653,0.063165466,0.033556081,-0.041316681,-0.042789555,0.012040764,0.0080526956,-0.014137424,1.8130769,0.1646623,-0.63970516,-0.62318436,-0.068860554,-0.066961008,0.51465891,-0.014239947,-0.59610309,-0.07646675,-0.041062696,-0.035622113,-0.12362084,-0.16007683,-0.032637203,0.060651186,0.069242983,0.0091319758,0.0039665114,0.019053005,-0.021288086,0.068809637,-0.13580357,-0.038897619,0.017560881,-0.049849992,-0.073595284,-0.057479635,-0.13937799,-0.20340708,1.0155576,1.0602172,-3.0485851,0.42391645,-0.19901685,-0.6772454,-0.51536824,-0.59289084,0.48271512,0.07720357,0.14253946,0.065844815,0.067054315,0.15838411,3.0110097,0.28838618,2.6294448,0.44581771,0.12354379,0.38023871
2025-09-08 15:40:00,1.0420889,1.0380359,1.0314308,1.0132409,1.022761,1.0542185,1.0572104,1.0730909,1.0448327,1.0592861,1.0459338,1.0452936,1.0585454,1.0364069,1.1648635,0.57873076,0.52511704,0.47772481,0.38398497,-0.14237782,-0.4585911,0.45906394,0.22361083,0.44202741,0.086267799,0.073623727,0.14264147,0.043882905,0.14438018,0.0055496351,0.048920545,-0.065315593,0.01227524,0.090901717,-0.048402862,0.042471795,0.02555184,-0.00028578676,0.0053563009,0.021733656,0.11392446,-0.026144113,0.022576798,0.14144247,0.023328785,0.014567489,0.088112368,-0.077897309,0.034114491,0.03926082,0.037133793,-0.00083795514,0.031585358,5.1317272e-05,-1.182777,-0.60489555,-0.49134947,-0.43482593,-0.3596125,0.11530557,0.48366327,-0.42560396,-0.19736856,-0.43075294,-0.088662425,-0.071704235,-0.17633258,0.00079523448,-0.13309481,-0.0004654258,-0.05865666,0.093193255,-0.018654183,-0.09683565,0.062865435,-0.0054520132,-0.013046821,-0.024072952,-0.018589485,-0.0090915922,-0.11436818,0.069000388,0.0016590379,-0.11479087,-0.032592023,-0.014252034,-0.075511042,0.057553023,-0.035707646,-0.058865821,-0.04749455,-0.037655935,-0.040755641,-0.022043216,1.8138295,0.18191282,-0.62263598,-0.19073739,-0.042789223,-0.10065348,-0.32560953,-0.021177925,-0.29710887,-0.097678427,0.029219108,-0.030020423,-0.091943896,-0.10293374,0.0015072793,0.077500824,0.048568051,0.0097217108,-0.033629616,-0.0080907325,-0.021516224,0.071896037,-0.1398047,-0.010512174,-0.012689345,0.018769454,-0.092066516,-0.069463302,-0.13789936,-0.2108558,1.0148402,1.0599489,-3.0519525,-0.081640968,-0.20914482,-0.36100732,-0.5228654,-0.59960412,0.48166107,0.43814129,0.19359709,0.093682716,0.068159832,0.15898608,3.0118212,0.29101461,2.6566839,0.44849355,0.12208973,0.41390409
2025-09-08 15:45:00,1.08363,1.0353443,0.993809,1.005273,1.0243023,1.0477124,1.0508745,1.0699838,1.0361619,1.0325264,1.05311,1.0326399,1.0549326,1.0365766,1.1835745,0.62452598,0.52539598,0.44305897,0.3413722,-0.10482956,-0.46019663,0.25252139,0.12443145,0.37018295,0.10612373,0.047593802,0.153933,0.014306041,0.22255832,0.34023988,0.078362318,-0.089536381,0.016993771,0.059163031,-0.045668679,0.049590007,-0.032253892,-0.0054594122,0.02891454,0.015550667,0.11974917,-0.043117803,0.00087373622,0.17443332,0.012812558,0.018355094,0.090273313,-0.090462527,0.014426484,0.048158782,0.016576004,-0.0031166565,0.021576964,0.051735804,-1.1338276,-0.59552033,-0.53061807,-0.43319136,-0.34782272,0.10916719,0.4571669,-0.22633518,-0.12670448,-0.37675767,-0.10320041,-0.074000327,-0.17964689,0.0037488687,-0.27604995,-0.37139847,-0.076753517,0.077793314,-0.050945362,-0.089697094,0.072200988,-0.027738923,0.020760395,-0.030508406,-0.015439591,-0.09271813,-0.098048793,0.090282076,0.0073467083,-0.11122003,-0.015579725,-0.023875131,-0.059701977,0.074785306,-0.052278091,-0.020286415,-0.01773514,0.016988558,-0.032531159,0.0036046282,1.8005574,0.18266233,-0.64495305,-0.40126914,-0.050319628,-0.045576867,-0.018917107,0.0066157507,0.012013414,-0.42067726,-0.055282026,-0.083661493,-0.12387426,-0.14253598,0.00069371025,0.063383877,0.042585362,0.04196723,0.019879258,0.02215613,0.055432091,0.055057162,-0.15129615,-0.076718032,-0.00024775946,-0.0087093142,-0.051459162,-0.040373991,-0.14085454,-0.20296337,1.0153569,1.060565,-3.0505435,0.018795631,-0.20031681,-0.44837556,-0.52134316,-0.59439817,0.48053548,0.2501072,0.14281572,0.12276597,0.067690398,0.15917331,3.0136868,0.30130551,2.6328507,0.44798941,0.11988713,0.38163877
2025-09-08 15:50:00,1.0631494,1.046196,1.0180077,1.0282134,1.0260154,1.0611952,1.032975,1.0594878,1.0464615,1.0362737,1.0713864,0.98395146,1.0456677,1.0237734,1.1946584,0.61832697,0.55582662,0.48388018,0.32532475,-0.11710271,-0.4486385,0.25068953,0.14336236,0.39994505,0.068604836,0.31872269,0.17040256,-0.0031219456,0.258473,0.058130702,0.12917753,-0.064501159,-0.21690379,0.068063546,-0.042676796,0.053662914,0.034036199,-0.0047344386,0.011436363,0.02870157,0.10694027,-0.069657598,0.023026176,0.1753344,0.040413432,0.093933833,0.049019746,-0.057401285,0.01247003,0.070658389,0.069283513,-0.018220584,0.092464998,0.0044356065,-1.1378333,-0.58581026,-0.53819609,-0.4560435,-0.35236357,0.091927969,0.48985114,-0.25868012,-0.13081336,-0.40205773,-0.082259297,-0.3299359,-0.15435691,0.013851593,-0.23001932,-0.077968917,-0.087211998,0.022403383,0.2348232,-0.051321085,0.04577481,-0.017555801,-0.012176747,0.0014562991,-0.022736406,-0.079194788,-0.075943235,0.049729587,0.017116475,-0.13296387,0.0056566902,-0.050616336,-0.065834407,0.040823164,-0.0071295862,-0.079453782,-0.0091007676,0.0064079031,-0.048046622,-0.010255932,1.7641137,0.15649316,-0.63031561,-0.46300992,-0.053257674,0.19850828,0.030217394,-0.023835402,-0.26624229,-0.067019491,-0.034715955,-0.53489983,0.12281521,-0.12024901,0.038491929,0.055114203,0.05074423,0.012646946,-0.013130789,0.069690898,0.036387496,0.067730353,-0.13173405,-0.06883479,-0.0051752374,-0.029386288,-0.10636154,-0.036715043,-0.14125586,-0.20915016,1.0170996,1.059529,-3.0526472,0.013052517,-0.2014582,-0.68554873,-0.48219645,-0.59635851,0.47974648,0.25070622,0.14270865,0.066089512,0.33047373,0.15890331,3.0109992,0.30094771,2.6318475,0.44700998,0.11866273,0.38123992
2025-09-08 15:55:00,1.0591695,1.0306207,1.0350852,1.0039544,1.0083796,1.0712768,1.0434211,1.076034,1.0516869,1.0441534,1.0423237,1.0417006,1.0357741,1.0173091,1.2054857,0.5984654,0.5277603,0.49670876,0.36938919,-0.11138536,-0.49733873,0.08671524,0.13546828,0.3560464,0.089944574,0.049075665,0.15838498,0.0031660438,0.60541208,0.056560961,0.062463032,-0.060855663,0.01251104,0.062011216,-0.0011024781,0.072284856,0.0092779621,0.015189634,0.049672628,0.046962671,0.11976746,-0.057581157,0.00099260522,0.15315913,0.035368965,-0.0087022702,0.063822974,-0.058491216,-0.020689244,0.060336481,-0.0079311666,-0.021340094,0.010611389,0.015029738,-1.1986557,-0.58365125,-0.55831253,-0.50360408,-0.30648785,0.11656443,0.50065602,-0.069993555,-0.17917196,-0.38306969,-0.061264364,-0.068912736,-0.14182593,-0.0085722396,-0.6276687,-0.086381848,-0.11495544,0.067105596,-0.020278457,-0.031150874,0.049016415,-0.015346691,0.016405063,0.027166802,-0.045513052,-0.048102191,-0.12383774,0.028239974,0.024181223,-0.12012194,-0.0082120173,-0.022910134,-0.027597188,0.050008378,0.040783993,-0.049496896,-0.075840337,0.016060443,-0.023474017,-0.031442954,1.8353241,0.20517681,-0.59775529,-0.60452717,-0.076812121,-0.11828152,0.5477194,-0.021798648,-0.59536028,-0.088104424,-0.042978192,-0.082229597,-0.077260643,-0.10008293,0.065673305,0.11069893,0.02072324,0.038236864,-0.0084167967,0.017465095,0.017951803,0.052159779,-0.10179909,-0.035758723,-0.026079872,-0.035837112,-0.086186225,-0.073490619,-0.14403432,-0.20316094,1.0150706,1.0598095,-3.0497368,0.40775682,-0.19872711,-0.68506894,-0.51767403,-0.59114872,0.48127737,0.080236342,0.14257625,0.066589418,0.067052393,0.15937546,3.0124095,0.30219665,2.6302536,0.4475419,0.11863598,0.38223723
2025-09-08 16:00:00,1.046432,1.0375224,1.0145878,1.0397557,1.021433,1.0617082,1.03941,1.057476,1.0538006,1.0392043,1.0479332,1.0486005,1.0437517,1.0244847,1.1867235,0.61462857,0.52942331,0.44487453,0.33436357,-0.12562219,-0.49478052,0.23687836,0.12270051,0.37274619,0.053666612,-0.13057046,0.37806665,-0.0081233427,0.25584105,0.061332995,0.11744181,-0.040460762,0.25521904,-0.0052674542,-0.070227079,0.043968914,0.0046161788,-0.017580351,0.034373672,0.051698271,0.11290653,-0.040697056,0.015912219,0.17362792,0.053708882,0.068418325,0.076189133,-0.096534621,0.011514654,0.066723148,0.040373788,-0.043626201,-0.15764045,0.023355711,-1.1537359,-0.59109406,-0.52946605,-0.45615503,-0.3189148,0.12060371,0.48100984,-0.19966149,-0.16824686,-0.3863145,-0.034917174,0.13492508,-0.35347825,-0.02681913,-0.23896126,-0.071064642,-0.13021313,0.026425081,-0.26328173,-0.024335609,0.097582858,-0.027171693,-0.030719185,0.0055124477,-0.031673533,-0.040952048,-0.090464566,0.059670767,0.0024094488,-0.17334574,-0.031042128,-0.043651567,-0.058718797,0.067487505,0.024063915,-0.053525841,-0.011078174,-0.014728423,0.11927353,-0.01845572,1.8009176,0.16934469,-0.62971947,-0.42604626,-0.090011964,-0.14480727,0.023708029,-0.013771241,-0.19783959,-0.091221982,-0.038406884,0.42622551,-0.57423936,-0.15472908,0.0076844561,0.073049096,0.048800303,0.035240803,-0.010263854,0.025551399,-0.027093443,0.079485107,-0.12930261,-0.080612333,0.013012167,-0.16923124,0.13561789,-0.040899725,-0.14123272,-0.20355481,1.0151993,1.0607941,-3.0503875,0.018738333,-0.19897654,-0.68038061,-2.8786857,-0.38255247,0.48303429,0.25044971,0.14353157,0.065787427,0.13900119,0.33800541,3.0132037,0.29166996,2.6328104,0.44592553,0.12350809,0.38070039
2025-09-08 16:05:00,1.0705742,1.0447344,1.0201658,1.0008276,1.0280184,1.0621665,1.0608756,1.0698065,1.055096,1.0374692,1.0402015,1.0237241,1.0169074,1.0157412,1.1866039,0.62069953,0.57335984,0.44032744,0.37117348,-0.099696976,-0.46112286,0.29144169,0.18168241,0.56071608,0.083365543,0.126247,0.24356137,0.0057247229,0.29243045,0.094852458,0.13152867,0.027513237,0.02976049,-0.0030036786,-0.050953607,0.04238712,-0.010532186,0.0050407256,0.043690615,0.025646588,0.12356602,-0.031961241,-0.014558275,0.17094798,0.054729539,0.0060317716,0.078015824,-0.057060327,0.0028862581,0.050002393,-0.00088578132,-0.051324596,-0.0082871236,0.015161847,-1.2090996,-0.56828498,-0.51876669,-0.45197706,-0.33065506,0.099356771,0.47773333,-0.31659503,-0.17173566,-0.53331058,-0.045240904,-0.10400538,-0.25272625,0.00867403,-0.34963464,-0.097013201,-0.11790279,-0.031334748,0.015677038,0.012741016,0.0833915,-0.04985083,-0.0018568214,0.011014424,-0.052065024,-0.070253862,-0.12033616,0.05167159,0.020001813,-0.11977884,-0.020621256,-0.013590419,-0.052586432,0.077233466,-0.0079643701,-0.065651366,-0.030656699,0.010141982,0.015074156,-0.027805615,1.7994105,0.17218431,-0.64022926,-0.31397764,0.067088285,-0.12209963,0.0019449055,0.020025928,-0.2770306,-0.083905585,-0.080318633,-0.093106402,-0.29479163,-0.13353614,-0.0059229365,0.12204034,0.028087493,0.036958909,0.062317648,-0.0054005355,0.018102435,0.065486319,-0.15829049,-0.07235245,-0.0075921731,-0.0059113349,-0.072376546,-0.035722789,-0.14113652,-0.23899414,1.0155147,1.0549891,-3.0510227,-0.030608313,-0.20504015,-0.73788594,-0.44116364,-0.49615304,0.48123531,0.31271715,0.18022271,0.069167488,0.11560016,0.24923573,3.0115913,0.31039248,2.6704183,0.44833795,0.11705072,0.52025533
2025-09-08 16:10:00,1.0482162,1.0278921,1.0197716,1.0010282,1.001828,1.0446776,1.0346898,1.0670577,1.0352268,1.0444,1.0521598,1.022156,1.0268434,1.0232647,1.18355,0.71369967,0.60958213,0.57911083,0.50433103,-0.049563758,-0.48092356,0.24060536,0.17787025,0.37619676,0.090054945,0.051704555,0.1365804,-0.0095865197,0.27366254,0.040610064,0.098236704,-0.057514836,0.0096328451,0.078696695,-0.066732881,0.092378251,0.0026908009,0.0058680261,0.032133721,0.026887176,0.11496017,-0.039496947,-0.0079098786,0.1806775,0.035688297,0.0039305562,0.0723671,-0.050651255,0.01261357,0.0012278991,0.074176029,-0.012031048,0.0019306422,-0.014144958,-1.1553071,-0.68080596,-0.55307366,-0.61015633,-0.50859687,-0.005982946,0.46280875,-0.24827132,-0.14277294,-0.35933367,-0.058062342,-0.093012982,-0.17158649,0.0095528519,-0.22052637,-0.057190489,-0.078004711,0.050518909,-0.059594555,-0.085809957,0.067194669,-0.0084156297,0.025195838,0.035684016,0.016617391,-0.085346168,-0.10648126,0.060471871,-0.01202789,-0.11436793,-0.052461054,-0.0054244687,-0.048714784,0.035504335,-0.024917643,-0.068630795,-0.016590523,0.026752331,-0.0039859683,-0.040306142,1.9076072,0.5791164,-0.64076956,-0.62359546,-0.33863488,-0.086961878,0.014135881,0.02583378,-0.27246854,-0.060832604,-0.016436645,-0.040133255,-0.12477028,-0.1064891,-0.020701802,0.12276966,0.098599403,0.065381803,-0.0025916736,-0.0067368134,-0.0052739176,0.082175179,-0.13221349,-0.074323872,-0.043682755,-0.025150474,-0.028412892,-0.014896828,-0.16655132,-0.23178288,1.0122963,1.0540942,-3.074328,-0.010197563,-0.22216075,-0.70737226,-0.54318777,-0.61973321,0.48151504,0.2515356,0.14313319,0.066038802,0.068276569,0.15934837,3.024697,0.70484015,2.6116822,0.58355034,0.066943331,0.38265654
2025-09-08 16:15:00,1.064288,1.0408397,1.0160254,1.0267948,1.0283401,1.0668531,1.0469133,1.0628313,1.0359806,1.0452708,1.0541496,1.0697455,1.0221403,1.0233423,1.160886,0.57144508,0.51934708,0.47803706,0.33834221,-0.096697585,-0.45842927,0.25609837,0.13856682,0.39407349,0.056824083,-0.10261632,0.35072514,0.01076632,0.22933015,0.053759633,0.14783089,0.016275278,0.26271851,0.011912407,-0.061310812,0.046539538,-0.021045089,-0.02914903,0.028942156,0.040238602,0.11204078,-0.052405286,-0.0046578679,0.18693083,0.043357864,0.062791956,0.06237537,-0.067343257,0.048948486,0.014926528,0.055371192,-0.017191816,-0.12677341,0.022475394,-1.1829223,-0.61617834,-0.46352218,-0.42518128,-0.33750337,0.14012417,0.51478765,-0.25377968,-0.14268251,-0.36126575,-0.077797235,0.12462123,-0.31614899,0.028597782,-0.24923366,-0.051134434,-0.1438426,0.0011101702,-0.24557753,0.00056418046,0.12838471,-0.034729657,-0.021191751,0.012015762,-0.045023752,-0.0068879509,-0.12551342,0.010188403,0.03674625,-0.077189503,-0.02780024,-0.047606901,-0.073870332,0.085881281,-0.012990877,-0.055136872,-0.022253062,-0.02131706,0.13751406,0.015452911,1.8480664,0.18273371,-0.62496467,-0.42935394,-0.055334253,-0.13953151,-0.025696675,0.0411672,-0.25029468,-0.090002106,-0.027578568,0.38185154,-0.57694234,-0.15469253,0.018384189,0.106166,0.043489252,0.035176988,-0.020861146,0.030992559,-0.010557759,0.037012727,-0.15934032,-0.056779954,-0.011817974,-0.15878016,0.14294039,-0.025631322,-0.14287062,-0.20481633,1.0171918,1.0583352,-3.0523339,0.016063284,-0.20101394,-0.68899214,-2.8783309,-0.38295185,0.48066235,0.25047965,0.14306664,0.067128556,0.13886668,0.34046135,3.0109168,0.30648295,2.6366043,0.44668494,0.11758634,0.38409834
2025-09-08 16:20:00,1.0607917,1.0590701,1.0408218,1.0283641,1.0077068,1.0515345,1.0373459,1.0499375,1.0553067,1.0403001,1.0415026,1.0451031,1.0442743,1.0281044,1.2264852,0.59730334,0.55873526,0.45586115,0.32502507,-0.052650527,-0.47606619,0.23806844,0.16308983,0.38735716,0.14057981,0.079756001,0.13886021,0.0033081116,0.22152243,0.35952459,0.081897483,-0.12327077,0.022467453,0.060673476,-0.063899745,0.057578262,-0.0054659317,-0.031562726,0.0076041025,0.016546449,0.11636484,-0.087587993,0.0079363193,0.14864093,0.05887656,0.045704608,0.044066427,-0.082153098,0.04233434,0.050412401,0.06753645,0.026459251,0.0061879963,0.02472588,-1.1531937,-0.5753655,-0.52822121,-0.45519839,-0.32771537,0.1273556,0.49661837,-0.25263975,-0.14925904,-0.38055777,-0.14522882,-0.090692848,-0.16768316,-0.0017578753,-0.26155889,-0.34754068,-0.069712229,0.099384624,-0.023470109,-0.069945631,0.074405003,-0.054988722,-0.020976142,0.010127505,0.0026346582,-0.060024654,-0.082055292,0.054379922,0.0029228598,-0.12000641,-0.02178289,-0.03409258,-0.063055441,0.085173223,-0.040428063,-0.031608702,-0.025771972,-0.019449821,0.0077587085,-0.015699859,1.8242501,0.21699036,-0.67041975,-0.44179811,-0.092604046,-0.074199553,-0.0095405044,-0.013817646,0.013344965,-0.43771852,-0.064849264,-0.054091668,-0.13204887,-0.10235463,0.00023942871,0.068717364,0.064814843,0.07295097,-0.041353963,0.023702184,-0.019971507,0.078907599,-0.13297229,-0.041282835,0.03082563,0.012839396,-0.019874663,-0.0094869161,-0.14167774,-0.20396123,1.0163522,1.0595299,-3.05027,0.012994132,-0.19828736,-0.45208418,-0.52148158,-0.59969983,0.480459,0.25118394,0.1425764,0.12254632,0.065532826,0.1603111,3.0125087,0.31235683,2.6350237,0.4468654,0.11446133,0.38463503
2025-09-08 16:25:00,1.0509359,1.0427602,1.0094823,1.0258101,1.0136285,1.0504411,1.0559967,1.0509774,1.0518411,1.0304938,1.0420106,1.0405786,1.0441028,1.0279825,1.19943,0.58765207,0.55487586,0.48532485,0.36992433,-0.094197889,-0.49869814,0.24338386,0.1364781,0.35671594,0.34509949,0.097193145,0.19866935,0.022987531,0.28529424,0.041740507,0.067888759,0.25386491,-0.008202337,0.029495828,-0.059877243,0.062317729,-0.012444239,-0.037158798,0.023498754,0.086238103,0.11352804,-0.034993344,-0.056217246,0.1241589,0.041432999,0.028032247,0.071981414,-0.059097891,0.038960431,0.04940976,0.052134006,-0.033236253,0.017697391,0.029703989,-1.1813282,-0.57697434,-0.48720452,-0.44530983,-0.34197246,0.14559762,0.44244857,-0.24354087,-0.11445942,-0.3957462,-0.34546531,-0.063424733,-0.14729226,-0.030974353,-0.29213365,-0.061375313,-0.051466178,-0.26483204,-0.0058181628,-0.041044277,0.098330911,-0.048133603,-0.0046839178,-0.012882369,0.0032163866,-0.051694108,-0.12819444,0.055712029,0.024627585,-0.13762677,-0.032035639,-0.0053667997,-0.053637206,0.10550875,0.0061013649,-0.029540668,-0.05419039,0.0054993826,-0.014072461,-0.022055107,1.8317738,0.14420084,-0.65262451,-0.41695947,-0.033736293,0.1854323,-0.0072362796,-0.013093338,-0.28739772,0.23415793,-0.60176497,-0.044051839,-0.088213635,-0.13177969,-0.012156475,0.095627657,0.044896827,0.033202977,-0.031128109,0.0026212662,0.020399372,0.072042454,-0.16337963,0.025636945,0.056549543,-0.028239413,-0.023990736,-0.034733249,-0.13932621,-0.20712314,1.0153648,1.0597984,-3.0523122,0.016628616,-0.20314025,-0.31094438,-0.52011385,-0.59624011,0.48122596,0.25150296,0.14506815,0.32954597,0.067604901,0.16103283,3.0122712,0.3197449,2.6372856,0.44819453,0.11486366,0.38286164
2025-09-08 16:30:00,1.0637841,1.0325982,1.0136339,1.0208113,1.0313789,1.0681107,1.0434776,1.0656378,1.0466544,1.0324021,1.0366711,1.0665497,1.0430924,1.0275149,1.1882759,0.60533469,0.58180746,0.43059024,0.34710058,-0.097727419,-0.48904242,0.23730607,0.12364146,0.43210543,0.098823676,0.04641652,0.15431729,-0.42120252,0.25890652,0.052183421,0.10797203,0.00016060042,-0.022901757,0.035350709,-0.080254802,0.11291008,0.002756843,0.01450344,0.037612096,0.047805566,0.13079669,-0.050395165,0.0049348191,0.15970857,0.030984397,0.0050638377,0.06897613,-0.028166932,0.027349205,0.051322066,0.013907287,-0.035636155,0.015125417,0.0015862578,-1.1451168,-0.59764968,-0.50431176,-0.47118028,-0.39798201,0.10747878,0.47216572,-0.28235699,-0.1547063,-0.40290697,-0.080411157,-0.078396219,-0.16629502,0.39556036,-0.25354874,-0.064603407,-0.079626917,0.026570041,-0.018991464,-0.054949208,0.055700883,-0.0044198259,-0.0050769041,0.014929096,-0.045634464,-0.051805663,-0.10606906,0.074465593,-0.015020493,-0.16509555,-0.026551888,-0.042636408,-0.026661061,0.098309675,0.0014657564,-0.038250736,-0.013804025,0.034735873,0.0079255016,0.0071584702,1.7894812,0.20564716,-0.61519558,-0.434057,-0.071740711,-0.087716194,-0.37336992,0.34742099,-0.28948996,-0.103429,-0.040196786,-0.027102007,-0.13562018,-0.11859155,0.002247372,0.12192297,0.074928887,0.066093408,-0.016738088,0.0092892862,0.015589817,0.065869178,-0.11690399,-0.05684721,-0.028471509,-0.033110918,-0.0367013,-0.023975749,-0.14221495,-0.20567753,1.0141848,1.0590972,-3.0498774,0.012428375,-0.20179958,-0.69292882,-0.52214998,-0.59898878,0.47999522,0.25302704,0.14279784,0.067314149,0.067808178,0.16001609,3.0109776,0.32518693,2.6370024,0.4489358,0.1129564,0.3849654
2025-09-08 16:35:00,1.0521377,1.0339097,1.0325146,1.0148364,1.0154636,1.0599673,1.0381291,1.0488583,1.0384699,1.0385775,1.0404512,1.027223,1.030951,1.0273623,1.2353994,0.68204147,0.58177677,0.58281358,0.49411171,-0.059700518,-0.49306729,0.25949175,0.14713536,0.37829753,0.054382775,0.070670039,0.1058822,-0.013828314,0.25926813,0.041453276,0.12005238,-0.03886047,0.01897057,0.090312055,-0.025201906,0.079764068,0.03023591,-0.010852241,0.022450302,0.038420798,0.128468,-0.041536016,0.030606391,0.16697264,0.02217368,0.018220007,0.091290463,-0.062277132,0.014003271,0.018746957,0.057813069,-0.018014501,-0.0038652178,0.022595266,-1.162804,-0.69415596,-0.61817695,-0.60156859,-0.45152665,0.018524652,0.48095287,-0.25956913,-0.13235234,-0.39997808,-0.10607947,-0.075117952,-0.16747698,0.013728767,-0.24969031,-0.01716913,-0.089247584,0.013892324,-0.015170364,-0.052635874,0.048834209,-0.0096477229,0.03952737,0.0011515224,-0.014886319,-0.042501554,-0.11352302,0.061198094,0.015690739,-0.10490453,-0.011133592,-0.037841259,-0.021784107,0.066582958,-0.034724767,-0.0035524185,-0.014700875,0.037174897,0.0081537679,-0.033752482,1.9252465,0.55142167,-0.62395449,-0.63758278,-0.31623349,-0.11536622,-0.040162705,0.042055558,-0.30850015,-0.075840452,-0.025143637,-0.062582093,-0.13417194,-0.1597545,0.038025056,0.064622465,0.02432874,0.091091843,0.023146712,-0.016817074,0.0093702828,0.03584722,-0.16085332,-0.09215399,-0.0025545479,-0.023585054,-0.026943426,-0.0069441507,-0.16687007,-0.22967197,1.0101805,1.0533174,-3.0750298,-0.012412313,-0.22352943,-0.71644722,-0.5450646,-0.62313306,0.47899108,0.25354312,0.14470363,0.065536022,0.069455604,0.16261476,3.0229988,0.77655276,2.6155512,0.58480301,0.063769832,0.3853074
2025-09-08 16:40:00,1.0681597,1.057977,1.0329526,1.036343,1.0127867,1.0623487,1.0295924,1.0499416,1.0416137,1.0371509,1.0278873,1.0419653,1.0474983,1.0312561,1.1999887,0.57766342,0.55910713,0.46533232,0.31503861,-0.14038469,-0.44345936,0.25923609,0.13084607,0.39076613,0.36076003,0.066819906,0.15977691,0.020484081,0.26029355,0.043234494,0.076927322,0.23119092,0.02380292,0.078726124,-0.038949822,0.068835366,-0.0083999793,-0.0026728729,0.02997194,0.023256418,0.090905994,-0.038717092,0.017365161,0.13101124,0.048577418,0.0078471856,0.047241092,-0.07114649,0.079899657,0.056437994,0.041569798,-0.00010906114,-0.018877238,0.007181029,-1.2089774,-0.6193481,-0.54725682,-0.46077565,-0.34664505,0.12595179,0.48299699,-0.22711748,-0.12914256,-0.40292903,-0.33485479,-0.085538141,-0.14598678,0.020393244,-0.24953089,-0.031185826,-0.072884691,-0.26256949,-0.0069078018,-0.034766688,0.07784448,-0.047006255,0.02027312,-0.01563355,-0.047653138,-0.040484807,-0.12654272,0.054109922,0.0069129062,-0.15558305,-0.011956474,-0.0072559279,-0.089573326,0.084024237,-0.060388422,-0.017677649,-0.027282676,0.027612785,-0.02154494,-0.011206647,1.8146305,0.14178334,-0.61223151,-0.42677854,-0.043800644,0.19341323,0.00027881232,0.01038214,-0.24943898,0.22453657,-0.59410413,-0.086810075,-0.13493573,-0.13632449,0.012235982,0.10008233,0.04180743,-0.0034858215,0.010937907,-0.0037005055,-0.024574795,0.048590327,-0.17662545,-0.049713814,-0.040270521,-0.025366303,-0.016948825,-0.059747939,-0.14210021,-0.20725206,1.0171633,1.0594838,-3.0525662,0.01580093,-0.20010255,-0.31041519,-0.51770636,-0.59895807,0.47971325,0.25300738,0.14551373,0.33145453,0.067461148,0.15988708,3.0103912,0.32646031,2.639623,0.45047547,0.11449142,0.38526975
2025-09-08 16:45:00,1.0646825,1.0418484,1.0270082,1.0236135,0.9975721,1.0505381,1.0465577,1.0510882,1.0418489,1.028834,1.0386803,1.0347405,1.0189384,1.0175222,1.2257491,0.67981645,0.59500115,0.63864603,0.50982256,-0.039221579,-0.46090339,0.26756544,0.14133193,0.36887051,0.037949516,0.05037759,0.12491307,-0.033913349,0.26130076,0.034167342,0.13408762,-0.023701313,-0.0035944034,0.051266866,-0.062752627,0.074517158,0.022280111,-0.046019106,-0.0038707776,0.063271354,0.097007325,-0.042423756,0.036902304,0.16543237,0.033023276,0.024537145,0.063696569,-0.076642335,0.029990658,0.05513382,0.04539447,-0.031951147,0.018808221,0.02209576,-1.1893288,-0.73169055,-0.57500847,-0.57795291,-0.46164366,0.03331085,0.45286624,-0.26740259,-0.14902741,-0.39324557,-0.066784813,-0.059087088,-0.19499649,-0.041179615,-0.23400188,-0.074068998,-0.076737153,0.029636566,-0.025872895,-0.061881742,0.042768279,0.0050896911,0.014142181,0.049224462,-0.010314452,-0.051275765,-0.094630375,0.086855611,-0.0062399788,-0.13398554,-0.039367994,-0.027764437,-0.044394621,0.061357344,-0.047579261,-0.037908806,-0.016047286,0.010487816,-0.016871677,0.0061957001,1.9462541,0.5265784,-0.56989631,-0.65036941,-0.31435069,-0.11037924,-0.011863843,0.011481239,-0.24795581,-0.10549222,-0.043116513,-0.030994024,-0.11661216,-0.13650671,0.017274834,0.11375843,0.060053932,0.057064434,0.012172763,-0.02131259,-0.0056743481,0.066028167,-0.15570912,-0.065172517,-0.017021635,-0.017762043,-0.044128251,-0.045379502,-0.16311763,-0.23149621,1.0116838,1.0544552,-3.0731314,-0.010276744,-0.22470304,-0.72566608,-0.54516823,-0.62300663,0.48217004,0.25468417,0.14443677,0.067915506,0.068968413,0.16347312,3.0252809,0.77620643,2.6229949,0.57538628,0.063482271,0.38735154
2025-09-08 16:50:00,1.0727582,1.0290318,1.0076428,1.0163933,1.0179563,1.0522062,1.0458437,1.0598949,1.0213014,1.0498509,1.0505232,1.0586585,1.0384355,1.0234746,1.2195568,0.61146439,0.52808136,0.4773478,0.33699497,-0.097779128,-0.43610347,0.26898664,0.16038702,0.40216096,0.058179224,0.069986027,0.18116367,-0.018826654,0.24768287,0.03931175,0.11015739,-0.016661215,0.01560098,0.057765692,-0.033120044,0.08032425,-0.0033117861,-0.0097027352,0.031576563,0.036698766,0.1214822,-0.04241971,0.014402049,0.15819347,0.042360496,0.042592028,0.070717397,-0.051595066,-0.0023270345,0.03751646,0.012636601,-0.03793296,-0.018174783,0.015708484,-1.1702987,-0.57168063,-0.50534095,-0.42752566,-0.37197002,0.097062529,0.43385656,-0.28365141,-0.13478902,-0.42313192,-0.055574232,-0.076490503,-0.16357767,-0.050604668,-0.2244263,-0.032767604,-0.03838807,0.042322089,-0.024426896,-0.02588784,0.082735945,-0.035097993,-0.029523041,-0.00080539012,-0.021782847,-0.039993329,-0.045980891,0.04219199,-0.015170791,-0.083635127,-0.043934724,-0.019367623,-0.082435884,0.088513094,-0.012925111,-0.061624276,-0.053748298,0.036173996,0.022982333,-0.016590965,1.8275695,0.16473676,-0.60185458,-0.46025135,-0.044706294,-0.12347548,-0.015260567,-0.023732714,-0.22310982,-0.082632155,-0.063132759,-0.012925202,-0.13811249,-0.13026431,0.047645575,0.091231812,0.069284542,0.038422477,0.0060576207,0.0025549685,-0.032533285,0.10037049,-0.14591534,-0.024674024,-0.010757249,-0.028078874,-0.095417144,-0.02760496,-0.14085907,-0.2041983,1.0176492,1.0595464,-3.051706,0.012664612,-0.20432991,-0.69495984,-0.52084301,-0.59912531,0.4825067,0.25272028,0.14379936,0.067566558,0.069929092,0.16148043,3.0111323,0.33182938,2.6398708,0.44954968,0.10912297,0.38614406
2025-09-08 16:55:00,1.048887,1.0463635,1.0176356,1.0174345,1.0056977,1.0700203,1.052294,1.0612436,1.0298424,1.0387234,1.0638966,1.0591837,1.0337723,1.0192937,1.1986967,0.60235493,0.52358054,0.46496152,0.35177946,-0.088077006,-0.48534451,0.2393493,0.14101624,0.39125335,0.077933095,-0.1280282,0.39139672,0.021388529,0.25608329,0.063162938,0.1527899,-0.049102385,0.25108651,0.0043911867,-0.05033021,0.08011198,0.0049616159,-0.018429215,0.031214696,0.031903952,0.13307274,-0.038163471,0.036225541,0.17336543,0.009242349,0.064648143,0.090150105,-0.055373884,0.022476197,0.04441819,0.044750975,-0.0061796551,-0.13977006,0.027472711,-1.1911753,-0.59984291,-0.53229003,-0.43265617,-0.33714963,0.086324141,0.4905058,-0.26634094,-0.14689062,-0.40531663,-0.068739611,0.13623335,-0.3551157,0.023865396,-0.25453734,-0.035786904,-0.10148296,0.024769492,-0.200431,0.0068682399,0.035295425,-0.036784591,-0.0069684129,0.011010072,-0.054922629,-0.056480121,-0.067102291,0.014119872,-0.017275842,-0.098799309,-0.00043069708,-0.073599039,-0.060337999,0.044473156,-0.00095056198,-0.023971266,-0.014774515,0.035545719,0.13178849,0.015034502,1.8214482,0.20443605,-0.63796719,-0.4050051,-0.057105466,-0.091302929,0.037332013,-0.021682772,-0.21648377,-0.093386512,-0.020339677,0.40936553,-0.59184115,-0.14957651,0.017367513,0.07087217,0.027325893,0.073114096,0.015525035,0.051106049,0.0057463123,0.11404007,-0.18109722,-0.075172242,-0.018484866,-0.19914821,0.13564121,-0.070703056,-0.14119075,-0.20641107,1.0153407,1.0600713,-3.0521376,0.012231322,-0.20438152,-0.69783712,-2.8793403,-0.38561494,0.47865841,0.25449413,0.14656309,0.069328437,0.1369356,0.34201164,3.0106197,0.33924145,2.6411929,0.45071236,0.10761786,0.38761482
2025-09-08 17:00:00,1.0496368,1.0283943,1.0228734,1.0130104,1.0244737,1.0726325,1.0497929,1.060866,1.0585753,1.0464993,1.0503206,1.0433747,1.0445174,1.033771,1.2020808,0.59030375,0.51759294,0.51077292,0.34547201,-0.11331685,-0.6577902,0.23665458,0.12412034,0.38562398,0.0065884284,0.10199059,0.17065092,0.0084646823,0.25858247,0.044699383,0.062154076,-0.022769814,0.014809154,0.03819811,-0.041652655,0.06895101,0.011124072,0.040258357,0.015961602,0.016104449,0.1432853,-0.051295937,0.014791634,0.16259835,0.050805603,0.072728092,0.054631622,-0.070783326,0.027491204,0.049098456,0.012674558,0.0058666202,0.023483307,0.014114244,-1.1722039,-0.59514729,-0.50064102,-0.45649203,-0.3268775,0.098159148,0.64658423,-0.23497111,-0.10944484,-0.38483943,-0.061715711,-0.075866598,-0.13779097,0.01595628,-0.22456647,-0.075598736,-0.060151286,0.049773017,0.010341391,-0.020266713,0.061878726,-0.035421785,-0.0094955925,0.0061933151,-0.025182678,-0.080719524,-0.12923913,0.046514214,0.011659965,-0.10534034,-0.036760861,-0.028816653,-0.050811352,0.064503816,-0.042034179,-0.069241826,-0.026059488,-0.0026436608,-0.00048324266,-0.028939297,1.8286035,0.1874112,-0.62548696,-0.55495371,0.11013415,-0.092612171,-0.032843246,0.0036188328,-0.24754544,-0.066584845,-0.0027925287,-0.064785012,-0.12459795,-0.15689852,0.024549732,0.086985262,0.029981306,0.041935301,-0.023892578,-0.0025379123,-0.016279308,0.078907323,-0.1740366,-0.058152415,0.025597544,-0.033251277,-0.063111641,-0.016571182,-0.14582959,-0.20694443,1.0167867,1.0605566,-3.1020288,0.010767266,-0.20599681,-0.6545333,-0.51765596,-0.59423182,0.63704462,0.24918817,0.14395841,0.075553258,0.068902381,0.16584405,3.0117207,0.34775623,2.6479599,0.46992476,0.10640204,0.40108514
