timestamp,vm_bus_1,vm_bus_2,vm_bus_3,vm_bus_4,vm_bus_5,vm_bus_6,vm_bus_7,vm_bus_8,vm_bus_9,vm_bus_10,vm_bus_11,vm_bus_12,vm_bus_13,vm_bus_14,pf_f_1,pf_f_2,pf_f_3,pf_f_4,pf_f_5,pf_f_6,pf_f_7,pf_f_8,pf_f_9,pf_f_10,pf_f_11,pf_f_12,pf_f_13,pf_f_14,pf_f_15,pf_f_16,pf_f_17,pf_f_18,pf_f_19,pf_f_20,qf_f_1,qf_f_2,qf_f_3,qf_f_4,qf_f_5,qf_f_6,qf_f_7,qf_f_8,qf_f_9,qf_f_10,qf_f_11,qf_f_12,qf_f_13,qf_f_14,qf_f_15,qf_f_16,qf_f_17,qf_f_18,qf_f_19,qf_f_20,pt_t_1,pt_t_2,pt_t_3,pt_t_4,pt_t_5,pt_t_6,pt_t_7,pt_t_8,pt_t_9,pt_t_10,pt_t_11,pt_t_12,pt_t_13,pt_t_14,pt_t_15,pt_t_16,pt_t_17,pt_t_18,pt_t_19,pt_t_20,qt_t_1,qt_t_2,qt_t_3,qt_t_4,qt_t_5,qt_t_6,qt_t_7,qt_t_8,qt_t_9,qt_t_10,qt_t_11,qt_t_12,qt_t_13,qt_t_14,qt_t_15,qt_t_16,qt_t_17,qt_t_18,qt_t_19,qt_t_20,p_inj_bus_1,p_inj_bus_2,p_inj_bus_3,p_inj_bus_4,p_inj_bus_5,p_inj_bus_6,p_inj_bus_7,p_inj_bus_8,p_inj_bus_9,p_inj_bus_10,p_inj_bus_11,p_inj_bus_12,p_inj_bus_13,p_inj_bus_14,q_inj_bus_1,q_inj_bus_2,q_inj_bus_3,q_inj_bus_4,q_inj_bus_5,q_inj_bus_6,q_inj_bus_7,q_inj_bus_8,q_inj_bus_9,q_inj_bus_10,q_inj_bus_11,q_inj_bus_12,q_inj_bus_13,q_inj_bus_14,pmu_va_bus_4,pmu_va_bus_6,pmu_vm_bus_4,pmu_vm_bus_6,if_ang_br_7,if_ang_br_8,if_ang_br_9,if_ang_br_11,if_ang_br_12,if_ang_br_13,if_mag_br_7,if_mag_br_8,if_mag_br_9,if_mag_br_11,if_mag_br_12,if_mag_br_13,it_ang_br_4,it_ang_br_6,it_ang_br_10,it_mag_br_4,it_mag_br_6,it_mag_br_10
2025-09-08 09:05:00,1.0619423,1.0481371,1.0248112,1.002287,1.003329,1.0567183,1.0477104,1.075876,1.0543572,1.0371516,1.0397861,1.0464406,1.0357915,1.0573711,1.1754874,0.57913806,0.57170974,0.44971194,0.30520983,-0.19447168,-0.52287298,0.1853076,0.11936746,0.40405294,0.057620794,0.067623124,0.12633981,-0.019666723,0.26418761,0.040048482,0.10290213,-0.03584274,-0.0043047324,0.061487056,-0.06196055,0.044905949,0.018465742,-0.028298633,-0.026559698,0.050140398,0.11291963,-0.075631131,0.01370136,0.16113804,0.02685199,0.016170461,0.056235611,-0.030781858,0.017821204,0.0280071,0.02974424,-0.0080350609,-0.012869989,0.029196027,-1.1701815,-0.54176965,-0.5343868,-0.41645659,-0.32144691,0.13489126,0.49173737,-0.2038774,-0.15051977,-0.35928448,-0.061736414,-0.072306464,-0.14614136,0.027067614,-0.25630584,-0.027757557,-0.066061785,0.021763957,-0.030248063,-0.039336912,0.063512779,-0.04480467,0.018325352,-0.013072149,-0.045751628,-0.072893359,-0.066901707,0.099760338,0.013351688,-0.14632834,-0.017843407,-0.039271576,-0.055844939,0.049582116,0.041162319,-0.032350272,0.014402112,0.0063714095,-0.010579891,-0.012548133,1.7747851,0.16717174,-0.72138213,-0.38271409,-0.060757908,-0.078153559,0.013971949,0.00065008048,-0.26427928,-0.10988771,-0.004435628,-0.076467012,-0.10484089,-0.12701201,0.0045083202,0.083529825,0.026110861,0.024102678,-0.019457828,-0.03343572,-0.002395907,0.07222536,-0.12570736,-0.044387172,0.0052466388,0.0034575097,-0.041044273,-0.0075962521,-0.13835313,-0.19282005,1.0176206,1.0592748,-3.0435664,0.047568106,-0.17273805,-0.60313275,-0.49866013,-0.57031938,0.48666367,0.22894358,0.13397777,0.060293129,0.061696369,0.1468868,3.0167852,0.17017879,2.596304,0.43042701,0.17540364,0.35776422
2025-09-08 09:10:00,1.0554353,1.0475799,1.0235267,1.012527,1.0206176,1.0453213,1.0486576,1.0709131,1.0383487,1.0595038,1.0583513,1.051727,1.0470314,1.029381,1.187316,0.58462923,0.58782757,0.44031719,0.30867787,-0.16259045,-0.46759222,0.19719014,0.12961489,0.34571382,0.019263953,0.069236416,0.16142184,0.014682546,0.2465912,0.041687826,0.084486357,-0.053465521,-0.006115379,0.045594667,-0.022788861,0.060529651,-0.0023422804,-0.027352705,0.018586793,0.032576852,0.10145964,-0.042583899,0.029643812,0.15931192,0.032043406,0.03431722,0.073601771,-0.049059034,0.0054087149,0.014084743,0.027223836,0.010621379,-0.041087606,0.024754084,-1.1531974,-0.55120224,-0.54758114,-0.43968003,-0.3561458,0.16650148,0.47985148,-0.25530759,-0.12233914,-0.32306059,-0.030070076,-0.040814702,-0.079760533,0.013854282,-0.26857043,-0.030890966,-0.10551065,0.025943876,0.028473447,-0.011758507,0.077185542,-0.07525639,0.036152792,-0.0018276007,-0.022030779,-0.080755985,-0.085544779,0.048133914,-0.0036606008,-0.14471712,-0.011197018,-0.037131264,-0.060397066,0.025539348,0.0030912578,-0.043396971,-0.034908637,-0.010251105,-0.008686028,-0.031577044,1.8066276,0.20289255,-0.72205025,-0.35822408,-0.06269065,-0.13029437,0.031443894,0.034234215,-0.2328611,-0.06762448,-0.026750271,-0.044478438,-0.08359976,-0.14959103,0.016313527,0.070968738,0.023210927,0.030456742,-0.00077796023,-0.022633688,0.010333072,0.068539758,-0.14845091,-0.054303225,-0.0036731796,-0.013192962,-0.077316168,-0.014762705,-0.13926554,-0.19640623,1.0180103,1.0601629,-3.0422449,0.042882475,-0.17527967,-0.60419932,-0.49598628,-0.56518676,0.4868551,0.22908711,0.13051595,0.060562172,0.062117515,0.14415609,3.02256,0.17133736,2.5970851,0.43015416,0.17426732,0.35981918
2025-09-08 09:15:00,1.0651431,1.0461671,1.0018424,1.0246681,1.0136014,1.06485,1.0696416,1.045694,1.0680579,1.0467269,1.0558194,1.0452806,1.0511985,1.0117323,1.2084466,0.56419283,0.57118702,0.40179469,0.34263368,-0.12561191,-0.45430238,0.21575894,0.15627892,0.33879527,0.094516051,0.057460261,0.13248451,-0.0036609338,0.22435132,0.044376527,0.090118098,-0.017290179,-0.0070773087,0.038183782,-0.038354229,0.054458693,0.0272758,0.024507941,-0.01198643,0.061045798,0.1082469,-0.0562306,0.017746538,0.16928691,0.028216227,-0.010213777,0.057882551,-0.083538499,0.0083721635,-0.0086147224,0.043014975,0.01036123,0.029847845,-0.041285516,-1.1455927,-0.56766618,-0.57092595,-0.40916561,-0.34433382,0.15789332,0.47744433,-0.21241937,-0.14094153,-0.39536222,-0.050370823,-0.097806672,-0.13726603,-0.0025634579,-0.20030421,-0.07874968,-0.098682887,0.026005025,-0.013827565,-0.043147432,0.065581292,-0.064879635,-0.024405967,-0.0027861271,-0.022460189,-0.045570046,-0.11748692,0.044142086,0.029629045,-0.13166097,-0.001132931,-0.015519609,-0.06763089,0.04190677,0.0028231895,-0.052531522,-0.052415737,0.012497864,-0.0069810673,0.0038818538,1.8063283,0.1761715,-0.73285379,-0.42564386,-0.060382507,-0.08059748,0.016015772,0.0046236264,-0.23662465,-0.066621894,-0.018385093,-0.059736933,-0.089443432,-0.083312694,0.010994164,0.10761936,0.078788551,0.047374246,0.0031190537,-0.058593655,-0.014212311,0.081105335,-0.10318147,-0.060047468,-0.0058505378,-0.021991516,-0.045346496,-0.020062981,-0.13935817,-0.19775795,1.0174235,1.0606681,-3.0419306,0.044162263,-0.17443938,-0.60749765,-0.49994969,-0.57092322,0.48888673,0.23060259,0.130474,0.06053009,0.063489811,0.14590728,3.016147,0.17605413,2.5992102,0.4304481,0.17344584,0.35767183
2025-09-08 09:20:00,1.0595546,1.0477321,1.0154422,1.0137418,1.031839,1.0616725,1.0440802,1.0700164,1.0466417,1.0265004,1.0459357,1.0543933,1.0476112,1.035909,1.1763737,0.61636976,0.61467496,0.45803819,0.34654479,-0.20691989,-0.48119162,0.21745766,0.08545608,0.33796817,0.059831952,0.079235163,0.13668923,-0.019003359,0.19430806,0.029410101,0.11469743,-0.03726302,0.024106346,0.062280159,-0.073590923,0.04067645,0.008851009,-0.04165173,0.04795646,0.064701277,0.10736818,-0.031588123,-0.006554577,0.18707266,0.019043265,-0.013326085,0.057688125,-0.077488394,0.012696221,0.049323789,0.021843718,0.0006176374,0.010727592,0.008679325,-1.1297931,-0.54992407,-0.54938239,-0.42969644,-0.30918665,0.16674952,0.48866415,-0.21526114,-0.10952305,-0.36961741,-0.059235874,-0.043324602,-0.13895228,-0.011010127,-0.2328781,-0.017188445,-0.069965788,0.031435275,-0.03775616,9.2580467e-06,0.021289371,-0.030853216,0.0060721325,0.045815863,-0.034961425,-0.02889433,-0.12457516,0.011837926,0.023965288,-0.15480122,-0.052606654,-0.061176895,-0.040441928,0.045523965,0.011867014,-0.049554635,-0.064284454,-0.0039302761,0.015241533,-0.0078297092,1.7801888,0.19986334,-0.73630659,-0.41654518,-0.056173835,-0.13306441,0.0011864759,-0.010636097,-0.24510324,-0.082301536,-0.014488955,-0.072174654,-0.07286693,-0.12848292,0.014205309,0.086525147,0.054004537,0.029978986,0.013297957,-0.016818834,0.014177469,0.042088639,-0.12215982,-0.040206228,-0.02179436,-0.024132636,-0.058234449,-0.053681171,-0.14046861,-0.19542694,1.0175773,1.0587975,-3.043606,0.046652426,-0.17318841,-0.60755794,-0.49941251,-0.56937153,0.48819853,0.23032377,0.12970235,0.059002097,0.062009435,0.14367706,3.0202954,0.17316692,2.5970654,0.43067388,0.17478822,0.3572682
2025-09-08 09:25:00,1.0605928,1.043551,1.0104382,1.0021842,1.0194868,1.065407,1.0485671,1.0659237,1.0385102,1.0402996,1.0467861,1.0371826,1.0543285,1.0252256,1.1900399,0.57075902,0.55284798,0.44274194,0.34454133,-0.14335492,-0.49017473,0.25825913,0.11829748,0.4139266,0.027649363,0.084782705,0.18922499,0.023559919,0.25304027,0.046846342,0.083442227,-0.035024307,-0.0050620634,0.025029764,-0.072733738,0.077965655,0.016681141,-0.033152213,0.015034588,0.06233986,0.13142582,-0.038974532,-0.013765233,0.15968679,0.017774011,-0.0044585452,0.050385952,-0.066449318,-0.033463376,0.014854632,0.045216761,0.0029197697,0.015057729,0.015934553,-1.162888,-0.5867511,-0.56319362,-0.4360087,-0.32714347,0.17862423,0.47533897,-0.26186197,-0.10923855,-0.36611572,-0.046338244,-0.042689395,-0.16938033,-0.016988438,-0.23502198,-0.007346558,-0.10979141,-0.017358871,0.005056873,-0.020476023,0.076964835,0.0045669063,0.0054082302,-0.0061024052,-0.015797257,-0.056795929,-0.1354816,0.033064308,0.015861279,-0.12424675,-0.048985079,0.01413419,-0.053452571,0.042080366,-0.0141665,-0.025214057,-0.055797036,0.00092834657,-0.02124467,-0.0037624516,1.809977,0.16806536,-0.69833015,-0.35690313,-0.06482577,-0.085382601,-0.0061800779,-0.0029685781,-0.24161948,-0.039716487,-0.023789893,-0.062861319,-0.12531656,-0.12309673,0.0064101733,0.071721714,0.021158619,0.037252374,-0.0080964933,-0.012987247,-0.01348605,0.053852439,-0.13373979,-0.062141525,-0.046311822,-0.0026268828,-0.026580742,-0.050681567,-0.13934787,-0.19581932,1.0174337,1.0600917,-3.0452976,0.042493694,-0.1786774,-0.6103744,-0.50111297,-0.57047787,0.48711185,0.23144019,0.1315405,0.062605406,0.06343978,0.14558596,3.0207938,0.17870139,2.6004122,0.43231404,0.17094914,0.36018311
2025-09-08 09:30:00,1.0420147,1.0299199,1.0007175,1.0064055,1.0264983,1.0753624,1.0341316,1.0507422,1.0383009,1.0602145,1.0445298,1.0502054,1.0460553,1.0396044,1.1560313,0.57990643,0.57043387,0.49105235,0.35011124,-0.17362866,-0.49443862,0.21970885,0.14148656,0.37880664,0.055487486,0.021623158,0.11119294,0.034987607,0.23087406,0.050813664,0.053311333,-0.064816993,0.056715531,0.054516371,-0.070242384,0.028075324,0.0014558425,-0.03196058,0.0047441172,0.042670193,0.14998434,-0.019145249,0.023686603,0.15458274,0.0022877553,-0.0095243229,0.063046336,-0.057728303,0.013561636,0.040742677,0.061041044,0.026448919,0.0092488217,-0.012994778,-1.1815275,-0.60301119,-0.56340431,-0.46744525,-0.3170239,0.17670506,0.46838096,-0.26563682,-0.14208346,-0.3526844,-0.022953611,-0.089389805,-0.15910562,0.0099819397,-0.25351852,-0.07161299,-0.071074923,0.046334539,0.0004550665,-0.017378862,0.099580259,-0.061214733,0.032868672,-0.026437203,-0.026543667,-0.063051539,-0.10061239,0.045314664,-0.013653559,-0.073173488,-0.026344407,-0.036128038,-0.054789343,0.07582293,-0.01348545,-0.040826863,-0.06327097,0.020484128,0.046340209,0.045858363,1.7685149,0.19439256,-0.70804943,-0.39651514,-0.078442683,-0.11475961,0.020454355,-0.01422398,-0.22904261,-0.088134109,-0.017172154,-0.057786812,-0.12659964,-0.11352978,0.013213015,0.10799295,0.099479794,0.037782083,0.0023970561,-0.058962503,0.01591866,0.047674058,-0.12120466,-0.059647097,0.02014306,-0.026833162,-0.088601989,-0.015851545,-0.13748356,-0.19767464,1.0166395,1.0611765,-3.0408569,0.043555342,-0.17664557,-0.60892728,-0.4984874,-0.57473053,0.48649642,0.23138655,0.12977786,0.059533517,0.063123246,0.14442684,3.0164789,0.17727053,2.6009837,0.42991809,0.16978311,0.35893867
2025-09-08 09:35:00,1.0636463,1.0398564,1.0125079,1.0105916,1.0224957,1.0593314,1.0699678,1.0571945,1.046635,1.0462552,1.0346723,1.050645,1.04608,1.0363518,1.2115394,0.60933244,0.5792185,0.44500392,0.33611226,-0.18811069,-0.46537939,0.26089189,0.1069785,0.36034198,0.046148326,0.066095732,0.15391838,-0.020052855,0.23843456,0.019518117,0.091674574,-0.012367474,0.02239642,0.020157758,-0.045028781,0.074401096,0.015158714,0.025729674,-0.0073075527,0.028391689,0.12241185,-0.072143669,0.024800909,0.13189249,0.027333645,-0.010471883,0.032628757,-0.098477824,0.033821912,0.045403136,0.042878831,0.023994439,-0.012775385,0.0017516169,-1.1638969,-0.60015151,-0.5682624,-0.45626139,-0.32043808,0.15357555,0.48246046,-0.26842435,-0.13294124,-0.36305078,-0.051872042,-0.087639041,-0.14310198,0.024990053,-0.22839844,-0.02258136,-0.081047441,0.040971765,-0.033301743,-0.012261823,0.071683642,-0.038369623,0.019229214,0.022221272,-0.03352864,-0.053203399,-0.13290409,0.033176674,0.0031841676,-0.11362439,-0.046761688,0.00042148143,-0.084552767,0.064522871,0.013762599,0.0081678571,-0.014984585,-0.0039273873,0.001896351,0.007174519,1.7836479,0.17838253,-0.68684266,-0.37808612,-0.068716149,-0.08190042,0.0085658608,-0.0048836886,-0.22578735,-0.040766655,-0.036904838,-0.067433142,-0.11852848,-0.13185862,-0.027069113,0.1234946,0.025342654,0.067897707,-0.009223707,0.0087390265,-0.00017177401,0.086855026,-0.14362949,-0.01376445,0.011040902,0.0019531138,-0.06596483,-0.040368656,-0.13501194,-0.19946316,1.0170809,1.0586308,-3.0435779,0.038240499,-0.18106193,-0.61442922,-0.50074745,-0.57414481,0.48704034,0.2321384,0.13093316,0.060294541,0.063103909,0.14819709,3.0193452,0.18280301,2.6016798,0.43441186,0.16633759,0.36113909
2025-09-08 09:40:00,1.05643,1.0394663,1.0013007,1.0242612,1.0162403,1.0471314,1.0644055,1.0608609,1.0511317,1.0357355,1.0505024,1.0623674,1.0393718,1.0251316,1.2262034,0.57253667,0.57678125,0.46803076,0.34253542,-0.13675914,-0.49072764,0.2406872,0.12469935,0.33694948,0.087078437,0.088283957,0.13433061,0.0039489468,0.21548056,0.040074802,0.08797447,-0.018077541,0.01650386,0.022697748,-0.059049194,0.069535022,-0.023926357,-0.017848315,-0.029115238,0.047255504,0.092210599,-0.042345241,-0.0047350187,0.15988852,0.023115791,0.01043999,0.076783488,-0.037312524,0.025242221,0.064838069,0.033551248,-0.0054159295,0.030242234,0.02815883,-1.158284,-0.58263881,-0.58564191,-0.42922709,-0.35063719,0.16826101,0.50230319,-0.24065297,-0.13286364,-0.35982223,-0.045195993,-0.043110363,-0.16525999,-0.0091842856,-0.25423659,-0.026437873,-0.071243947,0.013384306,0.012313536,-0.022003242,0.08922752,-0.090539147,-0.0198019,0.0044525406,-0.031733233,-0.052934635,-0.093522964,0.031484045,-0.010378598,-0.10908865,-0.042502658,-0.01207278,-0.035139906,0.060921785,0.0030616659,-0.059704352,-0.042708338,-0.0072785959,-0.0080642634,-0.0062654085,1.7674193,0.16582139,-0.70958259,-0.37683019,-0.070338304,-0.10631026,-0.0006607349,0.022490937,-0.22691156,-0.064678968,-0.036751282,-0.043008424,-0.10102113,-0.10809764,1.4364536e-05,0.079322297,0.069154231,0.00080549439,-0.026981541,-0.011768301,-0.02307782,0.065589613,-0.14137205,-0.06430251,-0.010961404,-0.010397762,-0.055733283,-0.044482538,-0.1371037,-0.19574819,1.0166508,1.0583928,-3.0445817,0.041098281,-0.17804969,-0.6125708,-0.50021777,-0.56792331,0.48704856,0.23206695,0.13174238,0.062066348,0.063710118,0.14762218,3.0170441,0.18191791,2.5982557,0.43378256,0.16889241,0.35944113
2025-09-08 09:45:00,1.0705954,1.0343896,1.0084673,1.031667,0.99739593,1.0625713,1.0411215,1.0637861,1.0446526,1.0539324,1.0538172,1.0257498,1.0518017,1.0243759,1.2287407,0.60324852,0.56997949,0.47918056,0.36948612,-0.20291569,-0.50476145,0.21027456,0.14424404,0.34870992,0.079255625,0.069089759,0.12592484,-0.032924393,0.24567656,0.033365644,0.096327746,-0.010677281,-0.0097828525,0.057838473,-0.091562827,0.010489325,0.032809101,-0.015322967,0.0045304052,0.039569473,0.11644433,-0.077192418,0.015330931,0.13401246,0.01487851,0.026407363,0.1026138,-0.055434264,0.021947608,0.051896944,0.031761836,-0.0035901198,0.038740021,0.056396245,-1.1772579,-0.59883322,-0.55581676,-0.45392972,-0.32588407,0.17292892,0.47024122,-0.23590754,-0.11661948,-0.35973563,-0.056851332,-0.045383586,-0.12327056,0.0025083125,-0.24855473,-0.023935317,-0.08388947,0.036355357,-0.017301617,-0.043432478,0.059083384,-0.056618453,-0.0021925933,-0.0091719727,-0.020876069,-0.062478383,-0.096602932,0.080589008,0.0020657665,-0.13609526,-0.074668175,0.0028651743,-0.035408504,0.049841831,-0.0053166866,-0.09662564,-0.0013438806,0.020447228,0.00019975352,0.016866933,1.7850019,0.20511114,-0.69325287,-0.42811008,-0.06994636,-0.12393188,0.014513881,0.013019061,-0.21798306,-0.065742417,-0.063743251,-0.073237008,-0.089582773,-0.12619688,0.0079613939,0.062281316,0.066586118,0.018356538,-0.0036221359,0.00043436379,0.0069332774,0.061238591,-0.1486221,-0.034675284,-0.033982776,0.00070773222,-0.039928328,-0.02672082,-0.1369043,-0.19533524,1.0175355,1.0599529,-3.0420223,0.042560381,-0.18044231,-0.61108531,-0.49830873,-0.57341874,0.486731,0.23205897,0.13213131,0.060121048,0.06567604,0.14770004,3.0147916,0.17944364,2.5983054,0.43260316,0.16961027,0.3607166
2025-09-08 09:50:00,1.0796398,1.0550512,1.0068214,1.0219521,1.0222796,1.0716099,1.0497369,1.0565773,1.0663049,1.0376512,1.0573643,1.0620173,1.0304475,1.024909,1.2049259,0.6062722,0.58001532,0.4305785,0.33740065,-0.1461582,-0.49302029,0.21154367,0.1394055,0.36727201,0.11041445,0.064539554,0.14599953,0.0059083193,0.21978586,0.013656658,0.039890923,0.00084054451,0.024313084,0.056709671,-0.055535865,0.039780118,0.0061374875,-0.0058354625,-0.0080664482,0.092867205,0.10620514,-0.046143451,-0.0049639375,0.17387683,0.024517124,0.078657196,0.092960475,-0.10525527,0.025229529,0.048419398,0.041979035,-0.011069696,0.0094732276,0.0087039059,-1.1675847,-0.59514116,-0.52270177,-0.42418111,-0.35365127,0.16229384,0.47354065,-0.20467166,-0.132561,-0.34730266,-0.048671372,-0.03444856,-0.092502838,0.040903315,-0.25346851,-0.060413073,-0.069069417,0.030415961,-0.019100548,-0.072523313,0.081822077,-0.029863951,0.0345565,0.037902604,-0.034941519,-0.043520054,-0.071790526,0.040633907,0.0097499777,-0.12409329,-0.0044859461,-0.061270614,-0.056820776,0.054112672,0.020059404,-0.027297693,-0.023472845,0.0090441766,-0.025801018,0.012277777,1.7890591,0.17677029,-0.69098206,-0.36290283,-0.062304065,-0.088269346,0.015377098,0.045086177,-0.27193499,-0.045352624,-0.021840465,-0.01253821,-0.10820596,-0.12179657,-0.0072548733,0.072887182,0.047720821,0.0028578638,0.016455136,-0.025816364,-0.0020171027,0.085157633,-0.13887281,-0.044547328,-0.040269926,-0.0077548807,-0.02823193,-0.074765663,-0.13767353,-0.19730369,1.0176278,1.0600546,-3.0417047,0.038159785,-0.17716509,-0.61343336,-0.50243905,-0.57121568,0.4869683,0.23030782,0.13016758,0.06053974,0.06276938,0.14785713,3.0178018,0.18421639,2.6031838,0.43373164,0.16795953,0.35977164
2025-09-08 09:55:00,1.0532266,1.0375107,0.99863199,0.99904806,1.0262303,1.0651974,1.0406367,1.0551675,1.0528757,1.0309958,1.0405862,1.0453208,1.0373457,1.0428317,1.227074,0.58942073,0.55451538,0.45898786,0.32666706,-0.12759672,-0.49733964,0.24611847,0.13536837,0.40578897,0.0104118,0.085176612,0.11651119,-0.0014418845,0.24158072,0.031164218,0.10864582,-0.052844004,0.030214966,0.030563042,-0.07181943,0.070318577,0.039222975,-0.034477096,0.020274406,0.028075567,0.14812355,-0.049332726,0.012531044,0.16601071,0.049496812,0.016300818,0.075520015,-0.078857651,-0.022336373,0.063343594,0.026747402,-0.018725275,0.035216606,-0.015859404,-1.1389195,-0.59236733,-0.54847493,-0.41376013,-0.3018644,0.18680822,0.48516128,-0.25427173,-0.12079887,-0.35687189,-0.075258719,-0.099662018,-0.15306515,-4.2692799e-05,-0.24857113,-0.0050786864,-0.070224196,0.024711697,-0.017948618,-0.06261982,0.078409608,-0.042379849,-0.0089592434,0.020589575,-0.033608711,-0.037115828,-0.082476992,0.073570067,0.031639232,-0.13310119,-0.011050439,0.00033031005,-0.091264544,0.050916014,0.020265562,-0.044878366,-0.013495338,-0.015008277,-0.00089016406,-0.038641585,1.8048678,0.15829862,-0.68589954,-0.38161459,-0.066264652,-0.088940647,-0.020784324,-0.042883469,-0.27054165,-0.057125264,-0.043718406,-0.059645144,-0.10679199,-0.12026337,0.0033559143,0.10996883,0.063186745,0.039093124,-0.072309584,-0.026438588,0.012703744,0.098656789,-0.15268354,-0.058398274,-0.013889939,-0.0043065436,-0.037952786,-0.043953059,-0.14216617,-0.19770058,1.0170222,1.0595597,-3.0412095,0.038074213,-0.17865021,-0.62211999,-0.5030227,-0.57320866,0.48548405,0.23502459,0.13300579,0.061970835,0.065135653,0.14661128,3.0173815,0.19167208,2.6071074,0.43421597,0.16207335,0.3626096
2025-09-08 10:00:00,1.0728774,1.0478724,1.0053212,1.0310099,1.0228737,1.0729156,1.0328441,1.0745471,1.033199,1.0463555,1.034651,1.0450139,1.0442305,1.0204272,1.1346637,0.61913367,0.56995302,0.45686775,0.31814625,-0.19726312,-0.50619096,0.23490294,0.1201273,0.39002232,0.039744148,0.090475175,0.17174493,0.0411045,0.2389434,0.047565981,0.077018527,-0.028148025,0.039047821,0.073889235,-0.06416986,0.077667664,0.013107976,-0.020304209,0.01310347,0.050087658,0.14110063,-0.035675151,-0.006492341,0.15562917,0.033930128,0.051145502,0.050328391,-0.057614105,-0.014468971,0.069430931,-0.0048158963,-0.037633737,0.033361991,0.01687348,-1.1251703,-0.57424475,-0.56312128,-0.42191407,-0.30092814,0.14473604,0.46623148,-0.25678448,-0.14094834,-0.3524913,-0.042112559,-0.078477977,-0.16118822,-0.0031997178,-0.23771163,-0.026873687,-0.092572278,0.042360113,-0.0043596767,-0.0085707355,0.09684815,-0.054629433,0.018068923,0.039804407,-0.037294238,-0.055544627,-0.098283536,0.099734667,-0.016325886,-0.11072794,0.010596258,-0.054851994,-0.032329163,0.059963761,-0.0062717022,-0.041086668,-0.037154134,0.023090976,-0.030435532,-0.016639168,1.8036283,0.20286758,-0.67234399,-0.3783653,-0.043096894,-0.13327965,0.01406876,-0.0095151904,-0.24640158,-0.099654886,-0.038245459,-0.044115549,-0.11817386,-0.1127649,0.039333578,0.094981818,0.038880501,0.018539421,-0.020414441,-0.058284832,0.016287827,0.088830847,-0.13625608,-0.037928251,-0.034781438,0.0082439286,-0.060695034,-0.063370951,-0.14313486,-0.19691281,1.0176266,1.0582663,-3.0447413,0.034115024,-0.18470735,-0.62732701,-0.50348696,-0.57647096,0.48585728,0.23275822,0.13331382,0.060130131,0.062966891,0.14981799,3.0157727,0.19682889,2.6050636,0.43556776,0.16235146,0.36499762
2025-09-08 10:05:00,1.0733051,1.0487108,1.0358466,1.0100485,1.0228461,1.0711783,1.0432368,1.0664594,1.0456743,1.0586317,1.0485616,1.0555725,1.0346405,1.0292221,1.1905708,0.58901687,0.59189026,0.4505567,0.34329818,-0.10537751,-0.46452597,0.22414467,0.12463586,0.33305842,0.083351874,0.074513905,0.14969097,-0.003533622,0.26629247,0.022581318,0.1037285,-0.073276467,0.020548521,0.038759317,-0.021668077,0.039809348,0.012818394,-0.0013892034,-0.0042987781,0.039590874,0.11225835,-0.049818212,0.00075573211,0.14901049,0.025520587,0.0026641468,0.049612646,-0.06319992,0.014589704,0.037090535,0.023650962,-0.0044038796,0.03663361,0.016045288,-1.1686338,-0.61088637,-0.57040598,-0.39203817,-0.31997341,0.17399426,0.48727537,-0.22974574,-0.16772986,-0.34750718,-0.060973058,-0.064541313,-0.11782782,-0.026956024,-0.22126755,-0.069911404,-0.064112529,-0.003844915,-0.0076528571,-0.049084827,0.055351861,-0.029251607,0.028778927,0.0031091696,-0.015575999,-0.036974077,-0.083603248,0.045687909,0.051158596,-0.14317775,-0.028945995,-0.015463656,-0.050395825,0.06162945,-0.0041275031,-0.025666741,-0.048722773,0.0096061923,-0.018506075,0.0182055,1.8010083,0.13469342,-0.69645714,-0.41263536,-0.07651824,-0.072231466,-0.030107752,-0.036910871,-0.25443578,-0.09563189,-0.045371318,-0.024464156,-0.11926264,-0.11133719,-0.0062047836,0.072603689,0.053227069,0.080115497,-0.018368579,-0.032407214,0.010021421,0.058030288,-0.17745907,-0.070628167,-0.012706996,-0.026408428,-0.072766503,-0.021047621,-0.13916287,-0.19697726,1.0170644,1.0590913,-3.0441896,0.041116165,-0.18078734,-0.6228926,-0.50306654,-0.57322333,0.48614862,0.23496225,0.13340297,0.061426357,0.065313268,0.1459472,3.0150044,0.1890796,2.6073654,0.43549501,0.16006639,0.3624398
2025-09-08 10:10:00,1.0717718,1.0429985,0.99225836,1.0199367,1.0073064,1.0569037,1.0718275,1.0566459,1.0700231,1.062056,1.0387128,1.0434582,1.05853,1.0273275,1.1807495,0.59431411,0.56717087,0.44439577,0.33947328,-0.14120882,-0.47005285,0.20891879,0.16558438,0.33728378,0.077024041,0.089432111,0.13080322,0.01323395,0.2371093,0.057160456,0.058941773,-0.061590111,-0.0070908903,0.034991204,-0.037486746,0.0760826,-0.0069830448,-0.040416606,0.034375902,0.045506205,0.1219098,-0.036357129,0.023431866,0.19955506,0.040517591,0.011060391,0.048542696,-0.089485459,0.0039975147,0.041019236,0.054030929,-0.0088067624,0.043787754,-0.023698602,-1.1877518,-0.58250833,-0.55394169,-0.42454843,-0.33977635,0.15957966,0.45340773,-0.24368199,-0.13679543,-0.38588561,-0.089560667,-0.049706634,-0.14842865,-0.057625737,-0.24415954,-0.016116761,-0.062466366,0.021821977,-0.016056837,-0.03063263,0.07942577,-0.027094201,-0.034886769,0.029251344,-0.028412923,-0.098665985,-0.11161722,0.027451621,-0.021462213,-0.13386992,-0.063745472,-0.0048497366,-0.073955432,0.077993021,-0.0078505196,-0.038561925,-0.043506888,0.011615578,-0.014888501,-0.00039155428,1.7834773,0.18764109,-0.67894908,-0.3905888,-0.067981268,-0.11325159,-0.020423347,0.0066420735,-0.25134115,-0.040896704,-0.019279432,-0.06100506,-0.098196182,-0.10463575,0.0022027466,0.10163148,0.044468913,0.010294966,-0.011377861,-0.075068347,0.0095961318,0.043231538,-0.15128946,-0.078774725,-0.010382602,-0.0032676442,-0.029816534,-0.051911558,-0.14105203,-0.19495069,1.0175881,1.0606573,-3.0422105,0.035369311,-0.18530296,-0.628417,-0.50218085,-0.57604636,0.48661066,0.23520134,0.13339656,0.061982993,0.06375454,0.14894815,3.0169137,0.20037411,2.6063447,0.43636318,0.16250586,0.36417145
2025-09-08 10:15:00,1.0475263,1.0187041,1.0260141,1.0294636,0.99762329,1.0580145,1.070872,1.062391,1.0461952,1.0304228,1.0445551,1.0414771,1.0169809,1.0370878,1.2105444,0.59113138,0.57896433,0.47248794,0.36672511,-0.1739461,-0.46803317,0.26001502,0.13938195,0.34717648,0.086296025,0.078771239,0.11918002,-0.00344096,0.2295252,0.065207399,0.073864936,-0.017575686,0.020307814,0.057137782,-0.058686199,0.043175832,0.020796574,0.00099613734,0.014039812,0.034965794,0.1051162,-0.041757842,0.027825273,0.17275867,0.043492639,0.018270014,0.064434995,-0.062638378,0.0087364376,0.0063305971,0.053960753,-0.016998162,0.0072949969,0.016010948,-1.1921733,-0.59480933,-0.58084144,-0.47311981,-0.30821472,0.14397333,0.47786095,-0.2238632,-0.12568088,-0.39283285,-0.053075288,-0.076953734,-0.13339214,-0.0076470679,-0.29225615,-0.024168779,-0.08592816,0.014178645,-0.0045598714,-0.065454021,0.037788104,-0.082312152,0.0013429885,-0.034723564,-0.042122849,-0.055862775,-0.081574282,0.061001103,0.042524615,-0.14720983,0.0025597958,-0.012469442,-0.065233539,0.072069895,-0.0044813153,-0.012734441,-0.0076725707,0.047071909,0.0048104737,-0.011364704,1.8050221,0.19390256,-0.67842611,-0.42695882,-0.044180233,-0.092415138,-0.0039944382,0.037986876,-0.2653417,-0.10446849,-0.05949319,-0.058434254,-0.11459307,-0.1204271,-0.0063301369,0.1243216,0.062445765,0.061748375,-0.038490222,-0.038967896,-0.0027982353,0.053822927,-0.14691676,-0.058506981,-0.051954079,-0.038001404,-0.047707382,-0.037633776,-0.13907108,-0.19547827,1.0171165,1.0591161,-3.0439453,0.031703823,-0.18745853,-0.63135557,-0.5050202,-0.57514144,0.48491208,0.23563774,0.13419232,0.063908253,0.06388956,0.15070749,3.0107658,0.20510222,2.6092726,0.43671833,0.15638468,0.3665975
2025-09-08 10:20:00,1.0812854,1.0328922,1.0109895,1.0280244,1.0340467,1.0794511,1.0489141,1.0645869,1.0516214,1.0476559,1.0539798,1.0430441,1.0323307,1.0382966,1.2025323,0.5929802,0.56423613,0.44763414,0.3148752,-0.14120779,-0.51533594,0.2611278,0.1517397,0.35649443,0.12310476,0.075954371,0.156347,0.0078527671,0.26025735,0.0075585532,0.083684757,-0.060953431,0.015478814,0.054168545,-0.056403808,0.05411951,0.03251622,-0.032208753,4.828943e-05,0.031464079,0.094696022,-0.041571836,0.0090733155,0.138149,0.029888364,0.038043824,0.065502121,-0.045063924,-0.013430546,0.046839041,0.039112954,-0.026629299,0.0014798062,0.016651982,-1.1909435,-0.58320566,-0.57622505,-0.42507828,-0.31759268,0.16033058,0.49829427,-0.21254968,-0.13342883,-0.36980776,-0.043212717,-0.075657392,-0.12806197,-0.030600402,-0.18087919,-0.074947724,-0.073503579,0.048684361,0.0018887718,-0.038892117,0.062561843,-0.059370789,-0.014338317,0.01735681,-0.037593071,-0.054673051,-0.094007651,0.064948792,0.0090718532,-0.099321879,-0.037472419,-0.038537762,-0.079016095,0.054284026,0.018346892,-0.012631193,-0.015196703,0.049150108,-0.039379181,0.0088949069,1.7836767,0.17075237,-0.6865743,-0.38062836,-0.073377139,-0.11423047,0.0055558924,0.0043583409,-0.27346006,-0.10026016,-0.042889934,-0.072362045,-0.096751756,-0.12220481,0.006346064,0.10170659,0.047357382,0.010950436,-0.0060057552,-0.037981671,-0.0064567678,0.034779206,-0.1719315,-0.049398096,-0.0068310438,-0.0026958385,-0.058141299,-0.038974694,-0.13971975,-0.19628064,1.0169544,1.0593875,-3.0429798,0.037459251,-0.18106022,-0.62182917,-0.50305931,-0.5770181,0.48527219,0.23304744,0.13313016,0.060945918,0.061950559,0.14875928,3.0156348,0.1890147,2.6075766,0.43391681,0.16228119,0.36358671
2025-09-08 10:25:00,1.0536971,1.0383423,1.0340131,1.0150191,1.0157707,1.0526287,1.0517031,1.0477254,1.0549886,1.0520792,1.0347173,1.0478833,1.0428419,1.0397928,1.2040443,0.62825982,0.55518657,0.48932995,0.36165617,-0.18575778,-0.45121655,0.21239688,0.14063499,0.37420486,0.051225482,0.079549547,0.15262713,-0.0020431011,0.23456992,0.045459317,0.097913736,-0.03882401,0.026547415,0.028427457,-0.010903323,0.02487666,-0.0079939384,0.015851716,0.019176661,0.027468608,0.094727353,-0.043307381,-0.011984482,0.1328789,0.0016248153,0.051642936,0.034542769,-0.062599254,-0.0054349389,0.065672765,0.025201567,-0.036182645,0.034484764,0.012528655,-1.1808239,-0.57435656,-0.56009596,-0.39709908,-0.34896199,0.1399741,0.46298518,-0.23159886,-0.14558019,-0.35610122,-0.10869202,-0.026555646,-0.12246946,-0.017240402,-0.24064407,-0.066999927,-0.11137162,0.05303237,-0.028767184,-0.06483976,0.090153754,-0.030236102,0.065594965,0.0073766202,-0.01445285,-0.030749784,-0.10365267,0.067568336,0.023006623,-0.11609788,-0.0017791427,-0.036201141,-0.015456016,0.06390372,-0.036099231,-0.058216089,-0.045838995,0.0096491368,-0.014830534,-0.0055129936,1.7928709,0.19983145,-0.69179415,-0.41953609,-0.083139094,-0.096915265,0.0020047004,-0.01188605,-0.29391137,-0.068020332,-0.012921688,-0.041435412,-0.093624781,-0.1098736,-0.0072345447,0.11335525,0.066262721,0.052358502,-0.019363342,-0.031548117,-0.0084757627,0.043536043,-0.13243102,-0.041948633,0.013532959,0.00030368657,-0.047199376,-0.043967408,-0.13875395,-0.20040017,1.0162536,1.0606498,-3.0442069,0.030062086,-0.18646242,-0.63448995,-0.5072484,-0.57723927,0.48404208,0.23536729,0.13461043,0.061454284,0.065501086,0.15057763,3.0151808,0.20734596,2.6097711,0.43760545,0.1557635,0.36664352
2025-09-08 10:30:00,1.0657617,1.0530678,1.0103558,1.0216555,1.0079148,1.0709336,1.0479268,1.0664251,1.038782,1.0358317,1.049875,1.0539297,1.0492144,1.0264364,1.2307556,0.58368895,0.53233725,0.40385765,0.35385056,-0.15144193,-0.52431452,0.2182328,0.1739799,0.3527662,0.085425961,0.045188939,0.12723982,-0.020266858,0.23988367,0.072760667,0.059170727,-0.037678659,-0.0097854203,0.035549279,-0.064245177,0.086273567,-0.0080067986,0.0050072593,0.014133125,0.040931725,0.11574468,-0.025462023,0.030327504,0.1605993,0.055728007,0.012388148,0.05585551,-0.078162549,0.010769686,0.038087409,0.016729811,0.034639207,-0.0057206098,-0.01109933,-1.1638518,-0.58963267,-0.53522896,-0.45119797,-0.36346641,0.17154028,0.48743246,-0.24360872,-0.15316002,-0.34667109,-0.045152027,-0.080677981,-0.1411861,0.0056739849,-0.21488538,-0.042031262,-0.060912858,0.034418861,-0.043770606,-0.047080415,0.091707666,0.0055107564,0.015531699,-0.010632778,-0.060524369,-0.040808197,-0.08798301,0.051947459,0.023679294,-0.12789965,-0.011139794,-0.021333448,-0.096033019,0.023348017,0.014768795,-0.036523642,-0.014798631,0.021065108,-0.025502288,-0.0081646405,1.8169644,0.15564962,-0.67439335,-0.41949725,-0.076391606,-0.093981145,0.024371639,0.03597281,-0.24699136,-0.066720279,-0.026100324,-0.028151712,-0.13925756,-0.15029545,0.026491957,0.092718599,0.030204726,0.042542127,-0.00073300183,-0.011775926,0.006260674,0.053356501,-0.11795943,-0.039020008,-0.047388159,0.011224197,-0.048456047,-0.029842646,-0.14012592,-0.19779952,1.0184043,1.0606133,-3.0436144,0.036166637,-0.18447221,-0.6320385,-0.50385142,-0.57753479,0.48595087,0.23539969,0.13441892,0.060674788,0.064072159,0.14968242,3.0168864,0.19644165,2.6062876,0.43506213,0.16036702,0.36511667
2025-09-08 10:35:00,1.045417,1.0258605,1.0202954,1.0274205,1.0251327,1.0630164,1.0459089,1.0648798,1.042434,1.0393274,1.0560051,1.0358443,1.0242395,1.0220406,1.2215102,0.59649192,0.57510288,0.45960685,0.33593182,-0.13991567,-0.46926197,0.26368588,0.11979764,0.39190554,0.052187264,0.045961889,0.16410338,-0.0030961472,0.220632,0.007890999,0.086214465,-0.038025432,0.025381367,0.03952438,-0.051939032,0.071076639,0.0046478479,-0.010947212,0.029393494,0.048085482,0.12505905,-0.037921226,0.029652442,0.19259103,0.0044826426,0.014209038,0.024262695,-0.084581637,0.01808658,0.070661481,0.039729322,-0.031111208,0.042469079,0.0025046067,-1.175878,-0.59251812,-0.55473717,-0.45645673,-0.38006622,0.17720528,0.47473907,-0.24578439,-0.14134103,-0.347098,-0.05687343,-0.030847364,-0.10826015,-0.019331549,-0.26071074,-0.042654989,-0.11024104,0.0194921,-0.019838223,-0.053835071,0.062456635,-0.040843903,-0.024265207,-0.013403585,-0.039904756,-0.03400384,-0.10759062,0.023730198,0.02595053,-0.10977184,-0.022098778,0.0014064432,-0.050466049,0.058521349,-0.0020635009,-0.065748322,-0.02120638,0.012187125,0.024352835,-0.037283648,1.7860281,0.18463537,-0.64799539,-0.39737666,-0.050203941,-0.11476268,0.010657862,-0.010602184,-0.24111388,-0.10369622,-0.055456218,-0.053359479,-0.11814553,-0.10375833,-0.011168578,0.088551838,0.059555598,0.041250997,-0.025793551,-0.021847075,0.040604436,0.063535144,-0.15212433,-0.02056698,-0.028424453,-0.003729495,-0.075125182,-0.015788446,-0.14238635,-0.19843249,1.0162981,1.0604781,-3.0479807,0.031264871,-0.18916711,-0.63749682,-0.50824507,-0.57760439,0.48442159,0.23739164,0.13677648,0.061096081,0.06518339,0.15048301,3.0163571,0.21620534,2.6128007,0.43798995,0.15215136,0.36729595
2025-09-08 10:40:00,1.0573069,1.0286728,1.0133416,1.0042674,1.0265505,1.0520688,1.044691,1.0630621,1.037628,1.0654164,1.0519015,1.0518638,1.0527623,1.0081551,1.1850677,0.60339372,0.57383885,0.42955699,0.35260623,-0.17928656,-0.43968146,0.26326002,0.15830914,0.36596138,0.079103343,0.046385033,0.12284016,-0.0047890713,0.24760272,0.036250368,0.081546834,-0.02430653,0.011219758,0.054238051,-0.061473331,0.071117008,-0.0010776497,0.0071040939,0.0029903766,0.07495007,0.10416873,-0.043646026,-0.0080018901,0.22744722,0.077567707,-0.00034736552,0.045578387,-0.0478259,0.056471999,0.084262256,0.043231608,-0.013414284,0.029872166,0.035178184,-1.2043421,-0.57336029,-0.53665151,-0.45580033,-0.36406015,0.15501924,0.42905273,-0.25193091,-0.17792864,-0.34280317,-0.01318964,-0.039591098,-0.13242879,0.026821539,-0.22831584,-0.047383377,-0.089944759,0.035812012,0.0086038161,-0.040124063,0.074678233,-0.050561429,-0.0058681969,0.018084599,-0.033013146,-0.068675189,-0.063971999,0.057055551,-0.011844877,-0.14001052,-0.019047473,-0.021934688,-0.069479653,0.037689157,-0.017651173,-0.038993918,-0.046921446,-0.0058937318,-0.04349983,-0.0043885741,1.7949951,0.20712874,-0.66997594,-0.41829633,-0.086932351,-0.082223443,-0.014572089,0.008375551,-0.23976853,-0.059248793,-0.043571794,-0.03862239,-0.10444925,-0.13321644,-0.022760973,0.11054042,0.03916178,0.024479503,-0.0037021736,-0.030030242,-0.010104966,0.055029543,-0.13148968,-0.045500626,0.012996247,-0.045888648,-0.066351608,-0.049717451,-0.13974038,-0.19676833,1.0189348,1.0592612,-3.0450653,0.031920195,-0.1811093,-0.6328484,-0.50440854,-0.57698607,0.48559087,0.23814738,0.13390365,0.061530747,0.066083838,0.15083693,3.0172336,0.208002,2.6126852,0.4361298,0.15619278,0.36557323
2025-09-08 10:45:00,1.0559358,1.0527684,1.0107704,1.0198382,1.0050027,1.0534448,1.0500678,1.0586473,1.0487563,1.034605,1.036387,1.0573421,1.0458883,1.0415265,1.2321064,0.60151863,0.59228452,0.43847643,0.34842248,-0.14439921,-0.46413088,0.21746538,0.13145634,0.39093869,0.056679869,0.05438099,0.14204118,-0.0072285414,0.19630562,0.056255214,0.06989639,-0.0047595727,0.0012376598,0.040000836,-0.074536757,0.061216323,0.024710615,0.023185917,0.04005643,0.05519633,0.14689113,-0.0152941,0.026772556,0.17819072,0.015823258,0.024130908,0.060784726,-0.06572433,0.061702135,0.04365336,0.049600443,-0.014530528,0.036449903,0.030987251,-1.1772788,-0.59404636,-0.54082469,-0.41858894,-0.30181228,0.13140706,0.49026533,-0.21849982,-0.14055729,-0.38349968,-0.02673866,-0.074903386,-0.14536871,0.0032210636,-0.27529049,-0.032200158,-0.052002044,0.027472518,-0.0017210539,-0.031038509,0.059896954,-0.050222078,0.01978937,0.0045666452,-0.056425939,-0.05047954,-0.097460924,0.073796435,-0.0040033362,-0.10582535,0.016785499,-0.041683042,-0.069686142,0.031414008,0.016899577,-0.023132496,-0.079426368,-0.023922892,-0.01064653,-0.0038117734,1.7806288,0.20040366,-0.70360727,-0.41403203,-0.08563931,-0.085849081,-0.049399463,-0.013180374,-0.22178211,-0.08022934,-0.037292959,-0.060300025,-0.11941225,-0.11009167,0.025187123,0.081514685,0.05076929,0.046676711,-0.045528903,-0.030394314,-0.0090214105,0.052984754,-0.17241945,-0.066203705,-0.0052068396,-0.035324224,-0.059418917,-0.066263904,-0.13728107,-0.19792968,1.0191851,1.0600516,-3.0462488,0.030495024,-0.18580659,-0.6342976,-0.50937078,-0.58136981,0.48434161,0.2388511,0.1356235,0.062724235,0.066130664,0.15236778,3.0156946,0.20936195,2.6087981,0.43793109,0.15323756,0.36950045
2025-09-08 10:50:00,1.0695762,1.0631994,1.0194992,1.0127811,1.0105099,1.0698329,1.0430382,1.0521398,1.0627347,1.0581841,1.0394765,1.0599585,1.0387728,1.0287739,1.1739359,0.60562923,0.55477595,0.4442317,0.32543558,-0.16677195,-0.48354766,0.21935312,0.14675181,0.36802374,0.035478108,0.065612652,0.18762078,0.011363107,0.23671502,0.094729644,0.080801799,-0.016682091,0.019419285,0.049659316,-0.058365991,0.095185601,0.00069183488,-0.00046172459,0.0083751319,0.022741304,0.070085899,-0.077369861,-0.0015434064,0.15939345,0.017653579,-0.013621151,0.079599666,-0.03249621,0.01206662,0.049914009,0.03540502,-0.028259803,0.004018883,-0.0087311329,-1.1548198,-0.57469827,-0.56910303,-0.41962071,-0.33062292,0.12948661,0.46929339,-0.23175734,-0.10083797,-0.32778972,-0.04056085,-0.058328652,-0.16261181,0.044386801,-0.21349543,-0.034828495,-0.12359506,0.035336458,0.022306681,-0.066202613,0.052661609,-0.0231579,-0.035109358,0.042565513,-0.010833758,-0.035368939,-0.12036474,0.060565438,-0.0023600002,-0.10059932,-0.020053313,-0.057299771,-0.039441269,0.043988688,-0.017560058,-0.086123853,-0.060879704,-0.020473123,0.0097277598,-0.014497794,1.7962402,0.18493975,-0.67801284,-0.40412323,-0.032566105,-0.090639274,-0.023757547,-0.034982531,-0.20607692,-0.069442096,-0.040927057,-0.033999667,-0.13424943,-0.14239184,-0.022981465,0.082727719,0.01523069,0.010006173,0.028455857,-0.0015140309,-0.025082761,0.093406276,-0.14843362,-0.045443787,-0.023253645,0.0085288907,-0.038497216,-0.065837666,-0.14278488,-0.19779534,1.0152037,1.0597058,-3.04289,0.035784962,-0.18089359,-0.63016777,-0.50229567,-0.57757003,0.4863276,0.23478182,0.13338659,0.061112657,0.064119701,0.14920888,3.0163071,0.19985468,2.6075114,0.43491724,0.15941245,0.36421843
2025-09-08 10:55:00,1.0434966,1.0655326,1.0111754,1.0216131,1.0277649,1.0480291,1.0386592,1.0618344,1.0538525,1.0390801,1.0596431,1.0453841,1.0369653,1.0045805,1.1698136,0.59928385,0.52826086,0.43535627,0.33451092,-0.16430774,-0.47834944,0.23386937,0.145098,0.33982821,0.093499023,0.086140368,0.17921907,0.032562015,0.23599838,0.047459514,0.10984383,-0.02223184,-0.037075317,0.031250655,-0.052906338,0.0048897728,0.01096955,-0.031404274,0.019330582,0.017764166,0.094895345,-0.020659594,0.026019508,0.15080572,0.089753351,0.04619555,0.098759317,-0.077331846,0.026063026,0.037905589,0.010749593,-0.023283375,-0.02646791,0.014560732,-1.1853345,-0.57284209,-0.56594727,-0.44260203,-0.37520113,0.16057672,0.50257563,-0.23388295,-0.12410187,-0.39220298,-0.089697909,-0.077238877,-0.15419534,0.0067181845,-0.24220876,-0.062537279,-0.08244367,0.058066659,-0.019846635,-0.046090387,0.095488029,-0.023226649,-0.0039952647,-0.010036289,-0.054413327,-0.057481524,-0.086731674,0.066486734,0.029371396,-0.14524565,-0.054151891,-0.0063248312,-0.028900488,0.08610434,-0.02333656,-0.049280864,-0.0051965799,0.023382523,-0.038510468,-0.0087736091,1.7884851,0.1688694,-0.6884553,-0.43501072,-0.063078066,-0.084596417,-0.023158242,-0.002755689,-0.25718626,-0.088837782,-0.045516976,-0.042628054,-0.1090838,-0.11974536,-0.027380827,0.095197178,0.038288956,0.047756385,0.016007377,-0.034524556,-0.0016849037,0.055695623,-0.16754927,-0.051214798,-0.022850062,-0.041419836,-0.037812052,-0.00087731544,-0.14200332,-0.19813656,1.0186419,1.0596181,-3.0464046,0.034505863,-0.18433618,-0.6345766,-0.50470295,-0.57860269,0.48392575,0.23603629,0.13440826,0.061608734,0.063962732,0.15063617,3.0173935,0.20646825,2.6098058,0.43633765,0.15428199,0.36601827
2025-09-08 11:00:00,1.0639253,1.031359,1.0099878,1.0136106,1.0055175,1.0586808,1.0359753,1.0700045,1.0539306,1.0477408,1.0325755,1.046529,1.0486086,1.0279426,1.1739451,0.60602854,0.5961525,0.44582964,0.32632349,-0.15258643,-0.50777211,0.21461039,0.11862146,0.40781208,0.089601344,0.054585013,0.12884062,-0.0089342574,0.28546144,0.065204746,0.040177838,-0.051839537,0.012123945,0.037588337,-0.042871595,0.067297408,0.032110698,0.019763103,0.023938745,0.040761277,0.12918507,-0.0031448891,0.026066599,0.17405524,0.062686297,0.0015208608,0.081934709,-0.021933437,0.021320015,0.047335612,0.034100163,-0.012250017,-0.01639274,-0.0069455932,-1.2100985,-0.56865426,-0.52601011,-0.47883192,-0.37794664,0.13051808,0.48317117,-0.218064,-0.13626854,-0.40315289,-0.089944746,-0.074574258,-0.12724098,0.00041783119,-0.24200061,-0.048510823,-0.12045003,0.022190734,-0.0019247985,-0.040838427,0.080599399,-0.066562361,0.0029588557,-0.011762493,0.0066154812,-0.055522567,-0.091235721,0.039865286,0.020960626,-0.11656052,-0.011817385,-0.029096873,-0.031273232,0.065661273,0.036030624,-0.074527171,-0.059905229,0.045847422,0.013093665,-0.042522832,1.8071015,0.2000531,-0.66662114,-0.44046695,-0.03597891,-0.073525225,-0.0051084599,-0.026122823,-0.27117458,-0.069565253,-0.010204759,-0.07046866,-0.097582907,-0.12367942,-0.0089807347,0.095200921,0.026434111,-0.016095369,-0.030411546,-0.030126124,-0.0063238911,0.029837944,-0.17767033,-0.048543174,-0.01568801,-0.041597686,-0.054751266,-0.029265867,-0.14130161,-0.19818278,1.0173011,1.0597248,-3.0444699,0.033332392,-0.18555724,-0.63352581,-0.50427554,-0.5798313,0.48519886,0.23831272,0.13456392,0.062668134,0.063875539,0.14948499,3.01574,0.210334,2.6143905,0.43669575,0.15515081,0.36566172
2025-09-08 11:05:00,1.0682467,1.0491054,1.0118309,1.0232665,1.025396,1.0682759,1.0434354,1.0661233,1.0516032,1.0506704,1.0425388,1.0673001,1.0376163,1.0403228,1.1960518,0.60023285,0.55682819,0.44190293,0.36802079,-0.12020755,-0.51171322,0.22413062,0.11785935,0.37078867,0.055186729,0.076729613,0.11624353,-0.0073416822,0.23455755,0.021902979,0.097346288,-0.047961499,0.03276855,0.069227204,-0.066057683,0.065471668,0.02080957,-0.0065692059,0.0076275748,0.073225852,0.12903585,-0.045356731,0.021286474,0.12570446,0.016903058,0.0019240971,0.054009307,-0.047589372,0.026341309,0.07644761,0.017213933,-0.00044567806,0.030132938,0.013416303,-1.1924357,-0.58887477,-0.53698737,-0.4077988,-0.34302014,0.10951212,0.50436833,-0.23762599,-0.13859369,-0.39369938,-0.066514444,-0.054563872,-0.15937452,0.010408665,-0.23530919,-0.0082626462,-0.097201762,0.033172014,-0.028123228,-0.065875707,0.078524519,-0.013855094,0.036177272,-0.022158367,-0.017059169,-0.081312979,-0.086170795,0.046383433,-0.016918154,-0.14475326,-0.045578441,-0.0039936182,-0.041873544,0.087101172,-0.028195885,-0.025089452,-0.03198672,0.00060933017,-0.019271746,-0.052115586,1.7699502,0.14521927,-0.70974852,-0.37462071,-0.051538585,-0.10054026,0.0168437,-0.023000602,-0.2560003,-0.065992638,-0.046128392,-0.025762142,-0.092159399,-0.12365833,-0.005421124,0.089697353,0.046007225,0.046838267,-0.020447665,0.00081325377,-0.011089023,0.049117957,-0.11340785,-0.035471427,-0.0013435257,-0.021002186,-0.070147262,-0.067343973,-0.14015743,-0.20029801,1.016423,1.0594415,-3.0455762,0.03304866,-0.18517154,-0.63435153,-0.50774767,-0.57709637,0.48483183,0.23618461,0.13401258,0.062014926,0.063117674,0.15195152,3.0145044,0.20909074,2.6107194,0.43687183,0.15281919,0.36562821
2025-09-08 11:10:00,1.0646545,1.0267773,1.0076167,1.0361186,1.0101012,1.0538472,1.0653429,1.0506583,1.0306724,1.0281613,1.060345,1.0478364,1.0432632,1.0391848,1.1782072,0.57195085,0.58807972,0.45913929,0.3455936,-0.15534977,-0.5053353,0.25785054,0.16857166,0.35848538,0.025170448,0.11066741,0.15932359,0.0070126764,0.22128561,0.052349005,0.071046961,-0.030215497,0.0061900404,0.025847991,-0.049326552,0.044660389,-0.00965787,-0.029626872,-0.0026934433,0.02749139,0.117253,-0.072467166,-0.0010094955,0.17876551,0.0038709503,0.0051698001,0.051836217,-0.052600376,0.012826197,0.042989308,0.0023499489,0.011157412,-0.018685793,0.025060481,-1.1797808,-0.59314588,-0.51491191,-0.47023282,-0.34952131,0.15856329,0.47076737,-0.2385355,-0.13930881,-0.37010425,-0.057840854,-0.042065015,-0.14526477,0.017150201,-0.24748473,-0.030734911,-0.07264789,0.035361722,-0.045596013,-0.071626331,0.10178728,-0.030907259,0.047888553,0.015618192,-0.065980031,-0.0733438,-0.065289471,0.06135238,-0.034790378,-0.13887064,-0.026177622,0.008864939,-0.07460758,0.067800995,-0.0046050927,-0.015408457,-0.033677194,-0.017589692,0.0035749777,-0.044479163,1.817563,0.16465756,-0.64755604,-0.41297349,-0.04616585,-0.09693232,0.010254992,0.020099895,-0.25552034,-0.089491631,-0.0083450212,-0.057502518,-0.12251351,-0.098471408,0.0028533491,0.064602247,0.039751496,0.088639887,-0.038144601,-0.04153004,0.0042280059,0.091963761,-0.15185543,-0.041940361,-0.047195314,0.017250658,-0.061309728,-0.0022077832,-0.13888884,-0.20282365,1.0188598,1.0592723,-3.0445772,0.033756103,-0.18186874,-0.63054511,-0.50584365,-0.57696364,0.48613587,0.23547717,0.13488819,0.061371411,0.063859575,0.14807612,3.0145101,0.20331769,2.606757,0.43606131,0.15750412,0.36582639
2025-09-08 11:15:00,1.0526537,1.0295838,1.0214567,1.0157514,0.99333143,1.072573,1.0444767,1.0449841,1.0691864,1.034025,1.0627986,1.0679097,1.0581678,1.0305605,1.1752968,0.5637838,0.57741626,0.45506083,0.32926475,-0.13564975,-0.49460316,0.21887751,0.1792695,0.36721524,0.06482104,0.068905922,0.16280929,-0.026695709,0.24238804,0.035048568,0.053502194,-0.029585288,0.011213839,0.0048821075,-0.05375588,0.059285666,-0.010954489,-0.045761256,0.032587906,0.050369211,0.097509246,-0.041912575,0.011816724,0.16903297,0.059474031,0.032868278,0.065949695,-0.071346862,0.01399326,0.024053068,0.010473689,-0.0062924041,-0.014088922,0.030640104,-1.1837455,-0.53193846,-0.53119036,-0.45669638,-0.32174409,0.12311115,0.49140137,-0.21358951,-0.12507585,-0.36152336,-0.078849021,-0.11038755,-0.12622965,0.011505031,-0.2119506,-0.043623589,-0.093162293,0.014760996,-0.022795336,-0.045017789,0.092107791,-0.047077596,-0.0026065589,0.025401987,-0.073577272,-0.044093484,-0.10981881,0.041471122,0.041511749,-0.112067,-0.010203499,-0.018820262,-0.076887133,0.079702854,0.0082381326,-0.058686573,0.0047492888,0.0051589722,-0.00076211486,-0.0062673362,1.8060906,0.16357383,-0.68433028,-0.40371335,-0.08465474,-0.080248642,-0.0170083,0.021279386,-0.29242155,-0.101502,-0.017528628,-0.027243643,-0.12316575,-0.11534739,0.0077478526,0.10755501,0.040620622,0.036992087,-0.025117344,0.014393528,-0.031850769,0.04463924,-0.13861898,-0.050594764,-0.039416349,-0.011142351,-0.050341062,-0.041286806,-0.1396512,-0.19450341,1.0172669,1.0607483,-3.0414101,0.037115932,-0.18287437,-0.62744815,-0.50294559,-0.57554212,0.48567933,0.2362135,0.1344224,0.062048301,0.063434309,0.14884469,3.0168447,0.19899781,2.6085147,0.43718205,0.1592051,0.36510269
2025-09-08 11:20:00,1.0570677,1.0598886,1.0225252,1.0215393,1.0198534,1.0575191,1.051228,1.0570166,1.0658009,1.0365362,1.0487921,1.0424014,1.0434614,1.0197118,1.2284561,0.55177797,0.54847254,0.46245204,0.30287265,-0.15331462,-0.47708182,0.23092927,0.18286449,0.39576916,0.067413837,0.074218497,0.15059126,-0.012596994,0.23534279,0.039505228,0.091714371,-0.012095062,0.012041444,0.041998183,-0.062415906,0.0087972185,0.02135165,0.024464926,-0.0081100958,0.030138307,0.096137314,-0.011699203,-0.013224152,0.17619537,0.0350275,0.021220232,0.087996479,-0.046271297,0.039387564,0.034437918,0.037695267,0.030143693,0.042586369,0.029359365,-1.1404577,-0.53805604,-0.53777156,-0.42149702,-0.36608665,0.14408985,0.46801993,-0.23207567,-0.11466624,-0.34900433,-0.028543296,-0.10069359,-0.1252835,-0.021831935,-0.24185522,-0.066529823,-0.10707967,0.01801638,-0.0055593927,-0.013364148,0.06945572,-0.06385689,-0.0057655209,0.0087047178,-0.0086012502,-0.054210572,-0.097248445,0.037344789,0.033657034,-0.11389165,-0.049808458,-0.015060136,-0.033479694,0.091726749,-0.046453881,-0.02016202,0.0071151191,0.012900244,-0.073508671,-0.032262026,1.7718667,0.16053397,-0.70297963,-0.42850338,-0.047716517,-0.096783394,-0.026953614,-0.016845895,-0.24881161,-0.067862593,-0.046896523,-0.059595476,-0.12153088,-0.16051911,0.0024383517,0.088486132,0.039294714,0.013015655,-0.003674811,0.034143469,-0.020356971,0.058911054,-0.08045848,-0.066874322,-0.025435766,0.014310814,-0.06952432,-0.038345458,-0.13879366,-0.1982756,1.0164452,1.0601896,-3.0430746,0.032291719,-0.18504259,-0.63735121,-0.50645605,-0.58328573,0.48549578,0.23808925,0.13454026,0.062013449,0.064487499,0.14965854,3.0155215,0.20924352,2.6101319,0.43930584,0.15382695,0.36546689
2025-09-08 11:25:00,1.0444865,1.0527164,1.0130929,1.0232149,1.0162364,1.0534366,1.0465609,1.071837,1.0374242,1.0502527,1.0640542,1.0395327,1.0376896,1.0351887,1.1948552,0.60018663,0.55612447,0.45520852,0.30170489,-0.13947993,-0.4724663,0.20380737,0.14516001,0.40306402,0.074243216,0.054875196,0.1398576,0.0042409265,0.28208417,0.028955588,0.085265697,-0.049166314,0.032361708,0.064262199,-0.041580229,0.035603125,0.019625284,0.03386837,0.0056673274,0.011231966,0.14653549,-0.034774792,0.018298106,0.15843465,0.024939753,-0.0089540685,0.063113343,-0.052298,0.060394922,0.032782803,0.031070329,0.017028341,-0.0067337249,0.013650648,-1.1614121,-0.59480187,-0.58729763,-0.42464147,-0.38325186,0.12231654,0.48053041,-0.22192172,-0.12161148,-0.39211574,-0.085687483,-0.02249023,-0.15907254,-0.0094696895,-0.2042218,-0.036303585,-0.095551509,0.014330896,0.015063407,-0.053041879,0.10275763,-0.029830716,0.0051782916,-0.0031885762,-0.025085938,-0.032296427,-0.11736805,0.040988603,0.010203249,-0.10891643,-0.039461411,-0.020631853,-0.051121926,0.059422917,-0.014830885,-0.014973474,-0.011420818,-0.02061266,-0.02516836,-0.011296037,1.8019126,0.16902187,-0.66771191,-0.41961539,-0.03737264,-0.086385311,0.030601755,-0.0058703285,-0.22889593,-0.091620697,-0.027417003,-0.034712859,-0.10212242,-0.14959209,-0.03212651,0.067989259,0.053433705,0.027490156,-0.0076833186,-0.031773897,0.028141472,0.05477599,-0.11319246,-0.073798929,-0.007510377,-0.0088413831,-0.065027981,-0.037919504,-0.14103927,-0.200659,1.0169956,1.059336,-3.0460924,0.029470766,-0.1889835,-0.64868862,-0.50404375,-0.58441753,0.48452155,0.23810923,0.13653468,0.065427839,0.06464167,0.15399932,3.0135757,0.22295919,2.6165942,0.43749595,0.14825761,0.36904661
2025-09-08 11:30:00,1.0712798,1.0556543,1.0119421,1.0207467,1.0069022,1.0737807,1.0553193,1.0678505,1.0461846,1.0412717,1.0503886,1.0563782,1.046789,1.0412731,1.2157036,0.58235093,0.55525593,0.43013629,0.33954885,-0.1491286,-0.43012228,0.24883662,0.14540173,0.35820258,0.060750278,0.066221153,0.15077432,-0.0083209174,0.2632904,-0.017282252,0.08673598,-0.076891324,0.050363015,0.015996717,-0.054451029,0.042414682,0.036019691,-0.020137982,0.017580235,0.056392349,0.13226282,-0.027000873,0.047754783,0.15103483,0.042703813,0.040702668,0.064725088,-0.056165294,-0.010117314,0.02667847,0.039043901,-0.016982977,-0.022681965,0.0068537459,-1.1673476,-0.56842035,-0.56601808,-0.44027319,-0.34404155,0.15779904,0.47816965,-0.21458708,-0.14957623,-0.37640071,-0.040062986,-0.066909,-0.14638702,-0.0065213592,-0.23740682,-0.055277045,-0.1231244,0.022886022,0.00075232857,-0.025732465,0.087142528,-0.037786838,0.024402212,0.037024517,-0.024510834,-0.060027811,-0.091538458,0.076911555,0.0052945718,-0.14744483,-0.0081468278,0.027132863,-0.062570429,0.078875548,0.031952711,-0.073790525,-0.016167013,0.030889004,0.00038737698,-0.013856485,1.8034256,0.15797107,-0.66461001,-0.38190913,-0.051626261,-0.061880752,-0.016989641,-0.026845649,-0.23315387,-0.1108547,-0.01805081,-0.032692765,-0.082079162,-0.12359147,-0.0042491328,0.080168583,0.019743009,0.025473831,-0.049591875,-0.022888088,-0.00012757712,0.027877969,-0.13532823,-0.028123403,-0.011793175,-0.044942244,-0.026240706,-0.019109204,-0.14175454,-0.20274094,1.0173109,1.0596703,-3.047996,0.028293662,-0.18467809,-0.63576677,-0.50505958,-0.5777822,0.48437186,0.23754144,0.13627283,0.061423222,0.065460863,0.15166209,3.0163725,0.21251052,2.6138703,0.43691405,0.15195916,0.36768001
2025-09-08 11:35:00,1.0660238,1.036134,1.0172465,1.0299856,1.0019115,1.0485439,1.0503497,1.0526393,1.0555979,1.0127772,1.0379915,1.0441285,1.0307372,1.0200265,1.1925221,0.59613954,0.55674391,0.44960582,0.31213198,-0.15705901,-0.50676867,0.22902302,0.16813033,0.37729812,0.083717043,0.059791914,0.12621998,0.025912614,0.22448343,0.044737279,0.10395286,-0.035156409,0.00092545879,0.087067373,-0.082189419,0.071282367,0.012630387,-0.014099762,-0.0020803262,0.07474006,0.11922989,-0.043302417,0.00016179764,0.17482734,0.022478555,0.006754013,0.033365992,-0.044698408,0.0038107001,0.02956671,0.029286179,-0.020853341,-0.025037921,0.040949922,-1.1705742,-0.58447681,-0.52640408,-0.4284967,-0.34005691,0.18868705,0.5037073,-0.24385614,-0.18512913,-0.37834305,-0.096597302,-0.07939424,-0.14874166,0.022816893,-0.22992196,-0.0837787,-0.087160506,0.044076559,-0.051779082,-0.042617457,0.03576552,-0.03368628,-0.012156123,0.033653941,-0.02219603,-0.062324226,-0.12409036,0.042982074,0.0066962738,-0.12620025,-0.00084380633,-0.045170768,-0.070233186,0.064615562,-0.008511755,-0.028746413,-0.018828025,0.0017095334,-0.0029802113,-0.051486829,1.8061766,0.15182557,-0.70977533,-0.41156958,-0.10143272,-0.097337967,0.021651868,0.012670713,-0.22771698,-0.08430657,-0.013256726,-0.024214975,-0.093468549,-0.14731279,0.022449098,0.099312629,0.042576992,0.047892429,-0.013333069,0.011998333,0.0014369032,0.068064755,-0.13289407,-0.0046177004,-0.020803367,-0.031094119,-0.045024619,-0.060788838,-0.14067266,-0.19675011,1.0164034,1.0617398,-3.0440121,0.033593909,-0.18073149,-0.6331388,-0.50338734,-0.57859421,0.48654579,0.23522568,0.13464104,0.062115368,0.062599034,0.14896811,3.0166958,0.20276572,2.6088128,0.43542646,0.15625015,0.36523388
2025-09-08 11:40:00,1.0545763,1.0539247,1.0083466,1.0203159,1.0133142,1.0728197,1.037313,1.0313638,1.0351224,1.0350714,1.0404246,1.0557399,1.0422159,1.0119842,1.1955933,0.62481707,0.58684377,0.47206454,0.36636885,-0.14674931,-0.46224176,0.27249191,0.17612213,0.37889623,0.069607925,0.058051074,0.18652458,-0.0013194027,0.26287805,0.031972962,0.098321333,-0.031215299,0.037660535,0.060579875,-0.079491542,0.05836391,0.03528639,0.0085861862,-0.00037485379,0.029674078,0.13631254,-0.049625449,0.015268246,0.15126968,0.075473781,0.049197872,0.072055959,-0.076591416,-0.040217063,0.050151261,0.029922514,-0.012645909,-0.031733841,0.007963873,-1.1753766,-0.56569394,-0.52517776,-0.47368881,-0.33935218,0.14508324,0.47018715,-0.2132294,-0.089968855,-0.36388401,-0.035140093,-0.074189336,-0.15277579,0.0044730149,-0.22200595,-0.05807015,-0.084785987,0.038999283,0.019480863,-0.017374832,0.11092876,-0.038163969,0.013378123,0.011639541,-0.029601728,-0.063241319,-0.12969458,0.022483934,0.033393255,-0.14179088,-0.022170091,0.0076677769,-0.048074514,0.069607661,-0.0083596513,-0.06058615,-0.010407077,-0.0058284361,-0.0027412887,-0.021240215,1.7961943,0.18709187,-0.70240493,-0.38575524,-0.072096838,-0.097494971,-0.025630729,-0.020014116,-0.24504472,-0.079054392,0.0091542075,-0.042660716,-0.11382546,-0.11605189,-0.02166504,0.086959009,0.042719841,0.067131721,-0.015996408,-0.0074085752,-0.020846753,0.039368095,-0.11389207,-0.021203071,0.0010822653,-0.017836102,-0.020303722,-0.0079088869,-0.14031847,-0.19966287,1.0197877,1.0587982,-3.0443374,0.035393198,-0.1842396,-0.62687544,-0.50306845,-0.57699586,0.48491471,0.23665274,0.1321878,0.061498974,0.064973708,0.15010539,3.0182556,0.1948443,2.6087503,0.43537669,0.16046727,0.36471743
2025-09-08 11:45:00,1.0472783,1.0440196,1.0053189,0.99947091,1.0032012,1.0763675,1.0463671,1.0598156,1.0468646,1.0568632,1.046716,1.0429546,1.0343543,1.0205313,1.1887248,0.61285815,0.53993112,0.43224485,0.33622346,-0.15915506,-0.47354178,0.2407918,0.16425017,0.34456408,0.086952142,0.094612255,0.14403762,-0.01636488,0.22319571,0.017102492,0.078490094,-0.026092781,-0.013707057,0.034945573,-0.097703978,0.040686348,0.016474484,-0.028053727,0.044518377,0.066344495,0.11365515,-0.0648904,0.023293853,0.11801679,0.052815987,0.061054035,0.082460811,-0.070830175,-0.008350385,0.034229919,0.016283166,-0.050051859,0.0078529188,0.03487651,-1.1809814,-0.59500738,-0.53176192,-0.43603235,-0.34444846,0.17125651,0.48113076,-0.24094035,-0.12474513,-0.39387518,-0.052816318,-0.067719499,-0.10869119,0.018195056,-0.26793344,-0.066556649,-0.071520096,0.044604681,0.00057037439,-0.046445661,0.10285499,-0.03672542,0.0049115358,-9.5572318e-05,-0.076243657,-0.045540534,-0.120659,0.05538351,-0.033210183,-0.16926068,-0.019745642,-0.045659466,-0.039431054,0.076185034,-0.01171733,-0.044636771,-0.024359245,0.038036177,-0.018308496,-0.0029579649,1.7762328,0.1660078,-0.64568127,-0.42456392,-0.085099133,-0.10521519,-0.034246955,-0.0092551464,-0.2323446,-0.097673505,-0.028416319,-0.041801246,-0.11962756,-0.16463404,-0.0040905261,0.063006558,0.0083901339,0.0083830338,-0.034553161,-0.046445216,-0.0081243011,0.029800104,-0.13327533,-0.095886249,-0.023735784,-0.0094022292,-0.028731611,-0.033643891,-0.14256901,-0.20182414,1.0175933,1.0582513,-3.0422548,0.029779791,-0.18785996,-0.64258927,-0.50818917,-0.57738273,0.48490291,0.23827801,0.13464552,0.06305121,0.065398003,0.15154617,3.014333,0.21684285,2.6156077,0.43889294,0.15041121,0.36703174
2025-09-08 11:50:00,1.0708838,1.0298853,1.0175684,1.0006476,1.0309812,1.0721021,1.0533381,1.0720076,1.0433917,1.0604083,1.062411,1.0531604,1.0425982,1.0175929,1.2269111,0.59742169,0.54611134,0.46507593,0.3349309,-0.15019562,-0.4906273,0.24183796,0.11494789,0.33380071,0.044961058,0.073778099,0.16124483,0.020526494,0.26433627,0.019200876,0.058627934,-0.016892678,0.072058496,0.051953216,-0.02236907,0.040406543,0.014757028,-0.0015298516,0.0038395678,0.023306853,0.13165603,-0.031756558,0.035645093,0.18119092,0.021971796,0.0035636673,0.04504388,-0.081981373,-0.0035039376,0.044164217,0.011365403,-0.010097135,0.013562266,0.025015646,-1.1840871,-0.54026065,-0.52291065,-0.44596157,-0.32705314,0.1280505,0.50841174,-0.25596981,-0.11541503,-0.36674996,-0.063564689,-0.064495073,-0.14882698,0.014357121,-0.23751571,-0.086311484,-0.10567144,0.033679447,0.0062588795,-0.017197082,0.064918971,-0.026064624,-0.013883658,-0.0076359583,-0.02641856,-0.068864666,-0.065631048,0.058283816,-0.0057020583,-0.10833093,0.0059774711,-0.028741907,-0.083287175,0.040584253,-0.0030904488,-0.051927152,-0.0026899939,0.0078850555,0.016908901,-0.033763909,1.7916585,0.20229063,-0.68359033,-0.41451066,-0.020921609,-0.1170581,0.00010095456,0.062546462,-0.23239726,-0.078845975,-0.035044501,-0.044673646,-0.095661019,-0.096783827,0.0095351186,0.07238416,0.03350677,0.022625369,-0.021719437,0.014563134,-0.00839089,0.073927838,-0.12394621,-0.057369786,-0.016668165,-0.010476894,-0.04233737,-0.02713765,-0.14172456,-0.19798893,1.0165289,1.0613429,-3.0462549,0.032860473,-0.18619849,-0.63995325,-0.5070891,-0.57854917,0.48470719,0.23703019,0.13502621,0.063429229,0.064826071,0.15259232,3.0134805,0.21021245,2.6098257,0.43504197,0.15332765,0.36900711
2025-09-08 11:55:00,1.0537664,1.0488942,1.0072665,1.0203041,1.0268023,1.0610387,1.0515275,1.0646371,1.0524194,1.047929,1.0585251,1.0386536,1.0286338,1.0315965,1.2190268,0.59322058,0.54779944,0.44772219,0.36384684,-0.12026256,-0.48966947,0.22651412,0.08401193,0.40046088,0.070910087,0.094941779,0.16180825,0.014144206,0.23854082,0.055161657,0.097942395,-0.012347256,0.007249384,0.036392525,-0.03637858,0.04490096,-0.00041730022,0.039274978,-0.0024858188,0.033379689,0.13232505,-0.027936183,0.021060441,0.15885825,0.05365804,-0.015368389,0.040967186,-0.055460619,0.0052331315,0.064042303,0.024904198,-0.016177187,-0.0029779175,-0.0070251709,-1.1881455,-0.57793387,-0.51949487,-0.44751658,-0.32455853,0.10251395,0.4645317,-0.24551052,-0.1331086,-0.37339378,-0.074971898,-0.040656452,-0.16483736,0.00043011184,-0.21563728,-0.05915489,-0.049866146,0.010992725,-0.032401728,-0.036727069,0.065861702,-0.069351443,0.0011511123,0.033762708,-0.068638753,-0.02197936,-0.14353712,0.065024659,0.034603571,-0.12512975,-0.021261412,-0.037661282,-0.038021545,0.040037429,-0.024429301,-0.053459979,-0.01874541,0.034863731,-0.015738858,0.010886382,1.783591,0.17049122,-0.68532146,-0.42345548,-0.066690813,-0.053463131,0.0033829165,0.0065576935,-0.25434781,-0.053942673,-0.042221741,-0.064094593,-0.11624834,-0.12468111,-0.020631686,0.11133956,0.073597182,0.013946958,0.0082616201,-0.012302745,-0.037757095,0.074057097,-0.1631692,-0.049821554,-0.036199351,-0.026551023,-0.069453294,-0.052359496,-0.139313,-0.20011486,1.0165659,1.0590848,-3.0455244,0.033682436,-0.18532081,-0.63872991,-0.50961713,-0.57782524,0.48531084,0.23844034,0.13582337,0.063016482,0.065774972,0.1505693,3.0105128,0.21307494,2.612467,0.43717599,0.1518914,0.36832387
2025-09-08 12:00:00,1.0576143,1.0334394,1.0125013,1.0124673,1.0163098,1.0470345,1.0387038,1.0671314,1.0614434,1.0523271,1.0370658,1.0376592,1.0526291,1.039643,1.2052175,0.56967262,0.55382484,0.48659268,0.37082933,-0.11893054,-0.47060069,0.25342297,0.12032864,0.36272,0.074297174,0.084719287,0.15207461,-0.0071501979,0.23948575,0.048529985,0.076883528,-0.023668401,-0.012659082,0.066893894,-0.073743715,0.04762894,0.0083480199,-0.011140402,-0.024933769,0.066639045,0.097253158,-0.03229854,0.0012736097,0.14746932,0.012695225,0.038460325,0.084490655,-0.046542602,-0.0069286248,0.01226229,0.031040644,0.020091538,0.046053324,0.042173266,-1.1655843,-0.55077385,-0.54445708,-0.47313692,-0.37176652,0.13380609,0.49633091,-0.21782073,-0.12367106,-0.3701992,-0.084181484,-0.06743222,-0.1577731,0.0059644647,-0.23577739,-0.024469465,-0.090330522,0.045296057,-0.017130903,-0.035330454,0.093186162,-0.021566896,-0.026214405,-0.0098418587,0.0016637747,-0.10601748,-0.11244506,0.04380507,0.0044253252,-0.10067275,-0.016284674,-0.015285592,-0.075037409,0.077044581,0.011685675,-0.068083593,-0.051944929,-0.0079657509,-0.018530332,0.0086949396,1.7994097,0.1749026,-0.70226175,-0.40254963,-0.064398227,-0.11811543,0.012963129,0.013126756,-0.22365623,-0.074116302,0.0053246716,-0.045783866,-0.12105587,-0.13675804,-0.005677933,0.1171461,0.063255824,0.034693498,-0.07139763,-0.020529397,-0.016078663,0.043753867,-0.11923794,-0.043701507,-0.043297334,-0.03961119,-0.058304918,-0.032644041,-0.14124529,-0.20210705,1.018504,1.0600901,-3.0461447,0.030867578,-0.18630898,-0.63537485,-0.50930601,-0.57967961,0.48535904,0.23737834,0.13448427,0.063000747,0.064693086,0.15057682,3.0136211,0.21224011,2.6086657,0.43881642,0.15479678,0.36798862
2025-09-08 12:05:00,1.0749327,1.0462997,0.99740328,1.0150519,1.0224818,1.060915,1.0663083,1.0694082,1.0346383,1.038043,1.0401707,1.0372979,1.0379537,1.0336028,1.1882869,0.61444728,0.562476,0.46946802,0.34637465,-0.16648731,-0.45814934,0.23532644,0.13441417,0.35602497,0.070412965,0.056450472,0.1500398,0.01055783,0.20491952,0.053608683,0.071159277,-0.015829947,-0.014631958,0.059190429,-0.080857262,0.076649149,-0.023225118,-0.002157444,-0.021951666,0.050681137,0.13117793,-0.048458302,0.033524986,0.19050358,-0.0073769588,-0.016556183,0.094836069,-0.045648462,-0.0025271243,0.025629242,0.0037958192,-0.019474238,0.017015974,0.024293909,-1.1790009,-0.56319967,-0.5069996,-0.4672504,-0.33487671,0.15419833,0.52074077,-0.25692417,-0.16260495,-0.35481425,-0.090679506,-0.064507547,-0.164894,0.0078394629,-0.24280027,-0.041317744,-0.094715079,0.042404476,-0.0034368727,-0.049900789,0.069026483,-0.022523697,-0.015822663,0.013073353,-0.052932768,-0.046121871,-0.10841908,0.018745188,0.041376466,-0.095872007,-0.036780563,-0.042803208,-0.046609231,0.02833602,-0.0084188223,-0.016393805,-0.053947081,0.03677057,-0.032639379,-0.0066269339,1.7768705,0.21269278,-0.68845793,-0.41802832,-0.050968851,-0.088364111,-0.0088853549,0.0050619485,-0.22539501,-0.076797814,-0.04868325,-0.058278165,-0.11764059,-0.11478469,0.01536729,0.11386272,0.077679492,0.041710569,-0.0044253561,-0.041878701,0.0020380138,0.064719556,-0.17442229,-0.045271228,0.0033847054,-0.033801265,-0.079630233,-0.032137688,-0.14097071,-0.20093972,1.0177142,1.0591774,-3.0447859,0.028354916,-0.1860882,-0.64119301,-0.51006711,-0.58077879,0.4849256,0.23852939,0.13574003,0.061766579,0.063285867,0.15143146,3.0160732,0.21734626,2.6148097,0.43806084,0.14979374,0.36825697
2025-09-08 12:10:00,1.0548443,1.0585701,1.0092603,1.0291263,1.0270878,1.0689924,1.0622919,1.047251,1.0398501,1.0475617,1.0508424,1.0448578,1.0424808,1.0266078,1.1901405,0.62709002,0.55812659,0.43384937,0.33601296,-0.11691936,-0.43713652,0.27418764,0.12323652,0.31233938,0.058933614,0.068640412,0.15521379,-0.029951313,0.26345898,0.042492989,0.042087024,-0.021000388,0.012179725,-0.0038336939,-0.061209829,0.055296052,-0.017575057,0.00092949399,0.004304724,0.076751689,0.10903528,-0.015325132,0.048109808,0.18622179,0.040155155,0.003422953,0.048430876,-0.049861011,-0.010137828,0.049414109,0.032138578,-0.034564548,0.0082363584,0.0090106695,-1.176786,-0.56937491,-0.57375965,-0.46123884,-0.33776639,0.14097484,0.47842873,-0.21527956,-0.16489403,-0.36270309,-0.06210234,-0.0828253,-0.13780718,-0.0211645,-0.22726463,-0.036221337,-0.076976927,0.021670918,0.008737708,-0.061384491,0.060576158,-0.035458077,0.029676923,-0.017068241,-0.0027402503,-0.057240814,-0.13357074,0.05950135,0.020308046,-0.10953116,-0.044784939,-0.0026408971,-0.073337978,0.064120941,0.0030543799,-0.051281671,-0.041459852,0.020594838,0.0039997287,0.0022436496,1.7723494,0.13543884,-0.69302163,-0.42225575,-0.045527844,-0.073670476,0.030804676,-0.0060254658,-0.25989827,-0.10092078,-0.07575758,0.0024476148,-0.12673258,-0.13583519,0.016637518,0.078806953,0.068637191,0.0075558667,-0.010631159,-0.029647522,0.017764677,0.057381723,-0.12085994,-0.062281385,-0.03458674,-0.00089244397,-0.042574238,-0.041587449,-0.13826272,-0.20195,1.01688,1.0613984,-3.0437703,0.02921347,-0.18767084,-0.64336183,-0.50681794,-0.58009727,0.48235839,0.23770379,0.13571991,0.0628144,0.065762298,0.15297847,3.0158671,0.21956394,2.6142672,0.43715826,0.15054693,0.36974697
2025-09-08 12:15:00,1.0392261,1.0653343,1.0088536,1.0189121,1.0278412,1.0667258,1.0496578,1.04681,1.0470334,1.0403277,1.047438,1.0350615,1.0325258,1.0376851,1.2031005,0.58944204,0.54437168,0.41365337,0.35394878,-0.13949805,-0.51541212,0.22721686,0.12514776,0.35992684,0.074034108,0.078777487,0.17371221,-0.016220522,0.22593083,0.03765495,0.077677336,-0.040075209,0.0179264,0.030663769,-0.012298628,0.038800258,0.010884702,0.017236873,0.01310365,0.065919649,0.15014329,-0.04810624,-0.00086908452,0.11414878,0.019885764,0.031925666,0.045715578,-0.067187021,0.0038223886,0.037121799,0.033167358,-0.058356811,0.00091565322,0.050533608,-1.1745416,-0.5714156,-0.53661938,-0.40302688,-0.30754221,0.14903966,0.47277238,-0.23920226,-0.13622062,-0.37271065,-0.040097722,-0.061860265,-0.17316575,0.013454212,-0.21542326,-0.069460555,-0.053770663,0.011481851,-0.0065448313,-0.051249615,0.078380941,-0.0092242582,-0.02491672,0.0047866705,-0.045645929,-0.05206487,-0.10496207,0.050176575,-0.025824919,-0.13363259,-0.017669923,0.0042967351,-0.02760095,0.048321364,-0.040537521,-0.064540797,-0.04003998,0.012022889,0.0047158838,-0.033396018,1.7927999,0.1725988,-0.69688355,-0.4200589,-0.080843793,-0.11819426,-0.038843361,-0.019989654,-0.25857909,-0.077179398,0.0013330819,-0.051270095,-0.085924132,-0.15056303,-0.012182515,0.09510578,0.019744622,0.023237722,0.015030142,-0.012491559,-0.010706575,0.060584427,-0.15059036,-0.023020984,-0.004490001,0.020998066,-0.06540559,-0.092406292,-0.1382131,-0.19971748,1.0179455,1.0623349,-3.0460579,0.033317419,-0.18427976,-0.63193613,-0.50442019,-0.57848131,0.48576318,0.23823049,0.13450047,0.061681962,0.065155479,0.15009929,3.0138899,0.20319506,2.6079792,0.43616395,0.15497425,0.36622266
2025-09-08 12:20:00,1.0571957,1.0523167,1.0150437,1.0377814,1.0288473,1.0762118,1.0630365,1.0768244,1.0494811,1.0531888,1.0569438,1.0372445,1.0202014,1.0283558,1.1882346,0.58149231,0.55356488,0.47610083,0.36671321,-0.17486223,-0.46079836,0.22618349,0.13100307,0.39573565,0.060541904,0.048799776,0.13364478,0.013546466,0.25803132,0.064338918,0.048092628,-0.007744348,0.005676228,0.042382701,-0.078964901,0.077142533,-0.00059440085,0.0036629289,0.0088465239,0.039580411,0.12744236,-0.034151574,0.016319584,0.13439484,0.036794994,0.026867197,0.082315087,-0.102835,-0.01611445,0.037208048,0.047200716,-0.012250961,0.049806112,0.017859793,-1.175886,-0.54307377,-0.54345957,-0.45447274,-0.35129406,0.17693541,0.47676673,-0.20178435,-0.15324046,-0.37766146,-0.069657361,-0.060148862,-0.1646736,0.0066920721,-0.21375466,-0.043723275,-0.11570563,0.01169376,-0.068497087,-0.055242872,0.13472927,-0.036489432,0.0063780845,0.00013168851,-0.0078490381,-0.060095689,-0.11405416,0.046878766,0.033017232,-0.090763765,-0.006291731,-0.048186857,-0.060974725,0.075261209,0.02083019,-0.051036262,-0.024432866,0.005238338,-0.013743089,-0.048446008,1.7667887,0.18383762,-0.64777907,-0.42242356,-0.084150959,-0.12134644,-0.0067800352,0.019937795,-0.2683869,-0.052447653,-0.021424872,-0.049572884,-0.073491468,-0.1068995,-0.028352911,0.081723502,-0.00088357169,0.044794543,-0.032637323,-0.019521612,0.016047304,0.049920673,-0.13438773,-0.067336268,0.034662211,-0.023550294,-0.067976768,-0.039156014,-0.13900996,-0.19857115,1.0174129,1.059093,-3.044664,0.029150125,-0.18468377,-0.63524202,-0.50711575,-0.57819202,0.48390579,0.23912088,0.1359892,0.060600776,0.064229375,0.14924956,3.0146268,0.21231359,2.6126514,0.43821029,0.15425861,0.36888439
2025-09-08 12:25:00,1.0761735,1.0447376,1.0163713,1.0211129,1.0127997,1.0537671,1.0307899,1.056204,1.0557793,1.0346241,1.0381371,1.0385447,1.0427296,1.0368755,1.2253622,0.54459259,0.57758866,0.46775588,0.34781198,-0.13880782,-0.48351462,0.22188569,0.11528154,0.39524048,0.085380314,0.067687479,0.14742907,0.020333263,0.24483428,0.041876912,0.060658288,-0.068319332,0.0097193512,0.057533715,-0.059757769,0.05098903,0.0035626875,0.026292518,0.011173979,0.034857013,0.078834856,-0.037943967,-0.0045314365,0.1626251,0.023685881,0.025357795,0.057888638,-0.043770454,0.0062584682,0.033081598,0.071082339,-0.0021008098,0.0087586616,-0.019212364,-1.1509252,-0.62301989,-0.53307684,-0.40948565,-0.33644892,0.14352767,0.46628937,-0.26561957,-0.1699704,-0.34055953,-0.03333451,-0.031577017,-0.14047286,0.048539509,-0.23515191,-0.086760671,-0.11252283,0.011559029,0.018310289,-0.054146111,0.060898611,-0.012061148,-0.004488001,-0.0031129377,-0.021918278,-0.067135983,-0.098709521,0.076225395,0.036656604,-0.091307885,-0.0071583829,0.0066946342,-0.031504798,0.051572073,0.014582111,-0.021148992,-0.014940729,0.018450692,-0.006350065,-0.0093032195,1.8153755,0.17566101,-0.67903848,-0.39694357,-0.085373351,-0.10751901,0.0049952344,-0.0074584215,-0.27087849,-0.075796333,-0.024372868,0.0019118112,-0.097122066,-0.13156017,0.02065763,0.095010742,0.044481288,0.072804608,-0.026861549,-0.02872558,-0.015250594,0.053688886,-0.11806943,-0.04970695,0.0087562073,-0.00021705901,-0.063696796,-0.044332337,-0.14252588,-0.20452207,1.0175006,1.0611494,-3.045986,0.029713429,-0.18603037,-0.64004394,-0.50856441,-0.58059,0.48442503,0.23866513,0.13671603,0.063463404,0.064576602,0.15162493,3.0147169,0.21820977,2.6142193,0.43683345,0.15117891,0.36809369
2025-09-08 12:30:00,1.0592983,1.0550794,1.0048995,1.0271321,1.0153582,1.0773013,1.0605585,1.0509602,1.0519037,1.0635097,1.0573665,1.0547956,1.0570432,1.0252128,1.2060059,0.61673056,0.58089992,0.44562815,0.31601053,-0.12847847,-0.47460336,0.24121065,0.14742006,0.39029165,0.0418095,0.070156052,0.17285566,0.010531885,0.23145724,0.023894892,0.087302925,-0.060062399,-0.025946316,0.05426165,-0.092976822,0.038690837,-0.010461591,-0.020945025,0.0080523003,0.017552925,0.10504323,-0.093876033,-0.041362203,0.19731434,0.021914366,0.017054457,0.066889175,-0.041972626,0.015685564,0.089833425,0.036587861,-0.020418748,-0.019348892,0.013871423,-1.1547357,-0.57929116,-0.54210643,-0.4331819,-0.31652532,0.11093663,0.4645958,-0.23287524,-0.1359685,-0.34028907,-0.046063682,-0.071804798,-0.15982711,-0.01826204,-0.24575856,-0.059308221,-0.10310467,0.0028578568,-0.022856942,-0.065366032,0.056212429,0.024899665,-0.035898013,0.016387446,-0.02427117,-0.0584396,-0.12935195,0.086957485,0.041047217,-0.14675141,-0.023731117,-0.003266301,-0.047472769,0.03222002,-0.0082643409,-0.04335894,-0.022750726,0.01058985,-0.012423282,-0.0432551,1.7728442,0.1952467,-0.70026869,-0.41056085,-0.047686076,-0.11199866,-0.025620853,0.0035965065,-0.23605606,-0.071944055,0.014547972,-0.045230893,-0.10485912,-0.12319364,0.0034371968,0.10079501,0.055152225,0.01410237,-0.016699487,-0.011983194,0.0068489443,0.023770657,-0.14474556,-0.060548068,-0.042659044,-0.017729909,-0.075932879,-0.067740506,-0.14141233,-0.20161613,1.0173266,1.0614387,-3.0468687,0.030681229,-0.18504287,-0.64063487,-0.50772381,-0.57836751,0.48594761,0.23676356,0.13579793,0.062734873,0.065433995,0.15004355,3.015973,0.21197812,2.6141664,0.43612948,0.15155909,0.36727112
2025-09-08 12:35:00,1.0467288,1.0443991,1.0231607,1.011692,1.0057864,1.0561403,1.0489607,1.0525105,1.0547141,1.0416957,1.043831,1.0418776,1.056494,1.044504,1.219508,0.61364001,0.56136686,0.44764674,0.33812753,-0.11824901,-0.44585499,0.23511171,0.13040529,0.37691997,0.067676836,0.067412936,0.14025571,-0.0049457045,0.2837854,0.058169295,0.057947521,0.0064639506,0.00035114164,0.038815922,-0.045070603,0.069951393,0.012605896,-0.035680074,0.032911525,0.03059205,0.086278268,-0.03709244,-0.00036554697,0.13976259,0.066360245,0.0314925,0.073259797,-0.090530021,-0.018062312,0.040318985,0.035071519,-0.021141584,-0.013370791,0.010536627,-1.1845852,-0.56898878,-0.53274413,-0.45791856,-0.32391433,0.18463012,0.47628394,-0.22306564,-0.10756026,-0.40629806,-0.031813362,-0.098105575,-0.10377189,0.019784514,-0.27705372,-0.047940407,-0.097817011,0.0060990476,-0.0091362525,-0.079422015,0.067679653,-0.083114635,-0.017612092,-0.015557725,-0.029747043,-0.074396635,-0.080049554,0.019823837,0.00070986849,-0.10277926,0.0042168411,-0.050649043,-0.083017004,0.057438138,-0.0098911436,-0.022714532,9.0651398e-05,0.034272928,-0.033113727,-0.0098180473,1.776028,0.20391508,-0.72316396,-0.40933283,-0.08874727,-0.092137481,0.0062984418,0.010271958,-0.26862748,-0.04749218,0.0033302289,-0.050074645,-0.10617347,-0.12278849,-0.010083712,0.11453496,0.025556096,0.013486133,-0.032801133,-0.026536474,-0.015152304,0.048618844,-0.16278952,-0.046876933,-0.04888056,-0.023557578,-0.067870413,-0.021160614,-0.13804929,-0.19987222,1.0181665,1.0600524,-3.0443604,0.031762199,-0.18606777,-0.64338458,-0.50881091,-0.58373731,0.48584633,0.23859149,0.1363731,0.06279123,0.066274426,0.14969513,3.0114247,0.22365278,2.613903,0.43942786,0.14790668,0.3689923
2025-09-08 12:40:00,1.0261113,1.0344891,1.0209957,1.0046907,1.0277656,1.0715843,1.0442156,1.0567104,1.059868,1.0507586,1.0587649,1.0485904,1.0351502,1.0458124,1.1955737,0.60737201,0.58328337,0.44165673,0.33681117,-0.13004881,-0.47674647,0.2238678,0.13804182,0.36247334,0.011413533,0.06833665,0.14002051,-5.6576525e-05,0.24263163,0.081261194,0.048289172,-0.042552285,0.0094988688,0.056039747,-0.039249495,0.045812567,-0.001220494,0.0042570336,0.00082796435,0.041125972,0.093721013,-0.04964405,-0.0068017448,0.11230635,0.012003738,0.026583888,0.069121508,-0.063327676,0.0020679843,0.015200064,0.02350939,-0.0088484798,0.0010348489,0.0072838536,-1.1951947,-0.55911196,-0.51234547,-0.47758194,-0.33628941,0.13376903,0.49039843,-0.21400919,-0.12910569,-0.3781757,-0.060186746,-0.062692433,-0.15055914,-8.7681102e-05,-0.25388183,-0.049371908,-0.060805424,0.051528725,-0.037214278,-0.033901498,0.074594641,-0.010917859,-0.0071324148,-0.015099131,-0.035300497,-0.027246862,-0.10232824,0.0681033,0.0065973959,-0.13231742,-0.040806396,0.015352298,-0.073921572,0.081150303,-0.045824654,-0.031652676,-0.0083893446,0.041637176,0.03775037,-0.034081598,1.8146089,0.18203006,-0.70776667,-0.38800214,-0.074770767,-0.15864772,-0.005031224,-0.010471792,-0.26973866,-0.038072709,-0.013171505,-0.046718906,-0.12636156,-0.1319716,-0.00047487926,0.087206305,0.056969498,-0.0043584625,-0.0058105107,-0.036517825,0.0010736946,0.054997355,-0.10415979,-0.032827501,0.018002741,-0.023731848,-0.053391921,-0.053312197,-0.13887719,-0.20267159,1.0171337,1.0590703,-3.0460968,0.029336734,-0.18696126,-0.64344027,-0.50649812,-0.58105505,0.48443614,0.23868295,0.13728768,0.061349216,0.06516565,0.15211633,3.012252,0.22267035,2.6132458,0.43831912,0.14875997,0.37069958
2025-09-08 12:45:00,1.0669328,1.0262769,1.0219006,1.0310261,1.0138891,1.051143,1.0428819,1.0506706,1.0554096,1.0445387,1.0586964,1.0526652,1.0469938,1.0202548,1.175039,0.59850126,0.53312892,0.4556565,0.36886572,-0.14102958,-0.50158061,0.19343986,0.1512838,0.35632107,0.07972605,0.056338791,0.15191808,0.0020199638,0.22330993,0.023262389,0.067996063,0.0066508952,0.038327211,0.049403974,-0.08186257,0.07502144,0.0069463689,0.0040552541,0.0076413746,0.072521231,0.090767423,-0.012663282,-0.0095121954,0.17920724,0.02056468,-0.022251179,0.090732355,-0.078646511,0.0052258017,0.06274067,0.058589215,-0.02695916,0.023449928,-0.0047910277,-1.1585207,-0.57977926,-0.54004836,-0.4324904,-0.30463495,0.15521049,0.50802593,-0.26901682,-0.11492017,-0.37943272,-0.053360523,-0.064478854,-0.18542424,0.00071471244,-0.22897803,-0.061571346,-0.08086464,0.049858832,-0.029042859,-0.047446084,0.077283472,0.0044370534,-0.00033528839,0.0044868534,-0.049996017,-0.067738181,-0.11405848,0.055206749,-0.0018361644,-0.12967237,-0.024290695,-0.0091561664,-0.051388621,0.093052213,0.00089678187,-0.027378428,-0.032987824,0.013697896,-0.028669682,-0.014356275,1.7947246,0.20940544,-0.65122088,-0.39276426,-0.069690971,-0.093588561,0.00029210866,0.018655536,-0.23218532,-0.053125481,-0.010875532,-0.018402495,-0.09694894,-0.12368731,-0.001884496,0.070193761,0.048550074,0.037418832,-0.043258315,-0.0080946716,-0.018119402,0.082627999,-0.17271797,-0.060743929,-0.05726336,0.0069685669,-0.040218337,-0.016423676,-0.1416999,-0.20027831,1.0172253,1.0603593,-3.0464484,0.030465065,-0.18705064,-0.64094158,-0.50542862,-0.57869972,0.48533135,0.23878829,0.1367185,0.063530716,0.063814491,0.15069127,3.0131823,0.22074239,2.6124467,0.43686963,0.14767003,0.37001001
2025-09-08 12:50:00,1.0699677,1.0491713,1.0221476,1.0259044,1.0088078,1.0606219,1.0734821,1.0609029,1.0358705,1.0297513,1.0571465,1.0579464,1.0431303,1.0291488,1.1897909,0.59702203,0.5497318,0.45616073,0.35253647,-0.16410045,-0.51725996,0.27241922,0.14063161,0.35409749,0.059702721,0.063115256,0.13895647,0.0064956342,0.22689919,0.068203991,0.083291643,-0.043736632,0.007232823,0.058369938,-0.066127335,0.059856332,0.010381275,-0.030427701,-0.0059048625,0.060152043,0.11977917,-0.035921957,0.016261322,0.16637155,0.041755669,0.013360917,0.059246075,-0.060918872,0.004448504,0.056049512,0.022366004,0.013016996,0.037915076,0.039186444,-1.1747631,-0.5970025,-0.53046272,-0.47169369,-0.33936513,0.15869839,0.4900398,-0.2551456,-0.183762,-0.36291506,-0.042010747,-0.086936134,-0.14910348,0.03223531,-0.21953324,-0.092276684,-0.076119191,0.037361374,0.030283656,-0.065905028,0.080802447,-0.040721513,0.0083490824,0.0081567957,-0.039294247,-0.071673972,-0.12804335,0.078750967,0.015270972,-0.12230656,-0.016150339,-0.039572079,-0.047941505,0.06805023,-0.023279439,-0.049763225,-0.0036901236,0.0050890191,0.012438811,-0.051504125,1.844061,0.1991316,-0.69803488,-0.4061933,-0.058492668,-0.094510396,0.040976042,-0.0067739531,-0.25859813,-0.082357122,-0.01653315,-0.044342342,-0.12233801,-0.073688378,-0.00068890971,0.093533239,0.057042006,0.054008297,-0.0072582103,-0.025738979,-0.012804678,0.028251326,-0.18138249,-0.050038676,-0.0057748577,0.001906704,-0.087146894,-0.055269545,-0.14005577,-0.19879334,1.0182917,1.0598878,-3.0466224,0.030429227,-0.18920391,-0.64137113,-0.50953753,-0.5831822,0.48421595,0.24058749,0.13715629,0.061732263,0.064478303,0.15291273,3.0134732,0.22402075,2.6158744,0.43768103,0.14833653,0.36836113
2025-09-08 12:55:00,1.0621794,1.0439229,1.0173964,1.0190911,1.026544,1.0501652,1.0305671,1.0738505,1.0449002,1.0495038,1.0510886,1.0442362,1.039854,1.0148536,1.2328927,0.60978658,0.54185689,0.46873838,0.36837873,-0.13614532,-0.48999694,0.23620872,0.12659667,0.35683434,0.071056256,0.034945934,0.15278948,0.001973457,0.25789346,0.038197639,0.08197782,-0.019508382,0.0021053434,0.039283399,-0.056441682,0.02697919,-0.013622587,-0.025069476,0.028109868,0.046272958,0.089033286,-0.027568434,-0.012724003,0.16287346,0.066974995,0.011181024,0.035443527,-0.083152997,0.001126772,0.019258462,0.064946567,-0.01489294,-0.0027599818,0.044071261,-1.1800803,-0.5798377,-0.50931681,-0.45674066,-0.35114646,0.11381488,0.49949269,-0.22667508,-0.11817241,-0.40250713,-0.057291032,-0.052426418,-0.12211526,0.038902562,-0.22879772,-0.060436488,-0.082663125,0.019589558,-0.010682897,-0.044033894,0.073675834,-0.037693542,0.039894852,0.018354749,-0.046198071,-0.086127936,-0.10269589,0.086339472,-0.017079014,-0.16657166,-0.012425206,-0.013571959,-0.078714316,0.039646486,-0.032080455,-0.036157179,-0.013937112,0.004380411,-0.06144042,-0.013591367,1.8321283,0.15233499,-0.6683381,-0.40704902,-0.12483139,-0.098042304,-0.0012032642,0.0079310376,-0.24455867,-0.073550469,-0.052792561,-0.070282805,-0.10654905,-0.1397945,-0.053569259,0.086814637,0.04557065,0.039769718,-0.0049040173,-0.027514807,0.0074522412,0.051859447,-0.17115124,-0.062161163,-0.021671406,-0.014674648,-0.046454966,-0.044949561,-0.14016374,-0.20145675,1.0177831,1.0587484,-3.0441317,0.025089801,-0.19032767,-0.64899139,-0.51353214,-0.58500529,0.48463334,0.24265539,0.13873682,0.065876814,0.064032036,0.15278816,3.0169272,0.2328018,2.6161336,0.44008856,0.14273676,0.3717177
2025-09-08 13:00:00,1.0685544,1.0510289,1.0192638,1.0101763,1.0151787,1.0591645,1.0213027,1.0634796,1.0536859,1.0367315,1.0756067,1.0343678,1.0356576,1.0260216,1.1883886,0.59070352,0.56836743,0.4829325,0.34806259,-0.11777212,-0.48923359,0.25215947,0.14037996,0.38116783,0.074492362,0.043277599,0.13325204,-0.010602803,0.26574949,0.042992466,0.075724812,-0.026103999,-0.0095384587,0.0082744074,-0.044604534,0.053943809,0.0035244901,-0.018025899,0.0010650341,0.063016394,0.14528638,-0.045281709,-0.017484954,0.18347776,0.020022165,0.023803151,0.079805499,-0.034291486,-0.00050331678,0.051493548,0.044069082,-0.027111017,-0.0010290087,-0.02864643,-1.1701584,-0.57830846,-0.51836591,-0.45904392,-0.34362784,0.13928454,0.46833486,-0.25013103,-0.14641304,-0.37321469,-0.067972328,-0.084014548,-0.14345304,-0.0033315004,-0.25010227,-0.018807377,-0.07618918,0.040540909,0.019077932,-0.045237242,0.145613,-0.020762194,-0.0068124699,0.0014399585,-0.021795496,-0.048627558,-0.12251374,0.052375615,-0.0038333911,-0.14537291,-0.031909228,0.011803563,-0.095085926,0.052562987,-0.0056044413,-0.034992474,-0.013772607,0.010176536,-0.0031578288,0.016139784,1.8137111,0.1517025,-0.6997717,-0.41877324,-0.060655566,-0.09683737,-0.017987001,-0.024222288,-0.23844033,-0.06798361,-0.0027134557,-0.0053455653,-0.13429978,-0.062266018,0.011947874,0.10549466,0.057725737,0.04679483,-0.018382558,-0.038683823,0.016989927,0.054814666,-0.13255658,-0.032763827,-0.034103645,0.0091719735,-0.027324761,-0.025136858,-0.14136639,-0.19983256,1.0163145,1.0586481,-3.0434543,0.027683615,-0.1906566,-0.6487348,-0.5052844,-0.58343377,0.48438844,0.24012201,0.13961687,0.062752716,0.065440146,0.15484097,3.0136797,0.23100806,2.6174687,0.44027819,0.14405963,0.37069113
2025-09-08 13:05:00,1.0585989,1.0398202,1.0171003,1.0124125,1.0044743,1.0652508,1.0349282,1.0609023,1.0548981,1.0337779,1.0540046,1.0400016,1.0356156,1.0164663,1.163423,0.58323445,0.52793443,0.40613532,0.32347778,-0.12614432,-0.49620638,0.25384975,0.1228066,0.38796563,0.06807153,0.055152956,0.15451785,0.049840649,0.2453998,0.072907626,0.072520339,-0.050281867,0.0084335742,0.047347254,-0.022944631,0.017575718,-0.018681593,-0.025198171,0.0071443451,0.041926411,0.13550331,-0.041346235,0.0018781854,0.1604362,0.0079920199,0.022978185,0.073427147,-0.050867486,0.0055943884,0.023859164,0.038449549,0.018161219,0.016121541,-0.012228605,-1.192965,-0.56877823,-0.53783054,-0.44115146,-0.31908046,0.12453918,0.48818677,-0.26257692,-0.1333598,-0.3864163,-0.071635891,-0.055941145,-0.13029722,0.034194907,-0.25463604,-0.052210451,-0.099463195,0.03051881,-0.018817706,-0.059634105,0.069940293,-0.020342711,0.0078650271,-0.002044147,-0.053549838,-0.026565416,-0.065873016,-0.0039747639,0.010055792,-0.1447359,-0.03629569,-0.036336824,-0.075188208,0.031364013,-0.022280281,-0.012353428,-0.042687545,0.032181944,-0.00026606372,0.0071829664,1.7637207,0.16122733,-0.658775,-0.42738882,-0.06071999,-0.10560512,0.022083091,-0.0064096339,-0.24341652,-0.088130346,-0.044868103,-0.066814699,-0.15088874,-0.11703143,-0.037246148,0.055808072,0.047523826,0.037876903,-0.022592845,-0.044451193,-0.0035534657,0.022752172,-0.16254746,-0.034604069,-0.021720442,-0.044420175,-0.047810503,-0.047647418,-0.13904616,-0.20208824,1.0176781,1.0591385,-3.0466219,0.026900632,-0.19093461,-0.65486637,-0.51400255,-0.58380229,0.48257875,0.23936278,0.13726792,0.064616255,0.065968769,0.15349506,3.0114514,0.24001695,2.6180754,0.44026835,0.14126283,0.3727346
2025-09-08 13:10:00,1.0497876,1.0555708,1.0054774,1.0284718,1.0234546,1.0699693,1.0503304,1.0604219,1.0409451,1.03834,1.043328,1.0408884,1.0416518,1.0399987,1.1987021,0.58534666,0.54569745,0.46197141,0.35454757,-0.15600121,-0.48051869,0.21440218,0.15749728,0.36996267,0.078332782,0.02762305,0.14204739,-0.0045681352,0.21152497,0.073115642,0.065207523,-0.053333263,0.054668579,0.031903588,-0.089203826,0.069239885,0.032530438,-0.018248354,0.042402265,0.030738715,0.080258949,-0.038829145,0.018344771,0.14357519,0.012989282,0.017788528,0.043123048,-0.053246445,-0.0036020701,0.0096505658,0.0099631015,-0.0177973,-0.0079896227,0.017592582,-1.1745151,-0.57989916,-0.53504467,-0.47077394,-0.33455253,0.15388324,0.46769914,-0.22500784,-0.16944338,-0.32865463,-0.059395583,-0.0489977,-0.14525207,0.013076917,-0.24523451,-0.028347804,-0.082123063,0.045674208,-0.014716721,-0.081378152,0.061153881,-0.053942123,-0.027288676,0.0022694219,-0.011034018,-0.086663298,-0.10298857,0.07338858,0.0035895782,-0.12886619,-0.051993056,-0.014775001,-0.057500842,0.024287768,0.0053383737,-0.030042508,-0.04730399,0.0055501378,-0.040899236,-0.020985161,1.7578103,0.17361329,-0.65381596,-0.40877333,-0.047278492,-0.092497164,0.028891484,0.021574907,-0.26434335,-0.12087843,-0.0018644756,-0.028430714,-0.14356978,-0.13413969,0.021144444,0.067428835,0.046895247,0.076041795,-0.006938382,-0.0078404665,-0.022001841,0.058111793,-0.14574838,-0.043327579,0.003298132,-0.054097678,-0.026583511,-0.031917451,-0.13988236,-0.20067654,1.0173841,1.0611472,-3.0429558,0.026030359,-0.18733739,-0.64913018,-0.50925131,-0.58239995,0.48478303,0.24172858,0.1388265,0.061975408,0.065821552,0.1528496,3.014529,0.2307711,2.6188573,0.43901456,0.14506458,0.37249684
2025-09-08 13:15:00,1.0674347,1.0295058,1.0138501,1.0141574,1.0189052,1.0656474,1.0555212,1.053592,1.0454988,1.0481641,1.0456742,1.0543181,1.0389829,1.0305298,1.2094102,0.61852678,0.57330713,0.4338986,0.3120377,-0.15869642,-0.46556892,0.22326433,0.12760959,0.37717645,0.045213085,0.045241141,0.11919809,-0.0019691352,0.24767472,0.030297381,0.056814497,-0.079646652,0.0072413602,0.026409146,-0.04171211,0.034360139,-0.019998303,-0.020625981,0.0057199507,0.05644185,0.11728169,-0.043622902,-0.010099393,0.145284,0.025861423,0.058302667,0.069191735,-0.056702666,-0.01186703,0.042298064,0.018118456,-0.049032803,0.010155384,0.014868542,-1.1583606,-0.54146491,-0.57500846,-0.44595586,-0.30458395,0.13391685,0.44546579,-0.25005414,-0.15194063,-0.38846289,-0.074772356,-0.027210377,-0.15806135,0.005107925,-0.22613691,-0.043119209,-0.092179403,0.029174284,-0.0016911614,-0.028990727,0.07549519,-0.026121452,0.00035723313,0.014539721,-1.6595767e-05,-0.051579348,-0.08452912,0.060974457,0.019363495,-0.1277764,-0.024974215,-0.021342582,-0.066460782,0.050527907,-0.01093075,-0.073289777,-0.010934517,0.029221112,-0.02231761,0.0073034625,1.8066452,0.16172586,-0.67423359,-0.39858515,-0.053825303,-0.092286102,-0.01254556,0.025886063,-0.23982037,-0.027678952,-0.042287838,-0.039893539,-0.10400218,-0.12692416,-0.00058484089,0.062822286,0.10618172,0.00094490826,-0.026562277,-0.0046514756,-0.0074561454,0.067271161,-0.12586205,-0.064959559,-0.025822733,-0.035663529,-0.03501907,-0.075479914,-0.14140505,-0.19895557,1.018297,1.0599724,-3.0475678,0.028129662,-0.19032444,-0.64733615,-0.51090325,-0.58342331,0.48381442,0.240719,0.13642856,0.063407494,0.064360072,0.15293951,3.0170979,0.22805909,2.620636,0.44118723,0.14750163,0.37154869
2025-09-08 13:20:00,1.0505059,1.0627011,1.0235026,1.0024323,1.0227925,1.0831368,1.0311681,1.0672961,1.0601031,1.0470304,1.0568103,1.0473193,1.045653,1.0204285,1.2137035,0.61623289,0.54880198,0.4767514,0.34814092,-0.15881619,-0.50877667,0.22477457,0.13956604,0.37230958,0.085713314,0.076414962,0.19122487,-0.01187706,0.2295667,0.073879462,0.075271743,-0.042230231,-0.012860226,0.081480969,-0.048929459,0.062995373,-0.0063197324,0.017255246,0.025566526,0.041330231,0.098386732,-0.046926198,-0.018360852,0.14188551,0.044270867,0.031780818,0.044055098,-0.046271572,-0.029232908,0.03336595,0.052806324,-0.04104486,0.0045259707,0.026053404,-1.1683555,-0.58813437,-0.54254696,-0.4215218,-0.32840935,0.16124792,0.49110462,-0.22025658,-0.13954995,-0.3670034,-0.068495336,-0.071955933,-0.13508823,0.038212452,-0.26592675,-0.011959052,-0.10918759,0.033754346,-0.014188922,-0.056414021,0.083942852,-0.023330468,0.0075064887,-0.035396123,-0.03983832,-0.071844502,-0.097039196,0.044720353,0.052546654,-0.13932659,-0.043066965,-0.022307198,-0.031470505,0.044935389,0.0080879689,-0.025229966,-0.05576899,0.040088471,0.010947975,-0.025330684,1.7845229,0.19938421,-0.67196013,-0.42906358,-0.063458609,-0.078993809,-0.012156683,0.022153111,-0.23539527,-0.058989566,-0.029075535,-0.017658981,-0.091850837,-0.1452008,-0.019701009,0.096792767,0.040737604,0.039596368,0.0011671799,0.015319088,0.031000606,0.073189192,-0.13768826,-0.037690352,-0.0060890729,0.0033779326,-0.046456523,-0.060446044,-0.13965316,-0.20086321,1.0188435,1.060381,-3.0449863,0.024775809,-0.18778418,-0.64580445,-0.50874508,-0.58300359,0.48273018,0.23928978,0.13612221,0.064336274,0.065209528,0.15425018,3.0144316,0.22727649,2.6148128,0.44002992,0.14644718,0.37231706
2025-09-08 13:25:00,1.0538951,1.0381135,0.99979412,1.0102644,1.0233245,1.0644133,1.0597738,1.0478142,1.0562516,1.0359545,1.0453003,1.0621176,1.0312452,1.0362966,1.1935209,0.59626705,0.50933188,0.4648399,0.33350063,-0.11775448,-0.45799501,0.25068381,0.14187104,0.35930406,0.057191093,0.073285137,0.1108233,0.016303057,0.23508061,0.054974391,0.065830092,-0.02292646,0.020154769,0.055849246,-0.026036005,0.061366899,-0.0069345516,-0.024003363,0.051919647,0.051692083,0.1327548,-0.047834308,-0.0083874499,0.11870596,0.016783771,0.022789918,0.031635539,-0.070619908,-0.0049763035,0.024404952,0.060586537,-0.01545226,-0.012466981,0.0379291,-1.2163935,-0.58445458,-0.52887799,-0.45758845,-0.32730014,0.097751688,0.45397483,-0.26144923,-0.10362296,-0.37066907,-0.06080274,-0.056872048,-0.16393607,-0.0005375006,-0.1911329,-0.034278901,-0.088488905,0.064163427,-0.0029852213,-0.035994207,0.079049131,-0.037977223,0.0082568662,-0.0098122416,-0.034866558,-0.04745854,-0.13111758,0.05681763,0.0018153885,-0.090422968,-0.069481641,0.012243296,-0.046332278,0.068900451,-0.0042085719,-0.017351073,-0.029279892,0.013256168,-0.034184935,-0.049617977,1.7849439,0.18682023,-0.64901951,-0.41229235,-0.07549044,-0.081607627,0.010711242,-0.00079030928,-0.24481384,-0.076074489,0.0064496303,-0.058880736,-0.13255249,-0.13362044,0.0057638866,0.090334438,0.044427984,0.031153412,-0.024185831,-0.048719278,0.034714785,0.039727426,-0.1986225,-0.030988453,-0.032636732,0.011878094,-0.021486224,-0.017342405,-0.14048517,-0.20058214,1.0184093,1.0603126,-3.0500248,0.027804376,-0.19355114,-0.65340464,-0.51240828,-0.5858883,0.48326271,0.24195738,0.13945268,0.063125571,0.065688947,0.15233775,3.0149867,0.23772767,2.6185371,0.4418335,0.14177202,0.37294812
2025-09-08 13:30:00,1.0527928,1.042131,0.99673167,1.0219675,1.020809,1.0705224,1.0472027,1.0563157,1.0401979,1.0420632,1.0392664,1.0658879,1.0443694,1.0344204,1.2065747,0.58845551,0.56422362,0.46157446,0.36824797,-0.14192061,-0.48522772,0.24536185,0.13430156,0.34381347,0.043078711,0.070069269,0.13519248,-0.0024416432,0.27229759,0.063616083,0.05087119,-0.013666355,0.026937048,0.061810826,-0.08387414,0.073289278,-0.013278901,-0.0083956866,0.021838106,0.069915419,0.090643503,-0.036350409,-0.0029600328,0.16294224,0.037184973,0.03678718,0.063279504,-0.052463647,-0.00053995755,0.055048144,0.069138202,-0.011375845,-0.0062840417,-0.0094986074,-1.2042515,-0.56665345,-0.52141537,-0.43919653,-0.34352685,0.12249582,0.44086823,-0.22441614,-0.15794591,-0.36210564,-0.09363547,-0.053921732,-0.15594776,-0.028914096,-0.20311312,-0.031795906,-0.063546085,0.037925493,-0.01063557,-0.052198594,0.088248236,-0.01740245,0.013884219,-0.0019653978,-0.038793028,-0.096056817,-0.10835047,0.017915571,0.003215094,-0.13223591,-0.016225921,-0.023770289,-0.051791244,0.060988636,-0.013959069,0.014233178,-0.016938687,-0.0037900273,0.0030840549,-0.024270921,1.8114107,0.15639558,-0.65804864,-0.43601514,-0.057574394,-0.087915181,0.0042955355,-0.036611294,-0.2878368,-0.053925478,-0.02373396,-0.063645891,-0.12019462,-0.1463386,0.0010747643,0.089718554,0.035531911,0.018438417,0.0049631626,-0.0016139825,-0.018752787,0.03331491,-0.1118246,-0.038123833,-0.0099305701,-0.0054582781,-0.072634783,-0.043313966,-0.13931202,-0.1998975,1.0157074,1.060047,-3.0495915,0.026131345,-0.18797697,-0.65260517,-0.51121972,-0.58406966,0.48364605,0.24190152,0.13739318,0.063062821,0.065246917,0.15411035,3.0185212,0.23791556,2.6207631,0.44120396,0.14174043,0.37219739
2025-09-08 13:35:00,1.0545672,1.044401,1.0180528,1.0292158,1.0387141,1.069508,1.0512699,1.0512723,1.0675419,1.0506183,1.0664683,1.0556803,1.055368,1.0103161,1.2001031,0.623651,0.5486668,0.45165131,0.37258915,-0.16961213,-0.48126574,0.22393243,0.12569357,0.39041493,0.056995203,0.080195099,0.15421882,-0.0036220024,0.22786418,0.043534954,0.11220751,-0.0030022588,0.011588589,0.018322387,-0.060331532,0.062548208,-0.017499893,-0.0035768253,0.014962372,0.066103259,0.11583122,-0.04946145,-6.4103686e-05,0.16286999,0.029743092,0.0025963991,0.11216028,-0.07750912,0.021378945,0.032179702,0.010100753,0.0066480569,0.0049256901,0.028147231,-1.1909364,-0.54474544,-0.49949547,-0.42394252,-0.34451247,0.15898582,0.48958825,-0.24796048,-0.15442764,-0.36698334,-0.053448188,-0.059362394,-0.16395667,0.019199286,-0.24649134,-0.038475531,-0.038907561,-0.0013121849,0.005448781,-0.054157734,0.10701738,-0.011589837,0.012601763,-0.042933663,-0.070254529,-0.028990958,-0.10030905,0.043551004,-0.018187492,-0.11254421,-0.020788428,-0.02365521,-0.058090772,0.051660025,0.01597845,-0.046038595,-0.049632294,0.023553868,-0.032336325,-0.034065418,1.8041844,0.12305259,-0.65135166,-0.40758537,-0.081592788,-0.097934381,-0.011033595,0.015098459,-0.26541761,-0.076112384,-0.048672469,-0.071224873,-0.11554061,-0.13710911,-0.025734978,0.087292879,0.027098161,0.021473189,0.0010882298,-0.0074074783,0.010711727,0.058407383,-0.12766364,-0.06581709,-0.015209725,0.0087845746,-0.10196753,-0.050323564,-0.1421459,-0.20051604,1.0163193,1.06084,-3.0473372,0.027705957,-0.19108514,-0.64944922,-0.51029454,-0.58218634,0.48198386,0.24013181,0.13671862,0.065211296,0.065078104,0.15336134,3.0126688,0.2288546,2.6163549,0.44006325,0.1431784,0.37118384
2025-09-08 13:40:00,1.0625213,1.0409409,1.0150024,1.0384007,1.0127089,1.0392026,1.0683163,1.05684,1.0582471,1.0440548,1.0373088,1.0217154,1.0436438,1.0289773,1.2023673,0.59739641,0.53095136,0.46773181,0.32903958,-0.15489318,-0.4831534,0.22369344,0.14043105,0.39890177,0.06778502,0.082087191,0.15933537,0.018152138,0.25879355,0.034911124,0.089485534,-0.03139408,0.025410646,0.036198707,-0.048348572,0.046091757,0.027937721,-0.012981366,0.051829114,0.044072932,0.10975986,-0.050875353,0.0051135517,0.16312836,0.010418025,0.04848048,0.060406215,-0.045638397,0.032523694,0.073274198,0.02783015,0.0055216753,0.0023118037,0.037975809,-1.1593361,-0.5652805,-0.5612085,-0.42966585,-0.34913367,0.11348189,0.49439872,-0.21679851,-0.12894056,-0.35830967,-0.078274426,-0.041149132,-0.14066487,-0.013239525,-0.23383221,-0.029624311,-0.074967959,-0.0077916265,-0.025324408,-0.065145188,0.092820145,-0.027840165,0.024079671,0.01134116,-0.058149259,-0.041545407,-0.10170997,0.067686605,0.035784389,-0.13774762,-0.03059593,-0.0045696908,-0.067101811,0.07621822,-0.049906629,-0.055269262,-0.071040773,0.010528183,0.0069163316,-0.023146919,1.806332,0.190485,-0.66484165,-0.40927728,-0.029684264,-0.095800449,0.0055263911,-0.0061796463,-0.25831668,-0.078104313,-0.032228327,-0.053769481,-0.10366976,-0.08424459,0.046231087,0.080439857,0.038760984,0.047254486,0.0054656794,-0.055702311,0.027786101,0.065644478,-0.15812296,-0.043957728,-0.0065882307,-0.022236361,-0.035355448,-0.018340496,-0.13915432,-0.20222615,1.0165108,1.0582037,-3.046642,0.026449328,-0.19050866,-0.65139931,-0.51091364,-0.58175597,0.48257222,0.24339324,0.13672953,0.063423681,0.067450161,0.15341417,3.0124341,0.23682467,2.6217936,0.44102171,0.1412173,0.37073011
2025-09-08 13:45:00,1.0531239,1.045642,1.025584,1.0228735,1.0092991,1.0596417,1.0414114,1.0541926,1.0384536,1.0506873,1.061705,1.0512394,1.0511744,1.0256828,1.2149479,0.62612731,0.5106793,0.48448824,0.33245342,-0.115713,-0.5203267,0.21881395,0.069283348,0.35375736,0.082298237,0.06879057,0.17444176,-0.022360008,0.24992454,0.029215869,0.061495213,-0.043867546,-0.0012893034,0.034334181,-0.054235877,0.038444307,0.022066622,-0.048186883,0.041848827,0.05890639,0.10755101,-0.058999752,0.0074139827,0.12850516,0.016132963,0.07277545,0.031653729,-0.073364898,0.02498207,0.0082705178,0.03089395,-0.0118492,0.045777776,-0.027181782,-1.1642092,-0.57487568,-0.534827,-0.45169646,-0.34940295,0.13416058,0.50421158,-0.22867673,-0.14394611,-0.39632831,-0.060743025,-0.062101246,-0.16542587,-0.024000567,-0.24775684,-0.048968226,-0.082094313,0.025704848,-0.011604002,-0.057958352,0.080143819,-0.0042669701,0.020070603,0.0025642703,-0.074531335,-0.045193849,-0.10806088,0.073422195,-0.018427328,-0.090145161,-0.04936938,0.023733485,-0.054188416,0.033275626,-0.0063628061,-0.046863996,-0.072546726,-0.0069161616,-0.017364096,-0.037819288,1.8017366,0.16214188,-0.62613948,-0.37575711,-0.057374813,-0.12070184,-0.011567775,0.042609348,-0.25847133,-0.067661266,-0.026099102,-0.076575051,-0.14715004,-0.15845608,0.010388002,0.083752222,0.057508267,0.018549624,-0.019032025,0.0068912131,-0.0018120909,0.078317364,-0.16384364,-0.06472071,-0.026376456,-0.019204565,-0.052427961,-0.027559199,-0.13880927,-0.20008788,1.0191699,1.0613387,-3.0457231,0.023346429,-0.18950014,-0.65446093,-0.50655191,-0.58544676,0.48559166,0.24292478,0.13860034,0.064225203,0.064411491,0.15514564,3.009363,0.23577913,2.6209504,0.44183838,0.14236505,0.37344601
2025-09-08 13:50:00,1.0666875,1.0214819,1.0019685,1.0307835,1.0214435,1.0814354,1.0434223,1.040802,1.0358854,1.0282193,1.03351,1.0380808,1.0285007,1.032026,1.1984981,0.60242557,0.53459084,0.42655156,0.35377215,-0.12709977,-0.46528194,0.21428899,0.14218733,0.37226145,0.0091984562,0.021983376,0.15445217,0.0079104939,0.21101416,0.085219249,0.075110414,-0.03838584,0.025287231,0.053066145,-0.071752189,0.10767567,0.015777235,0.012208701,0.051608512,0.037591551,0.097885089,-0.049232152,-0.0042422279,0.14880252,0.026697465,0.029748151,0.044378877,-0.050257797,0.023234257,0.030459011,0.041383744,-0.038099585,0.003928376,0.00898547,-1.1945301,-0.54032095,-0.5515156,-0.49827373,-0.35857501,0.15173549,0.48952476,-0.24150011,-0.13393574,-0.42078273,-0.068969575,-0.069578979,-0.15746718,0.0013949873,-0.24642423,-0.083610324,-0.070531327,0.027750182,-0.021434405,-0.07337525,0.084861327,-0.039771348,-0.020784421,0.038237355,-0.014267913,-0.04983601,-0.10267017,0.06640029,0.016806564,-0.13751718,-0.047127907,0.0050308954,-0.065260995,0.043697871,-0.0073319452,-0.012022607,-0.017778278,0.022837754,-0.0070050641,-0.015315413,1.8024064,0.19358883,-0.6763937,-0.44087391,-0.069924255,-0.083874996,0.010484617,0.030264464,-0.25816501,-0.043336072,-0.035160771,-0.062924276,-0.073419937,-0.12595644,0.02823607,0.079763156,0.0447811,-0.010925491,-0.024495778,0.019921777,-0.0028622031,0.046922192,-0.13369374,-0.068268364,-0.00044275009,0.045146073,-0.082442676,-0.036388928,-0.14016686,-0.19986204,1.0183465,1.0586287,-3.0469376,0.02764726,-0.19355594,-0.65229317,-0.51133021,-0.58701915,0.48253843,0.24138534,0.13703354,0.064355345,0.064445687,0.15241717,3.0134926,0.23385594,2.6197601,0.43991956,0.14240944,0.37057063
2025-09-08 13:55:00,1.057258,1.0365094,1.0252462,1.0029649,1.0268444,1.0624963,1.041086,1.0649968,1.0473693,1.03722,1.0432943,1.033558,1.0527264,1.0142376,1.2257374,0.60330359,0.53188248,0.44235166,0.33858781,-0.14722038,-0.48460405,0.23362339,0.11555947,0.37158454,0.043881111,0.11769924,0.10530475,0.0286506,0.26394915,0.051872995,0.11712462,-0.0089647157,-0.011270705,0.055941717,-0.085766447,0.0627193,0.017489953,0.0058854509,0.0020656166,0.077446251,0.11855876,-0.043704548,0.011354925,0.19037545,0.022370702,0.03554493,0.053570161,-0.084260296,0.017099535,0.010162876,0.035070692,-0.007434275,0.0073270754,0.023339977,-1.177802,-0.5653996,-0.55380622,-0.4510834,-0.36638985,0.09196515,0.50435226,-0.22792551,-0.13380721,-0.39720254,-0.042168111,-0.042866296,-0.14219885,0.013348134,-0.28560119,-0.05736522,-0.072967894,0.01494733,-0.0025804562,-0.02467131,0.082339991,-0.03147567,0.0039504173,-0.0055771591,-0.037377463,-0.048681241,-0.12428152,0.02570055,-0.01936991,-0.11005155,0.027025489,-0.026154212,-0.03371441,0.034805477,-0.025903089,-0.041992337,-0.023233494,0.00014321754,-0.0053608436,-0.012415195,1.8000068,0.22368141,-0.65314081,-0.42274726,-0.06701173,-0.10631132,-0.0005551942,-0.010933201,-0.24554642,-0.065491775,-0.036833934,-0.047515646,-0.10728719,-0.17278223,0.031656733,0.12207625,0.048572341,0.0081973488,-0.0012095601,0.0037010925,-0.0043563013,0.045593327,-0.13837225,-0.071802708,0.0029913561,0.031992346,-0.061143633,-0.059156713,-0.14210388,-0.20179026,1.0195011,1.0605841,-3.049072,0.023526907,-0.19272246,-0.65974495,-0.51134838,-0.58679335,0.48301971,0.24573856,0.13782953,0.062828478,0.066336052,0.15526202,3.0131014,0.25137733,2.6197664,0.44212047,0.13810508,0.37332729
2025-09-08 14:00:00,1.0514271,1.0273624,1.0031478,1.0251371,1.0191653,1.0747739,1.0610657,1.0506309,1.0409272,1.0501003,1.0595091,1.0522434,1.0368172,1.0241047,1.1713949,0.59820377,0.5524851,0.45124389,0.34231058,-0.13455147,-0.50138406,0.23734484,0.16785849,0.38736813,0.064673534,0.10263137,0.1410339,0.010757651,0.25263874,0.0090152542,0.068764177,-0.052005513,0.0073597009,0.062588082,-0.073981323,0.042559189,-0.028715829,-0.0020705868,0.0035566567,0.061086111,0.12728484,-0.04601706,-0.0069382094,0.15069967,0.01947527,0.05931448,0.048657792,-0.095479856,-0.0011236447,0.055668975,0.0084849495,-0.0049352107,0.030536999,0.021545086,-1.1461521,-0.55395535,-0.51742109,-0.45930304,-0.34827891,0.10732229,0.50664518,-0.21850797,-0.11774711,-0.36618094,-0.070011452,-0.064156327,-0.15223717,0.0072945828,-0.26534389,-0.051415774,-0.06459027,0.016116083,0.0090816096,-0.051763512,0.045623492,-0.03088733,-0.003839279,-0.0084824441,-0.0023400984,-0.047618008,-0.10073997,0.056108596,-0.011275109,-0.10519008,-0.026892493,-0.020374869,-0.049383952,0.077009506,0.016516144,-0.053735515,-0.033452397,0.048375127,0.014758353,-0.012787474,1.7988407,0.17235947,-0.64608425,-0.40168486,-0.049042546,-0.089088966,0.025232901,-0.0053071727,-0.31059236,-0.075692135,-0.032455793,-0.030417244,-0.10709816,-0.13661913,0.026789812,0.11585566,0.074424718,0.083607992,-0.010565773,0.010332481,-0.000266366,0.04973503,-0.15901513,-0.073775882,0.016027386,-0.00092064457,-0.033639523,-0.039665151,-0.13908413,-0.20164742,1.0184969,1.0620908,-3.0493979,0.020767256,-0.19178643,-0.65776578,-0.5094591,-0.58450546,0.4826807,0.24308532,0.13890991,0.064757283,0.065898804,0.15373188,3.0140306,0.2483212,2.6218162,0.44048343,0.13826949,0.37330365
2025-09-08 14:05:00,1.0672232,1.0228998,1.0156551,1.0151026,1.0104108,1.0629218,1.0332951,1.0666075,1.0398339,1.0504294,1.0421485,1.0457803,1.0316832,1.0471864,1.1749237,0.60068308,0.53224449,0.43182808,0.3350785,-0.13557911,-0.49511507,0.23540995,0.15080822,0.37437893,0.049973399,0.070769817,0.15664497,0.0017371056,0.24467496,0.01995858,0.071082577,-0.064353427,0.032679029,0.092306386,-0.09011406,0.063958679,-0.017281681,-0.0013358439,0.018558253,0.076313992,0.087296099,-0.049014445,0.015462764,0.17788309,0.033946983,0.013059711,0.081780924,-0.10596519,0.046460356,0.039026358,0.017063421,-0.0087289633,0.056922823,0.0089715516,-1.1688968,-0.60178164,-0.52157332,-0.47845995,-0.33944685,0.13551518,0.51048438,-0.24734425,-0.1377557,-0.37012161,-0.065926634,-0.061593996,-0.15482547,0.013090945,-0.21829524,-0.063215589,-0.067013559,0.0041424916,-0.037274501,-0.046281738,0.069583896,-0.0028989666,-0.029697948,0.031294378,-0.042051383,-0.038146587,-0.10550648,0.045324561,-0.0061220447,-0.1525986,-0.0036194128,-0.01412708,-0.064309109,0.048689944,0.01294464,-0.029398148,-0.029199021,0.022179291,-0.011776768,0.005635359,1.821444,0.18858389,-0.66228577,-0.41361733,-0.07610593,-0.079156343,0.00053350223,0.025118762,-0.26271473,-0.072756166,-0.0069456874,-0.050585459,-0.091989667,-0.093636931,0.0020258012,0.090493711,0.01740184,0.038980421,-0.03638633,-0.041190025,0.01952983,0.053244122,-0.1325368,-0.046520414,-0.023023354,0.012151532,-0.043480573,-0.044948552,-0.14174857,-0.20362763,1.0169836,1.0602034,-3.0498373,0.021983836,-0.19190801,-0.6615082,-0.51308611,-0.58891828,0.4834574,0.24577036,0.13741913,0.064612631,0.066293473,0.15317148,3.0127092,0.24782345,2.620396,0.44380511,0.13942439,0.37385668
2025-09-08 14:10:00,1.0547125,1.0399922,1.026404,1.0226049,1.0204438,1.0756321,1.0580072,1.0850597,1.0548339,1.0415501,1.0469803,1.057855,1.0326808,1.0390693,1.2084809,0.62187313,0.54343106,0.46476711,0.33616006,-0.12533948,-0.46071949,0.23671133,0.178394,0.35250293,0.07088249,0.054231775,0.14248139,0.034330927,0.21046125,0.030589907,0.054103943,-0.055799846,0.0094480381,0.057319166,-0.081915736,0.067157235,-0.0043797116,-0.021976283,-0.021642046,0.022936388,0.081620903,-0.046712181,0.01861631,0.15474712,0.031723381,0.032333353,0.062299169,-0.076975706,0.022592453,0.036097831,0.053679908,-0.019411249,0.02325947,0.053308626,-1.1335582,-0.59498441,-0.53829032,-0.46084291,-0.35107714,0.12567722,0.47458216,-0.28002037,-0.15872955,-0.37858335,-0.027950068,-0.033562741,-0.14731549,0.0017579166,-0.2420927,-0.028949456,-0.084330343,0.043939636,-0.016785148,-0.066401378,0.069827646,-0.045029444,0.046295105,0.019218587,-0.036460891,-0.073076856,-0.091831148,0.057922298,-0.010603322,-0.118609,-0.018520442,-0.036800857,-0.064148481,0.084120683,-0.0036188378,-0.029382001,-0.026945689,0.01977543,-0.036244421,-0.041443115,1.7596064,0.1889526,-0.64467099,-0.36999246,-0.067811733,-0.090659881,0.016469258,-0.0046760102,-0.24557884,-0.084276141,-0.024872882,-0.058270171,-0.073927495,-0.11662004,-0.023397173,0.09764402,0.047485589,0.034008979,-0.043235073,0.0050847838,-0.022077057,0.052240762,-0.16449762,-0.039729756,0.010515751,-0.02691405,-0.063982822,-0.024620752,-0.1401358,-0.20496557,1.0169551,1.0604725,-3.0479428,0.022800831,-0.1929262,-0.66309914,-0.51454279,-0.58863852,0.48283369,0.24341266,0.13745886,0.063608793,0.067449411,0.15501237,3.0087419,0.25621656,2.6234004,0.44379007,0.13477651,0.37563465
2025-09-08 14:15:00,1.0673309,1.038607,1.0192335,1.0295973,1.0008269,1.0677605,1.0462088,1.042144,1.0481895,1.0461611,1.0606445,1.03802,1.0430244,1.0265956,1.1782496,0.58773817,0.56753935,0.4703873,0.31990123,-0.10767238,-0.47763854,0.2704375,0.15318142,0.38136958,0.032490622,0.047042512,0.14884173,-0.011233773,0.26566384,0.075009137,0.082036797,-0.021245727,0.047111686,0.064037053,-0.063195619,0.087561458,-0.0077500424,-0.036693351,0.021606956,0.03135414,0.13470381,-0.04173553,0.017581518,0.14609201,-0.027365334,0.033581347,0.093212943,-0.060189399,-0.0086036662,0.038704097,0.0082881984,-0.027962377,0.030460779,0.030692867,-1.1648751,-0.57603547,-0.52670232,-0.46617238,-0.31069457,0.11984483,0.49986558,-0.26071904,-0.18506186,-0.33900695,-0.077297282,-0.095972623,-0.17471063,0.0089222282,-0.26121516,-0.037833606,-0.053341743,-0.0086885014,-0.034890971,-0.07033632,0.034245851,-0.04759196,-0.04818867,-0.0057034811,-0.030472265,-0.031005596,-0.063317137,0.057354297,0.023268497,-0.12932368,-0.034639241,-0.012340031,-0.093765875,0.055539817,-0.025902761,-0.055413954,-0.0066026721,0.0089960712,-0.019021944,-0.015309411,1.8218196,0.14889611,-0.64624635,-0.3980186,-0.051651423,-0.092657814,0.029148634,0.035472011,-0.24169653,-0.12062202,-0.066437919,-0.071416486,-0.14930313,-0.12618543,-0.041928703,0.094226921,0.04281891,0.04778166,-0.040576187,0.0081195963,-0.01437217,0.055236252,-0.16124736,-0.044987207,-0.036927295,-0.037457029,-0.056591849,-0.072728099,-0.13772967,-0.2017185,1.0171536,1.059451,-3.0473505,0.026921164,-0.19455962,-0.65782718,-0.51225998,-0.5865593,0.48463037,0.24282392,0.13801096,0.062674022,0.063804242,0.15486851,3.0166046,0.24538181,2.617482,0.44339164,0.1390521,0.37314756
2025-09-08 14:20:00,1.0451856,1.0335817,1.0324481,1.0227044,1.0163735,1.0643107,1.0459772,1.0510888,1.0453496,1.0278839,1.0568965,1.0563214,1.0483139,1.032272,1.1942506,0.6180423,0.51346471,0.48144223,0.36498236,-0.13564952,-0.48359139,0.20950102,0.11811636,0.35400658,0.047328446,0.082945276,0.15913001,0.0075632424,0.23005642,0.030533598,0.11509908,-0.023777462,-0.0089854059,0.067004464,-0.081592975,0.074929611,0.006530946,-0.007198839,-0.01320464,0.063647746,0.10628871,-0.03318242,0.023168319,0.18434969,0.026822032,0.0090953273,0.037820448,-0.085348358,0.020548744,0.0073946513,0.048986959,-0.028065577,0.013792358,0.025257206,-1.1832771,-0.54826916,-0.50870956,-0.44091377,-0.34121897,0.13632494,0.49007152,-0.26003042,-0.14508848,-0.36923616,-0.054668664,-0.077220617,-0.17278044,0.020282003,-0.28262109,-0.06247661,-0.092419848,0.01594914,-0.033408883,-0.026401563,0.060604333,-0.07018991,0.02888869,0.004422889,-0.025996006,-0.039547256,-0.11072239,0.042663265,0.0032778797,-0.13875143,-0.041153781,-0.053825877,-0.049376387,0.052908049,-0.041059286,-0.034914588,-0.062753971,0.040128399,-0.045057853,-0.002374079,1.7684425,0.18597403,-0.69001649,-0.42445732,-0.081178559,-0.1035928,-0.030417638,0.0059380144,-0.24931005,-0.10510793,-0.028417999,-0.049081713,-0.11790224,-0.16293794,-0.013723515,0.093182744,0.058408942,0.035097805,-0.037429208,0.016489692,-0.017688032,0.079872252,-0.16427614,-0.058936637,-0.029321513,-0.016419905,-0.024092712,-0.058297779,-0.140794,-0.20277595,1.0149951,1.058302,-3.0464677,0.026863338,-0.19182016,-0.65422384,-0.50789496,-0.58419006,0.48397921,0.24096123,0.13778742,0.06382654,0.065833087,0.15287268,3.0125806,0.23806662,2.6177065,0.44079991,0.14102638,0.37274151
2025-09-08 14:25:00,1.074358,1.0311717,1.0204196,1.0131752,1.02376,1.0464556,1.049702,1.0508066,1.0357326,1.029335,1.0512796,1.0380338,1.0272409,1.0459622,1.2039641,0.55708053,0.56830599,0.46971553,0.3767174,-0.098759861,-0.48255289,0.22793893,0.10763639,0.37331131,0.038408441,0.080688773,0.13438965,0.035463488,0.2329144,0.066334753,0.088094871,-0.045921764,0.026535244,0.024625872,-0.058341143,0.043489752,0.021238609,-0.049772515,0.039270282,0.089939254,0.11361238,-0.071734468,0.018450918,0.17880756,0.070535404,0.020860445,0.050163462,-0.096737524,0.0086088391,0.067628706,0.05094836,0.0012646057,-0.012556401,-0.0018224711,-1.1596699,-0.58024822,-0.56282647,-0.45547452,-0.35718148,0.1294625,0.48481358,-0.26144769,-0.1604855,-0.38672041,-0.045679268,-0.066431224,-0.16404102,-0.045700197,-0.2383671,-0.056339844,-0.068711796,0.040694308,0.01227463,-0.055186752,0.062020237,-0.012410738,-0.005730214,0.023573744,-0.046213805,-0.070005316,-0.11209571,0.033981941,0.019460855,-0.11396768,-0.015067518,-0.022755877,-0.068957485,0.10064262,-0.0083262669,-0.043670255,-0.024748964,-0.011465814,0.018979323,-0.016827433,1.7961761,0.20922971,-0.64897518,-0.40797626,-0.062172194,-0.077642039,0.0098570179,0.013447422,-0.27277941,-0.07926087,-0.035859038,-0.069695632,-0.12535876,-0.11717689,0.013059263,0.059530053,0.058224662,0.040159744,-0.0040401573,-0.0092677565,-0.028250307,0.06425296,-0.14301943,-0.031253882,0.0052897776,0.023794668,-0.092822528,-0.010908769,-0.1398914,-0.20184634,1.0172842,1.0602808,-3.0461257,0.023264544,-0.18979626,-0.6570683,-0.51176915,-0.58520774,0.48399171,0.2418007,0.13802147,0.064736254,0.065053327,0.15471282,3.0135071,0.24325075,2.6212432,0.44093046,0.13880305,0.37412518
2025-09-08 14:30:00,1.0785525,1.0189484,0.99520765,1.0263653,1.0001088,1.0588358,1.0381753,1.0549,1.0455002,1.0406976,1.0407394,1.0475669,1.022933,1.0392206,1.2186465,0.61566746,0.54657099,0.47184931,0.33227801,-0.1447877,-0.4557409,0.2418537,0.16070644,0.37818956,0.063033315,0.061645927,0.10178362,-0.03075625,0.19696407,0.066774892,0.048274613,-0.0079338715,0.039243136,0.045670582,-0.053339982,0.028594178,-0.014969659,0.039155268,-0.017191514,0.002373018,0.12781418,-0.02679033,-0.0059437449,0.15540832,0.042091828,0.0025950933,0.059380747,-0.026671158,0.020284983,0.047999505,0.041470934,0.0055154227,-0.013707617,0.025268981,-1.1544754,-0.56874816,-0.52271391,-0.43600924,-0.32778559,0.10818934,0.49054517,-0.25854036,-0.10555707,-0.35025262,-0.087862155,-0.038933062,-0.18022942,-0.017217117,-0.25961449,-0.032146532,-0.046612613,0.045103419,0.01723,-0.027699733,0.074356592,-0.019854056,-0.034317627,0.018416173,-0.020000338,-0.066653161,-0.13026182,0.087396824,-0.012917024,-0.13074894,-0.039236861,0.0061775271,-0.055115016,0.12166554,-0.015289881,-0.03257847,-0.032252474,0.010329054,0.030132545,0.012953906,1.789946,0.17702928,-0.63531823,-0.402735,-0.053111311,-0.10767497,0.021106503,-0.012194516,-0.26530048,-0.072985557,-0.036921756,-0.03775924,-0.12296696,-0.14437589,0.0045457303,0.04984024,0.036425279,0.065314262,-0.0088790764,0.019579687,0.026499475,0.048305702,-0.14005206,-0.024279276,-0.018431437,0.028041358,-0.04179629,-0.033625609,-0.14074594,-0.20290093,1.0168639,1.0580904,-3.0487626,0.020121984,-0.19406866,-0.65941099,-0.51229027,-0.58563521,0.48183972,0.24469763,0.13870162,0.064755941,0.065077274,0.15282299,3.0131151,0.25247943,2.621248,0.44358776,0.13369888,0.37396019
2025-09-08 14:35:00,1.075256,1.063485,1.011667,1.0024496,1.0297929,1.077861,1.0458815,1.0707189,1.0385634,1.061377,1.0545406,1.0529594,1.028597,1.0463573,1.2209251,0.56487569,0.55704246,0.47738259,0.36273709,-0.12476325,-0.45835332,0.27886531,0.15618161,0.3383096,0.089045076,0.046259671,0.17697895,-0.013493937,0.24084343,0.074391176,0.081957195,-0.029926791,0.0081282345,0.060601033,-0.049328369,0.016951538,0.021800423,-0.028597401,0.01225223,0.062649288,0.10796346,-0.032899333,0.020055479,0.16759014,0.011172071,0.028924409,0.045832413,-0.091661252,0.035348233,0.041133751,0.0023384114,-0.010234725,0.020343218,0.030958063,-1.1992666,-0.54809415,-0.52755505,-0.43132492,-0.34219635,0.11056847,0.47402058,-0.2819658,-0.15679678,-0.44353657,-0.051079742,-0.091523797,-0.12141772,-0.046910555,-0.2711352,-0.015065445,-0.073075908,0.037397822,-0.037391511,-0.03698005,0.073825577,-0.0069934172,-0.022017576,-0.026370772,0.0086581018,-0.022587296,-0.1315074,0.068210985,-0.029282755,-0.087567053,-0.058401776,-0.016427116,-0.056107877,0.024299527,-0.029723563,0.0041261111,-0.024701584,0.017441966,-0.00091476802,-0.035010053,1.7820734,0.1672885,-0.67347559,-0.3935549,-0.050123409,-0.10403237,-0.0020284358,0.0039173882,-0.27692285,-0.056700457,-0.016947235,-0.042880303,-0.074353284,-0.11017569,0.0054589796,0.097746384,0.063977068,0.074104082,-0.03018462,-0.029196324,-0.031911606,0.056462584,-0.13184325,0.0063879271,-0.0026149088,-0.014523902,-0.058272908,-0.021366182,-0.14125671,-0.20532901,1.0166069,1.0587292,-3.0519635,0.022469882,-0.19466939,-0.66520616,-0.51339578,-0.58862416,0.48220614,0.24600476,0.14041583,0.065867064,0.06736179,0.15553246,3.0132782,0.25923692,2.6258154,0.44221222,0.13357209,0.37585101
2025-09-08 14:40:00,1.0626231,1.0330891,1.0083401,1.0084113,1.0186538,1.0753443,1.0610243,1.0572063,1.0623047,1.0498327,1.0612178,1.0517287,1.0334269,1.0175976,1.192705,0.61103878,0.53462714,0.48404676,0.3583971,-0.13228217,-0.48195069,0.22911029,0.10758537,0.38619607,0.07879458,0.076841754,0.12203519,-0.029202904,0.23852987,0.06842119,0.061851069,-0.040517043,0.040436867,0.033821392,-0.049843441,0.06745566,-0.0019192727,-0.0019315976,0.021212009,0.023827862,0.12443482,0.020248476,-0.03292664,0.16210197,0.037413776,-0.0071458405,0.088466594,-0.032526806,0.054725424,0.034134452,0.057937583,0.014346987,0.027496705,0.036926917,-1.1898074,-0.57841411,-0.50592852,-0.42250425,-0.34023779,0.13126928,0.48293178,-0.25379674,-0.13360952,-0.39848659,-0.037933446,-0.058267235,-0.15638055,0.021263634,-0.2049664,-0.076386879,-0.054026687,0.036844029,-0.040182351,-0.050501314,0.061525576,-0.071593841,-0.015936098,-0.0096243091,-0.033987985,-0.079037897,-0.084196802,0.021811488,0.0076142114,-0.11085916,-0.024829889,-0.017280892,-0.069859312,0.050263677,0.0045573198,-0.039362499,-0.058173407,0.023484953,0.0061305632,0.025479462,1.7933577,0.18387126,-0.62926911,-0.3995593,-0.06614308,-0.12096596,-0.0074271443,-0.0098657857,-0.24547007,-0.08477665,-0.02446452,-0.082676195,-0.14140632,-0.11029389,0.017011723,0.10020889,0.072106039,0.033775998,0.010569619,0.0063205436,0.033242473,0.075071544,-0.14968606,-0.051171451,-0.033541979,-0.045623488,-0.034001818,-0.022746492,-0.13815421,-0.20412258,1.015655,1.0594883,-3.0486585,0.02369621,-0.1954517,-0.66287681,-0.5129622,-0.59199068,0.48319619,0.24318289,0.14021831,0.065660105,0.067138486,0.15675259,3.012623,0.25774093,2.6237209,0.44281505,0.1358659,0.37626727
2025-09-08 14:45:00,1.0777011,1.0519774,1.027265,1.0081187,1.0335361,1.051581,1.0529673,1.0685657,1.0542495,1.0358091,1.0312443,1.0586587,1.0394926,1.0253614,1.2305929,0.60205379,0.56577182,0.4579178,0.34372941,-0.17112178,-0.46521687,0.26312604,0.15097093,0.38454817,0.034268883,0.069995938,0.19150677,-0.011354673,0.28334017,0.01410528,0.072067581,-0.022254967,0.042121586,0.042972425,-0.035207207,0.093277143,0.025804052,0.0079762203,0.031720722,0.064916384,0.12805001,-0.057861578,0.0015867726,0.1500407,0.055824278,-0.0095448266,0.070651304,-0.087715584,0.023481016,0.061380019,0.052148538,0.044362694,-0.0011803728,0.0039134117,-1.1885564,-0.55586438,-0.51873689,-0.45702412,-0.31938057,0.13547777,0.48222007,-0.24193112,-0.15021751,-0.38226723,-0.078740886,-0.067104638,-0.12858436,0.01105464,-0.24693141,-0.047566004,-0.078988919,0.062935515,-0.02469323,-0.026374929,0.061072773,-0.051057515,0.034569412,0.03242162,-0.025508578,-0.04490957,-0.078301435,0.029966071,-0.029231699,-0.12727813,-0.04298243,-0.036983266,-0.074189865,0.047233981,-0.0017643019,-0.034705761,0.013277833,-0.00025243243,-0.02114891,-0.021957239,1.8166154,0.1993798,-0.64468485,-0.40672923,-0.026069721,-0.094280032,0.023956402,-0.010033014,-0.23284783,-0.073209073,-0.016450543,-0.046540386,-0.10855867,-0.14521951,-0.027843496,0.095656407,0.00072319909,0.030766335,-0.0045492337,-0.006824364,-0.048753208,0.045468679,-0.13179215,-0.044027074,-0.0086300797,-0.050781556,-0.048002566,-0.037623376,-0.14173316,-0.2053381,1.0171522,1.0597217,-3.0469658,0.022718368,-0.19456497,-0.66039062,-0.5121925,-0.58735837,0.4831501,0.24384564,0.13677493,0.063303136,0.065564698,0.15506058,3.0108212,0.24990559,2.62184,0.44239172,0.13698914,0.37387058
2025-09-08 14:50:00,1.0456119,1.034273,1.0045289,0.99836989,1.0054888,1.0549129,1.0682062,1.0647039,1.0583362,1.0548363,1.0633522,1.0395452,1.0407613,1.0357586,1.2425485,0.59936221,0.54520658,0.47985599,0.3289029,-0.14107409,-0.48016176,0.25660034,0.13651877,0.38320017,0.04742253,0.052940788,0.18071347,0.0017007603,0.25669714,0.084041996,0.084923646,-0.035128571,0.037969302,0.067144929,-0.06340926,0.066023648,0.0020303584,-0.047450535,0.015747939,0.026460453,0.13367002,-0.0020477977,0.015585808,0.14882368,0.012086847,0.033127319,0.05206807,0.00097289079,0.028344876,0.035549553,-0.005525707,-0.0026384755,-0.0028541088,0.030974478,-1.1466243,-0.57928709,-0.49536636,-0.44941294,-0.34676851,0.15364044,0.48234595,-0.24211173,-0.14695033,-0.35518669,-0.04581652,-0.048060852,-0.12781791,0.026024034,-0.24146552,-0.045355788,-0.036346021,0.039964472,-0.024174761,-0.045862143,0.078282533,-0.024525361,0.01315565,0.012518522,-0.042128997,-0.063945898,-0.11658691,0.044136865,0.0010333896,-0.099260286,-0.045930168,-0.037194432,-0.057270307,0.062733905,0.017097031,-0.053522087,-0.022388459,0.0087057402,-0.021475948,-0.0062666418,1.8350875,0.18560424,-0.6497228,-0.41750326,-0.074930737,-0.12398192,-0.050304161,-0.007689546,-0.23922735,-0.11068092,-0.032455817,-0.019652159,-0.12620507,-0.13165872,-0.012082251,0.062103519,0.014685873,0.024419735,-0.011970727,0.013549402,-0.019484932,0.065463678,-0.16979777,-0.073327294,0.019007337,-0.0088805788,-0.041885058,-0.058381769,-0.14077534,-0.20433212,1.0159763,1.0598278,-3.0478893,0.021396061,-0.19381745,-0.66623179,-0.50923769,-0.58659607,0.48207057,0.24416881,0.14038505,0.066044958,0.067501396,0.15372695,3.0116444,0.25856765,2.6225288,0.44106275,0.13523461,0.3753417
2025-09-08 14:55:00,1.0712283,1.0334804,1.0233912,1.001114,1.027846,1.0645821,1.048771,1.0497072,1.0632001,1.0597127,1.0691479,1.0539614,1.0608032,1.0298592,1.2237317,0.61233972,0.54212826,0.4818534,0.35197591,-0.11559042,-0.47476641,0.23220587,0.12670223,0.37914346,0.064433113,0.071032262,0.17955335,0.019248694,0.27693812,0.052226695,0.099555447,-0.01190312,-0.025094939,0.057940075,-0.057071673,0.084700646,0.0063734393,0.0085804298,0.010558806,-0.0025144923,0.10427281,-0.038222243,0.0082966805,0.15236195,-0.002690744,0.044004726,0.094454043,-0.12391891,-0.0027375234,0.076433272,0.038706933,-0.019584293,0.038524934,0.027646867,-1.1285481,-0.60096462,-0.52348951,-0.43453479,-0.34282838,0.12487363,0.50435788,-0.24310724,-0.14657143,-0.3930215,-0.065963686,-0.042409536,-0.13184146,0.020318934,-0.27593361,-0.059438101,-0.074028546,0.044532325,-0.01534258,-0.061974421,0.08885154,-0.059228344,-0.018006752,0.037318342,-0.032254453,-0.034088716,-0.13433301,0.020588529,0.024565887,-0.10299837,-0.048729591,0.0031957857,-0.056570894,0.074625354,-0.0082981303,-0.020611973,-0.017834716,0.0046620387,-0.030589496,-0.024372692,1.7973735,0.19782849,-0.64877803,-0.43157893,-0.056667772,-0.091606158,-0.0045432904,-0.026818626,-0.27679214,-0.12010997,-0.012599469,-0.03177997,-0.13273809,-0.097294644,-0.027544762,0.078333552,0.051463999,0.01581669,-0.00056591949,0.008781141,0.0075801148,0.075890299,-0.15696295,-0.043899737,-0.010581295,-0.01626313,-0.078854351,-0.063987379,-0.14051466,-0.20090887,1.0172319,1.0601013,-3.0487471,0.016938546,-0.19591769,-0.67021447,-0.5141287,-0.59250273,0.48202196,0.24609491,0.1414867,0.064835734,0.066587323,0.1576072,3.015295,0.2717658,2.6286666,0.44411975,0.12922799,0.37850964
2025-09-08 15:00:00,1.0498622,1.0165837,1.0064667,1.0081827,1.0292258,1.0700933,1.0512604,1.0681109,1.049392,1.0371593,1.0344183,1.0459045,1.0439435,1.0345183,1.1716659,0.5818978,0.56137651,0.44633903,0.32528608,-0.10199152,-0.52203217,0.22447776,0.1342336,0.38937872,0.058098481,0.078618348,0.16123743,-0.017641379,0.2565104,0.030722105,0.06464474,-0.058781525,0.043806018,0.012206523,-0.062800339,0.047047356,0.0009655227,-0.0055389108,0.0094673187,0.048990472,0.11847648,-0.013565976,0.0020210832,0.18360422,0.014301348,0.021819986,0.019713319,-0.082045283,0.036103442,0.0063984681,0.037052655,-0.0065162846,0.00050500369,0.016224579,-1.2124629,-0.56433382,-0.51999866,-0.45376595,-0.34842062,0.11383177,0.46968644,-0.2266458,-0.14515257,-0.39014508,-0.072059264,-0.037075787,-0.14734233,0.01739458,-0.21308682,-0.018212486,-0.078784515,-0.0092610184,-0.0016020454,-0.048757625,0.069447178,-0.023098441,-0.012645983,-0.028311667,-0.017785094,-0.070651514,-0.11106438,0.053570178,-0.031211408,-0.094891734,-0.024970422,-0.064007619,-0.049693446,0.073451739,-0.032945343,-0.0091974575,-0.022874489,-0.017544434,0.010268758,-0.053222971,1.8487957,0.1952985,-0.63114893,-0.41206632,-0.087435654,-0.11145374,-0.0011205683,0.0089280054,-0.22412159,-0.06518622,-0.030740235,-0.077302546,-0.13437215,-0.13660352,-0.012380995,0.074689334,0.035474408,0.013927251,-0.018648765,0.0019081259,-0.0098823254,0.091533731,-0.12772702,-0.010123084,-0.032681315,0.0032988925,-0.047750794,-0.047303346,-0.14072937,-0.20297409,1.0159166,1.0612468,-3.0479941,0.018608798,-0.19230895,-0.66592949,-0.51482417,-0.58879628,0.48344047,0.24666594,0.14044224,0.065746081,0.066151946,0.15774816,3.0119541,0.26012474,2.6240097,0.44269927,0.13294076,0.37923663
2025-09-08 15:05:00,1.0697337,1.0470911,1.0015932,1.0139634,1.0198862,1.0749961,1.0366804,1.0755479,1.068282,1.0321742,1.0463625,1.048954,1.0338867,1.0168788,1.2014203,0.57430138,0.55269489,0.46376153,0.33124313,-0.17480175,-0.491142,0.27277889,0.16421244,0.38836639,0.069536197,0.050218853,0.14966038,-0.036224027,0.23480803,0.050227825,0.080262739,-0.056551113,-0.0048470826,0.010428084,-0.077024102,0.048795418,0.0078169671,-0.025302645,0.020447385,0.030598692,0.10052907,-0.039938519,0.034408588,0.1659082,0.018635069,0.019603976,0.04540471,-0.11549559,0.050152591,0.042757939,0.032139923,0.020318708,0.036282942,-0.024242966,-1.1920305,-0.60122367,-0.54168746,-0.442348,-0.39411459,0.13089008,0.50204513,-0.2414365,-0.10714574,-0.38211616,-0.056500347,-0.068743998,-0.1626427,-0.0033773744,-0.25330814,-0.056894841,-0.067991846,0.038828159,-0.044454216,-0.06775078,0.072326608,-0.057834479,0.0023153399,0.0005107064,-0.032428858,-0.065984327,-0.098842667,0.045432533,0.032253053,-0.15538368,-0.019762987,-0.0083778515,-0.086171294,0.039016019,0.0089725845,-0.060243353,-0.037750989,0.022653862,0.01243344,-0.039345111,1.7346618,0.20620025,-0.66312414,-0.41991149,-0.084549511,-0.068711166,-0.022388522,0.018032146,-0.25102571,-0.088610427,-0.026066731,-0.070666856,-0.12722461,-0.13046245,-0.012749715,0.10496322,0.025557244,0.032046382,-0.0098154469,-0.018640609,0.011293026,0.085435148,-0.16139458,-0.086264937,0.026937634,0.015251728,-0.045011248,-0.056511777,-0.14060598,-0.20337987,1.0184093,1.0605792,-3.0469757,0.020033276,-0.1956624,-0.6685551,-0.51500697,-0.5908498,0.48297792,0.2455538,0.1403682,0.065872061,0.066408466,0.15683446,3.0131027,0.26834792,2.6284495,0.44402328,0.12924309,0.37810083
2025-09-08 15:10:00,1.0626409,1.0492411,1.0015783,1.0170192,1.0275234,1.0571738,1.0516173,1.0449124,1.0528887,1.029138,1.0637314,1.035475,1.0505769,1.0348364,1.1729236,0.60009622,0.52370797,0.46582402,0.38374447,-0.11298968,-0.47954419,0.26291622,0.16730546,0.36988823,0.11268238,0.069877559,0.17698165,-0.040389101,0.24811977,0.033838132,0.11413941,-0.022326675,0.011219438,0.046228821,-0.044436706,0.044729628,-0.035209284,-0.0048091044,0.018283673,0.054917669,0.127813,-0.028309377,0.0082070369,0.13891578,0.036817621,0.039846346,0.079160124,-0.092676463,-0.0035919864,0.019215373,0.042047336,-0.019799902,-0.023653869,0.015279319,-1.1820165,-0.57919794,-0.5348543,-0.44276429,-0.3508504,0.11097696,0.48809275,-0.24671021,-0.14550361,-0.39990055,-0.08167773,-0.065371393,-0.13570922,-0.035096331,-0.24588813,-0.05613373,-0.10973021,0.028876466,0.0057247749,-0.052923688,0.04397476,-0.019795395,0.02232453,0.016856655,-0.024347398,-0.087311061,-0.10068364,0.070477627,-0.012712856,-0.12648504,-0.051625381,0.0090625364,-0.052962979,0.058361064,0.023212607,-0.043303555,-0.048429157,0.017367074,0.021272055,0.023417085,1.8044521,0.17752011,-0.61523369,-0.41503269,-0.070275418,-0.091309127,0.023963649,0.0041850395,-0.23132625,-0.08589991,0.0099062738,-0.042563219,-0.15594955,-0.11633319,0.011236954,0.091232246,0.030018622,0.012120457,0.012589782,-0.0090257135,0.030034379,0.040349742,-0.1180916,-0.065476635,-0.007899265,-0.038779364,-0.02367977,-0.044697386,-0.14348511,-0.20375505,1.0148813,1.0593386,-3.0476474,0.02087411,-0.19700706,-0.67137219,-0.51625712,-0.59262074,0.48325876,0.24543468,0.13979659,0.066103405,0.066625254,0.15447137,3.010972,0.27256101,2.6251647,0.44429446,0.12974497,0.37918795
2025-09-08 15:15:00,1.0538497,1.0242991,1.0125256,1.0157419,1.0379527,1.0378498,1.0365141,1.0541093,1.0456703,1.0536791,1.0638043,1.0488825,1.0387949,1.0407838,1.2145213,0.64394913,0.5379787,0.42299139,0.36323756,-0.10062653,-0.47428608,0.24982661,0.12619496,0.35884526,0.082171287,0.061628738,0.16548801,-0.024274148,0.25583171,0.023998826,0.092622739,-0.042997663,0.023688728,0.020511897,-0.043939649,0.080309272,0.047798282,0.01493622,-0.013716846,0.023939641,0.10836987,-0.054897291,0.014645184,0.13119688,0.036601743,0.017757484,0.064711366,-0.059637099,0.014060689,-0.0078550005,0.019621581,0.046477072,0.025277028,0.01255645,-1.242191,-0.55969712,-0.52144541,-0.50282676,-0.33949572,0.11130416,0.48731093,-0.20902167,-0.13269271,-0.37462726,-0.013850669,-0.051123725,-0.15642334,0.015339294,-0.25090751,-0.054905022,-0.092253121,0.039535668,-0.019596999,-0.034343901,0.078545862,-0.052207292,-0.029268662,0.005171341,-0.056505959,-0.036188782,-0.080983213,0.033749357,0.035866382,-0.13606133,-0.016323478,-0.021428939,-0.051255383,0.07616941,0.0099270909,-0.034810795,-0.027344851,0.031432352,-0.019863574,-0.0064724331,1.7988243,0.19087895,-0.59895964,-0.37031204,-0.05283063,-0.084358903,0.026203125,-0.026001821,-0.22613912,-0.08324989,-0.023402124,-0.043191307,-0.14427629,-0.1509169,0.020095337,0.11805624,0.050755766,0.031355516,-0.036391941,-0.0070583705,0.0049128098,0.058659009,-0.15275227,-0.074123422,-0.026206809,-0.020692867,-0.044686902,0.0067150308,-0.13854302,-0.20366766,1.0166851,1.061402,-3.0499055,0.018207024,-0.19583274,-0.67549857,-0.51685111,-0.58998871,0.48394936,0.24742086,0.14089644,0.066867266,0.067619843,0.15789434,3.0121765,0.27751246,2.6281914,0.44601846,0.12531575,0.37820234
2025-09-08 15:20:00,1.0725233,1.0450311,1.0165223,1.0224077,1.0219355,1.0566768,1.0542944,1.0602523,1.0465883,1.0366534,1.056284,1.0411345,1.0421578,1.040311,1.2441938,0.59915854,0.51876543,0.45778609,0.38724125,-0.15436987,-0.47944678,0.23445974,0.14608992,0.37625004,0.088383544,0.041638475,0.13200183,-0.01610326,0.25178383,0.069970591,0.064101804,-0.0061975951,0.019494619,0.065314821,-0.10468785,0.10248235,-0.020225729,0.013433827,0.0028044987,0.026329077,0.11116271,-0.048028057,0.01819915,0.17336913,0.011400156,-0.00093268225,0.073120299,-0.065423618,-0.030199167,0.031918892,0.0085443667,-0.017838799,0.039089538,0.0029535343,-1.1582725,-0.58822216,-0.5201164,-0.38306471,-0.3569319,0.09454087,0.48687422,-0.25217407,-0.15039424,-0.3766958,-0.060158615,-0.091513114,-0.15857346,-0.021419241,-0.23796091,-0.068595593,-0.056939698,0.012394343,0.0076844167,-0.01504297,0.081454848,0.009755297,0.0007922864,0.016237826,-0.017750139,-0.022944772,-0.11685431,0.064604616,0.0058875082,-0.14341253,-0.017858783,-0.03112133,-0.052367548,0.049697228,-0.044199091,-0.085484711,-0.036428232,0.025068675,0.018129924,-0.017895917,1.8312822,0.19593298,-0.66103986,-0.41826783,-0.075477077,-0.12451086,-0.028417715,-0.05923844,-0.26087718,-0.085159069,-0.017086503,-0.042385217,-0.06263728,-0.14312242,-0.0041348381,0.099096859,0.046113473,0.0061584165,-0.034631557,0.0047066463,-0.018014535,0.058803424,-0.13838673,-0.081717213,0.0032309795,-0.024387154,-0.0255745,-0.044850461,-0.14550079,-0.20548818,1.0158074,1.0618453,-3.0502361,0.019361492,-0.1933903,-0.67072881,-0.51531423,-0.58821143,0.48147148,0.24696162,0.14055905,0.06433288,0.06524285,0.15653102,3.0142776,0.27062827,2.6283454,0.44301764,0.12894449,0.37722035
2025-09-08 15:25:00,1.0687522,1.0486949,1.0173627,1.0286294,1.0064106,1.0627763,1.0504474,1.0558753,1.0613339,1.0396593,1.0402153,1.0434706,1.040933,1.0113002,1.245242,0.60430691,0.50432954,0.43107531,0.34594717,-0.10745063,-0.48091551,0.2671388,0.12516525,0.382067,0.048842385,0.066178777,0.15479123,-0.011544337,0.26480626,0.051780532,0.065420814,-0.0048191655,0.0074412653,0.048184681,-0.080585364,0.08276081,0.009282725,-0.0048369082,0.024414312,0.03522036,0.11077684,-0.039980357,0.0078276575,0.16789964,0.075740996,-0.0057593586,0.082169999,-0.099206944,0.0074359795,0.046206185,0.025652986,-0.0043415126,-0.0041629612,0.019873814,-1.1633007,-0.57746753,-0.53809494,-0.4514657,-0.32531359,0.10223944,0.47318735,-0.2582312,-0.11376302,-0.42569556,-0.059434313,-0.088772346,-0.18374837,0.0032432647,-0.25896081,-0.085425884,-0.1055911,0.031024375,-0.011870574,-0.023289546,0.056241736,-0.025474472,-0.014245512,0.00054298831,0.01323859,-0.056346345,-0.10057402,0.037686644,0.0035185724,-0.15393615,0.0040495301,-0.057753788,-0.080721283,0.1040938,-0.005989711,-0.034901928,0.0043506291,0.033948476,-0.035902684,0.010834804,1.818109,0.18259775,-0.62719949,-0.41572498,-0.07722301,-0.093887238,-0.01672831,-0.026543431,-0.25041644,-0.066693182,-0.001485192,-0.030461202,-0.16253164,-0.10367817,0.03088688,0.1013025,0.071008059,0.013864785,-0.0067405505,-0.0097076403,-0.019510989,0.062149189,-0.1581337,-0.041565753,-0.036354984,-0.022111284,-0.090312388,-0.074611012,-0.14256413,-0.19861286,1.0175508,1.0598903,-3.0463185,0.018929939,-0.19888888,-0.67609061,-0.51298644,-0.59156195,0.48133184,0.24810744,0.14228815,0.06514177,0.068735383,0.15765946,3.0136208,0.27795997,2.6287085,0.44416366,0.1258165,0.37875018
2025-09-08 15:30:00,1.0583712,1.0513739,1.0225592,1.0145726,1.020979,1.0645233,1.0416136,1.0534645,1.0536256,1.0452301,1.0478848,1.0307017,1.0400717,1.0350053,1.1823904,0.59568127,0.51080762,0.47263974,0.31049301,-0.075611194,-0.46814718,0.26112659,0.14256633,0.36851852,0.062285124,0.074317662,0.17517545,0.00063594381,0.26537803,0.055377109,0.06748284,-0.021801959,0.029694642,0.024239825,-0.064730678,0.045744151,-0.014170423,-0.0073545507,0.054539337,0.0077684993,0.10739165,-0.030457439,0.016266764,0.14520049,0.075112034,0.0055338998,0.065079784,-0.11285282,0.00093744645,0.075093167,0.04292025,-0.024989444,-0.0052181658,0.048134988,-1.1825625,-0.5668168,-0.52787559,-0.44156426,-0.35362578,0.086647657,0.50514229,-0.24422571,-0.15937216,-0.41302077,-0.055997726,-0.055442321,-0.15782822,0.0041585163,-0.25560491,-0.02445897,-0.048585716,0.01530237,-0.021329975,-0.051305769,0.081659837,-0.068365503,-0.023115402,0.0010064583,-0.036442121,-0.04390737,-0.1656926,0.063692996,-0.0026960242,-0.15666843,-0.033476749,-0.052404764,-0.09985575,0.088894568,-0.0063104674,-0.050145464,-0.015124015,0.033435266,0.0035310793,-0.013147312,1.7993037,0.19537832,-0.66079038,-0.41982377,-0.079379826,-0.075334107,0.023744912,0.031071092,-0.24284288,-0.064241864,-0.039922822,-0.024151753,-0.11383782,-0.15256847,0.021229033,0.082708085,0.024565927,0.010847374,-0.0024593524,-0.008834312,0.015793768,0.059831135,-0.17285777,-0.034294809,-0.035343767,-0.041963128,-0.077566909,-0.053914074,-0.13680649,-0.20612815,1.0174673,1.0594543,-3.0488497,0.015937332,-0.20104409,-0.67723482,-0.51584529,-0.59112231,0.48393329,0.25000774,0.14181448,0.064561732,0.068648091,0.15659181,3.0098893,0.28490449,2.6335955,0.44476728,0.12439098,0.38074611
2025-09-08 15:35:00,1.0540472,1.0437301,1.0201146,1.0206399,1.0179096,1.0491674,1.0432748,1.0597534,1.0477148,1.0529155,1.0530898,1.0379571,1.0368081,1.0287772,1.1769433,0.60878901,0.53540491,0.45887156,0.35080985,-0.088727123,-0.47839151,0.24205815,0.1390867,0.36309862,0.070197838,0.086587831,0.16703729,0.0030773142,0.26508179,0.063333856,0.087570433,-0.0083212139,0.026202062,0.039171269,-0.023804995,0.054099929,-0.0096876318,-0.0091454108,-0.0099252783,0.06384922,0.14719263,-0.068311878,-0.010080704,0.11373779,0.054247948,0.034760894,0.049844175,-0.083262545,0.012172436,0.024714994,0.024564188,-0.025294721,0.0340489,0.036489163,-1.1699029,-0.56777658,-0.54060173,-0.4626785,-0.36428302,0.10258187,0.4600749,-0.23849907,-0.16164782,-0.37397947,-0.088398921,-0.048736638,-0.1671145,-0.00035394782,-0.20476883,-0.049048979,-0.068182117,0.010776736,-0.0240883,-0.062837573,0.063039562,-0.064404388,-0.023312888,-0.0083398402,-0.0052114613,-0.045180403,-0.095369848,0.039908958,-0.0088210674,-0.11479784,-0.040799147,-0.011623708,-0.044979049,0.061686984,-0.0043535584,-0.048870213,-0.017840356,0.037431686,-0.0046250771,-0.01748527,1.8157467,0.15240849,-0.6405618,-0.43306061,-0.096262329,-0.081527663,0.0075418668,-0.006376545,-0.27115787,-0.12986885,-0.020026046,-0.03749297,-0.096809463,-0.14031529,0.01434127,0.12017793,0.08091763,0.047412766,0.0054626464,-0.0095827455,0.016396678,0.04552067,-0.14953934,-0.013977979,-0.0026487014,0.008607497,-0.043280578,-0.050186363,-0.14185047,-0.20649052,1.0160003,1.0585531,-3.0508045,0.017253609,-0.1974343,-0.67860033,-0.51605433,-0.59309259,0.48127203,0.24911873,0.1437431,0.067052138,0.068999771,0.1564856,3.0120336,0.28599722,2.6282161,0.44617564,0.12063073,0.38012312
2025-09-08 15:40:00,1.0698477,1.0375355,1.0232404,1.0152848,1.0199278,1.0729806,1.0426446,1.0509296,1.0387634,1.0483551,1.0469033,1.0351342,1.0313168,1.0330394,1.1687158,0.5985725,0.54101071,0.469292,0.3370612,-0.087473231,-0.448431,0.25954567,0.10438194,0.35859442,0.05244137,0.085399933,0.1561938,-0.017895174,0.22199397,0.04304149,0.11062151,-0.035658492,0.023847002,0.072868678,-0.039213661,0.055790644,0.0073004065,0.0067202291,0.010269963,0.058027113,0.13218194,-0.047773179,-0.001848202,0.14984698,0.017472732,0.058938015,0.047162683,-0.062080598,-0.0022009071,0.0053721736,-0.0053616291,-0.01134809,0.0019450007,0.022732784,-1.1525762,-0.6139262,-0.5206595,-0.44474256,-0.32442742,0.16486321,0.49575192,-0.22700062,-0.15912594,-0.35346575,-0.090175817,-0.042376126,-0.15705361,0.054953284,-0.2320531,-0.059139336,-0.092870569,0.014853395,-0.037440026,-0.0034465771,0.014724053,-0.04592487,0.032840519,0.010729235,-0.060804145,-0.028035271,-0.093811625,0.060548109,0.037215661,-0.14233292,-0.0071109967,-0.042827702,-0.11192901,0.10916584,0.033502514,-0.075324104,-0.052624909,0.042079746,0.01170906,-0.034903676,1.7916587,0.20872656,-0.64967531,-0.39109033,-0.020655673,-0.15647388,-0.010263679,-0.042031523,-0.28691805,-0.13111746,-0.048610825,-0.06503598,-0.15338765,-0.13174313,-0.00098392184,0.09119173,0.054171292,0.017485052,-0.024045799,-0.0083814474,-0.021378883,0.06532536,-0.14017154,-0.0504366,-0.04646321,0.014295733,-0.035872427,-0.09154906,-0.13877334,-0.20730386,1.0176567,1.0603162,-3.0511373,0.017710573,-0.19618369,-0.68374636,-0.51655985,-0.593966,0.48228641,0.24926806,0.14235698,0.067161977,0.067992237,0.15772342,3.0130737,0.29022288,2.6332863,0.44539769,0.12228451,0.38029172
2025-09-08 15:45:00,1.0726316,1.0468897,1.0164276,0.99778621,1.0269235,1.0510809,1.0452362,1.0604754,1.0377003,1.0375991,1.0439991,1.0481565,1.0307328,1.0406258,1.2039155,0.59232932,0.58138075,0.50365535,0.34787606,-0.12836751,-0.46941778,0.27451096,0.17784558,0.40885589,0.047525722,0.041485233,0.17085839,-0.02161224,0.22519091,0.070891673,0.093325998,-0.047820139,0.023396822,0.064979503,-0.05190068,0.045752604,0.0064583726,0.025356746,-0.0019888282,0.0199133,0.11640465,-0.027720137,0.031104675,0.16509464,0.0062714086,0.031539444,0.07873183,-0.051466365,0.032186642,0.065397036,0.025150769,0.011397222,0.02429313,0.057476741,-1.1775864,-0.59747075,-0.55861823,-0.42891964,-0.30923625,0.10225606,0.48452092,-0.22292045,-0.13382527,-0.40765185,-0.076801039,-0.05761758,-0.17616235,-0.013988122,-0.25088649,-0.035144109,-0.073149368,0.041027658,-0.010179698,-0.037323616,0.067844582,-0.044167727,0.011959254,-0.0083411496,-0.026294862,-0.049009352,-0.10419473,0.029477624,0.029525955,-0.12679202,-0.031961022,-0.027019375,-0.099953794,0.052902725,0.038390772,0.0031512619,-0.040148936,0.025679155,-0.01135392,-0.020287361,1.7820244,0.15782105,-0.5812113,-0.38026698,-0.10204416,-0.049853902,0.040041498,-0.0039313132,-0.24922545,-0.053566761,-0.050263508,-0.024261368,-0.12471609,-0.12551497,0.0015463162,0.058287548,0.028108527,0.056100654,-0.051619708,0.03236807,0.0084934581,2.2911372e-05,-0.16956341,-0.033384883,-0.019960931,0.0022295756,-0.091182755,-0.041679451,-0.14223439,-0.20417238,1.0165442,1.0577856,-3.053524,0.015818134,-0.19854415,-0.68543372,-0.51992087,-0.59535701,0.48049277,0.25033504,0.14363675,0.0662373,0.068663471,0.15957607,3.0105636,0.30507429,2.6324618,0.44637707,0.11774986,0.38401714
2025-09-08 15:50:00,1.0642167,1.0425385,1.0165679,1.0099652,1.0171154,1.0573318,1.0360011,1.0599988,1.0682827,1.0507694,1.0533401,1.0581621,1.0461319,1.0183835,1.1665337,0.58563244,0.55195275,0.41474827,0.34927133,-0.13443239,-0.47979492,0.27567803,0.14617867,0.4060081,0.052557749,0.067437867,0.15284842,0.014411285,0.2500842,0.060737184,0.084188906,-0.012635438,0.007307353,0.022557021,-0.082157071,0.061172594,0.010188038,0.040038266,0.0063655686,0.019842244,0.085428524,-0.020025002,0.028369151,0.1755096,0.025676302,0.030033204,0.052987185,-0.044294364,0.014473016,0.043764228,0.023283879,-0.016284697,0.019083621,0.010896723,-1.1648024,-0.5453851,-0.52721387,-0.44329704,-0.34675216,0.085082951,0.46667381,-0.2959232,-0.12531462,-0.38331567,-0.076040755,-0.086530457,-0.17590882,0.017978569,-0.24675168,-0.070808894,-0.1158375,0.024475449,-0.017547373,-0.028706925,0.11953014,0.026455347,0.0046967706,0.027559766,-0.017087716,-0.066808205,-0.09902318,0.066287294,-0.020983563,-0.095822151,-0.028826158,-0.017069455,-0.060861572,0.081562349,0.019711977,-0.039701823,-0.012042711,0.035367754,0.010166714,-0.00045607808,1.7899317,0.16502011,-0.61052997,-0.4291695,-0.069055985,-0.11569149,-0.0043923847,0.027840876,-0.26786962,-0.06277381,-0.019616191,-0.044352073,-0.084310023,-0.156282,-0.014103584,0.055482057,0.041933265,0.024696671,-0.028133909,-0.049121816,-0.025186425,0.040156915,-0.15298305,-0.072195686,-0.028769996,-0.01383756,-0.040893425,-0.061315992,-0.14062538,-0.20426863,1.0149757,1.0602676,-3.0518758,0.014008216,-0.19955274,-0.68870033,-0.51909606,-0.59474692,0.48336359,0.24993855,0.14223171,0.066007281,0.068251538,0.16049927,3.0117246,0.30008433,2.631694,0.44870877,0.12030971,0.38387616
2025-09-08 15:55:00,1.0583752,1.0402816,1.01313,1.0179527,1.0132634,1.0648698,1.0641191,1.037682,1.0560403,1.0562068,1.045575,1.0464455,1.0407265,1.025371,1.1863503,0.62158401,0.54407877,0.460119,0.37423485,-0.1078669,-0.44107913,0.23549079,0.15098455,0.38773054,0.093891376,0.064298494,0.13577281,-0.0039076433,0.26278637,0.018475609,0.094924399,-0.026011526,0.032274979,0.035369648,-0.05120405,0.064833548,0.02192275,-0.0094098656,-0.037562736,0.048704342,0.10669649,-0.044712715,-0.011872732,0.15865892,0.036736602,0.028640389,0.04847715,-0.096941915,0.025900231,0.036194091,0.011717008,-0.015409982,0.02396923,0.0076964987,-1.1422302,-0.57814505,-0.53349046,-0.43398261,-0.31577514,0.085503675,0.4411499,-0.26727568,-0.13191484,-0.3980376,-0.074526672,-0.070515392,-0.11612154,0.014831151,-0.25625796,-0.053261425,-0.086647241,0.045210579,-0.014095067,-0.06326277,0.043762716,-0.025158579,-0.014742121,0.010521553,-0.024844392,-0.036062677,-0.12766019,0.059632403,0.018801245,-0.14361002,-0.066844192,-0.046660173,-0.067451748,0.0087792189,0.034317547,-0.030860895,-0.031692692,0.026057432,-0.0071082635,-0.029926989,1.7988747,0.17874357,-0.68208964,-0.37188349,-0.096083005,-0.10965821,-0.0056861164,0.039507934,-0.29086452,-0.10213175,-0.010362103,-0.062280475,-0.10838069,-0.12305643,-0.037834621,0.058881018,0.064784356,0.04767403,0.0032328386,-0.0270869,-0.01025108,0.029558866,-0.17234192,-0.053414389,-0.0057943212,-0.0051487825,-0.032675545,-0.033183987,-0.14223444,-0.20405451,1.0158814,1.0603742,-3.0497966,0.014534715,-0.20274156,-0.68385249,-0.51592597,-0.59412161,0.48319923,0.2514185,0.14316127,0.066832039,0.068362755,0.15994649,3.0118186,0.30184533,2.6332161,0.44711087,0.11786296,0.38286947
2025-09-08 16:00:00,1.0758627,1.0441148,1.0084314,1.0386266,1.0325174,1.0730598,1.0419513,1.0445097,1.0465272,1.0425718,1.0649387,1.0469602,1.039515,1.0243519,1.2214247,0.5981795,0.51751943,0.44839732,0.35629475,-0.10309745,-0.45629163,0.27788921,0.16448188,0.38502024,0.068346847,0.074341639,0.1332396,0.012933366,0.2458123,0.050997075,0.10355433,0.019533139,0.02337652,0.022920736,-0.050169029,0.065191353,-0.016927328,-0.013698734,0.0057466854,0.039921978,0.11686216,-0.032395611,0.037195805,0.15267686,0.056193951,0.043724596,0.032934845,-0.064316062,-0.017128188,-0.001124241,0.053923544,-0.0065599904,0.0028493543,0.0022435855,-1.1690689,-0.57110084,-0.51957138,-0.42062365,-0.33822463,0.085097009,0.48678537,-0.24254152,-0.13450297,-0.38663689,-0.050491451,-0.085864319,-0.14060627,0.018585425,-0.22295468,-0.04052259,-0.068463756,0.0095740825,-0.0029359262,-0.023434158,0.073346862,-0.078155619,0.02667163,-0.020967129,-0.014990531,-0.080730528,-0.11035852,0.040127794,0.032668171,-0.11307599,-0.023472468,-0.041628018,-0.030713176,0.042483712,-0.0064959351,-0.066453619,-0.0025863789,-0.0018912037,-0.010835837,-0.057078313,1.7735721,0.1825781,-0.66849742,-0.39475984,-0.081539636,-0.10680153,-0.02274613,0.017282643,-0.28639069,-0.077394144,-0.034728952,-0.050061285,-0.1174435,-0.13368212,0.013383919,0.08851088,0.016408888,0.037176899,-0.0072191938,-0.0033319328,0.014743245,0.064346478,-0.13698792,-0.033184644,-0.027595324,-0.032408993,-0.025757628,-0.015597329,-0.14211597,-0.20253786,1.0158325,1.0601375,-3.0493969,0.019594084,-0.19886241,-0.68282858,-0.51814156,-0.59273592,0.48179068,0.24819151,0.14297075,0.065837967,0.067510527,0.15986931,3.01005,0.29002682,2.6353607,0.44510853,0.12005622,0.37998684
2025-09-08 16:05:00,1.0766521,1.0509407,1.0136044,1.0187774,1.0175854,1.056461,1.0603161,1.0549297,1.030979,1.0477665,1.0516877,1.0447269,1.0468633,1.0330473,1.2145875,0.58556424,0.5182444,0.4604731,0.35172435,-0.1327068,-0.4415994,0.22787645,0.17088532,0.39230502,0.086776583,0.036954319,0.15286202,0.0061187083,0.24420142,0.029380281,0.090971642,-0.034043257,0.0078716812,0.053518064,-0.039945876,0.032031194,0.0050941046,-0.048511235,0.0022053919,0.047669202,0.11018569,-0.051245217,-0.013797728,0.16827934,0.034813094,0.037512064,0.034334113,-0.073592158,-0.0019016424,0.050632438,0.034848413,-0.042748384,0.01425051,0.020795589,-1.1659835,-0.59805495,-0.54859033,-0.49028771,-0.36468182,0.10236812,0.50494157,-0.26241631,-0.13326616,-0.37253196,-0.061212888,-0.05438824,-0.192272,-0.012720064,-0.22057291,-0.0077413826,-0.072656503,0.0557541,0.037901982,-0.062581305,0.10121836,-0.049730903,0.0074927597,-0.0050295243,-0.042627205,-0.08698289,-0.10260081,0.027120379,0.020277732,-0.13746369,-0.025330029,-0.025033084,-0.10181841,0.097735295,0.00590699,-0.07444036,-0.0095906054,-0.002516906,-0.017770869,-0.014432138,1.7800721,0.1088525,-0.65256849,-0.3972581,-0.075267049,-0.13542882,-0.034707508,-0.0034960081,-0.26074658,-0.0974148,-0.038791698,-0.032574281,-0.11179794,-0.12617352,0.012559193,0.096907815,0.02800688,0.02073983,0.0068990886,0.0042011202,-0.047983034,0.0616204,-0.13047691,-0.076980855,-0.024869937,-0.022298622,-0.03604968,-0.076403706,-0.14516751,-0.20484829,1.0165054,1.0600778,-3.0496348,0.017445938,-0.19823803,-0.68926329,-0.51888889,-0.59643975,0.48051776,0.25164011,0.14341952,0.067340772,0.068729519,0.15994314,3.0108528,0.3094657,2.6375733,0.44751894,0.11698486,0.38345324
2025-09-08 16:10:00,1.0609938,1.0469803,1.0075712,1.0262032,1.0158627,1.0671233,1.0572842,1.0710483,1.0388685,1.0456087,1.0545393,1.0495157,1.0440084,1.0245165,1.2052396,0.60165999,0.5434825,0.46510575,0.34918874,-0.091275575,-0.46759688,0.24121288,0.14510768,0.35776265,0.050851002,0.069154955,0.13082163,0.011576189,0.28165972,0.067108301,0.062940643,-0.0028670398,0.023273286,0.054176425,-0.051752621,0.065753597,-0.01429087,0.013513246,-0.0064149134,0.042367201,0.1057395,-0.018332304,0.026048224,0.17602342,0.023077879,0.019510054,0.081294484,-0.052406685,-0.005131581,0.060723796,0.040802015,-0.027218585,0.013357356,0.017100513,-1.1525466,-0.60686744,-0.51981452,-0.50635536,-0.38624417,0.1326502,0.49441359,-0.27402905,-0.12562929,-0.39674678,-0.030631267,-0.063095763,-0.12875066,-0.015339529,-0.23401112,-0.046544937,-0.089078211,0.0078415463,-0.049739322,-0.043315159,0.058911223,-0.033394959,0.03800899,-0.037822523,-0.043318131,-0.062591454,-0.088154964,0.038011054,-0.0055585054,-0.13490529,-0.033609012,-0.033559422,-0.038647579,0.069205113,-0.023476905,-0.016629547,0.0010061958,-0.018246167,0.01275304,0.0054571696,1.7901022,0.18923787,-0.60226091,-0.43276509,-0.068679768,-0.07630829,0.0021344631,0.0022559783,-0.27121859,-0.067858427,-0.031402817,-0.031810306,-0.16262565,-0.15446198,0.021710635,0.092093399,0.048283478,0.049935855,0.017383401,-0.02935762,0.016802081,0.088159863,-0.1400162,-0.051812286,0.0075356881,-0.057279783,-0.032270738,-0.032138146,-0.14304887,-0.20337868,1.0178287,1.0590958,-3.0492054,0.012779789,-0.19716083,-0.68098757,-0.51554854,-0.59297546,0.48088404,0.24830317,0.14261951,0.066481132,0.06816101,0.15733087,3.0147544,0.29337085,2.6327945,0.44790736,0.12255189,0.38072774
2025-09-08 16:15:00,1.05618,1.0259853,1.0200136,1.0219273,1.0194505,1.0716531,1.0478555,1.063194,1.0461104,1.0408737,1.0586642,1.0329669,1.04605,1.0294206,1.2133713,0.59582031,0.52736792,0.43902182,0.3670373,-0.14647368,-0.47003178,0.25138144,0.17624421,0.39683385,0.042138552,0.048020087,0.13918249,0.0046624288,0.21862617,0.03366897,0.084811698,-0.048193429,0.023337387,0.033548326,-0.049773106,0.074164166,-0.029539441,-0.012257794,-0.025647043,0.04431676,0.12353342,-0.047375122,0.018172343,0.19472427,0.050277383,0.012344568,0.056113568,-0.043125579,0.029242279,0.032940593,0.032848333,-0.015204562,0.0080641516,0.020209393,-1.1589022,-0.63183065,-0.47371275,-0.45747555,-0.3854167,0.1037111,0.47829433,-0.26801138,-0.15447931,-0.38635817,-0.066133081,-0.042621615,-0.16736898,0.019028267,-0.21323012,-0.022745708,-0.04351293,0.055601578,-0.00042956319,-0.063725296,0.048266,-0.037936895,0.012536907,0.023369268,0.014720311,-0.043870934,-0.11376673,0.044820986,0.026854374,-0.13261753,-0.039414596,-0.012031017,-0.065271047,0.071040784,-0.0040332697,-0.025030196,-0.042680565,0.011156098,0.037031793,-0.036024836,1.8055445,0.17193202,-0.62508838,-0.43003079,-0.077668609,-0.10151133,-0.010676997,-0.026721745,-0.23324728,-0.07084558,-0.017796747,-0.078955361,-0.13406262,-0.12202821,-0.0025294872,0.076786635,0.045896666,0.041707443,-0.0022046522,-0.0057658554,-0.0083695984,0.047011546,-0.18022399,-0.067068767,-0.043035421,-0.044308373,-0.027969866,-0.043706677,-0.14579828,-0.20762791,1.0156822,1.0590699,-3.0507723,0.016879115,-0.20181838,-0.68715564,-0.52057877,-0.59777022,0.48269623,0.25020396,0.14365128,0.065780719,0.069071604,0.15974728,3.0106017,0.3098553,2.6333687,0.44637326,0.11817857,0.38256749
2025-09-08 16:20:00,1.0655563,1.0411258,1.0320332,1.0004944,1.0275732,1.050326,1.0382438,1.0605105,1.0631159,1.0406471,1.0435363,1.0393552,1.0558947,1.0314757,1.1914434,0.58621785,0.52950519,0.44880029,0.34866055,-0.086839571,-0.48176371,0.22542473,0.16312765,0.35629499,0.050958627,0.041616873,0.16580966,-0.021893858,0.26032671,0.028681598,0.11052083,-0.052954161,-0.014419512,0.038236489,-0.063145576,0.061608397,0.016606913,0.00057102828,-0.0081095919,0.079063924,0.13638723,-0.026811885,0.024466805,0.21202723,0.034098829,0.014982919,0.053748923,-0.059743211,0.052731221,0.065831126,0.020175401,-0.046254931,-0.0057997713,0.010708074,-1.1909368,-0.60977084,-0.50482247,-0.49031944,-0.36746877,0.078313031,0.48381762,-0.24664014,-0.15786252,-0.37037605,-0.074740175,-0.066339129,-0.15356321,-0.0036891241,-0.26811728,-0.032155206,-0.091990713,0.044619611,0.017679714,-0.041781581,0.10321961,-0.043059433,0.031865454,0.016665333,0.017977748,-0.095249862,-0.10168869,0.041919309,-0.0010646961,-0.11410363,-0.039359195,-0.041128713,-0.085947894,0.062373873,0.024365641,-0.048020214,-0.033891085,0.018505158,0.012506833,-0.0097479893,1.8026056,0.14520476,-0.63846842,-0.43629923,-0.075682156,-0.11002072,0.039305906,-0.0080933689,-0.25266474,-0.071371899,-0.017893524,-0.056887283,-0.098296388,-0.12292551,0.0043102069,0.068922679,0.049654938,0.019777882,-0.0070758767,0.014937165,0.028503027,0.075455455,-0.1507998,-0.067310357,-0.019897042,-0.016604514,-0.063042429,-0.086153453,-0.14068269,-0.20460595,1.0155992,1.0594488,-3.0530913,0.012524845,-0.20175335,-0.69109158,-0.52263278,-0.59468583,0.48224573,0.25021084,0.14220209,0.067145368,0.067467368,0.1606786,3.0129847,0.31138177,2.6362877,0.4475151,0.11768299,0.38311232
2025-09-08 16:25:00,1.0538157,1.0268833,1.0222981,1.0191017,1.0255378,1.0611262,1.0368123,1.0650995,1.0379451,1.0418644,1.0488858,1.0429448,1.0329859,1.0305317,1.2220129,0.63604628,0.50840945,0.46082456,0.36829444,-0.094211355,-0.49635797,0.23714345,0.13107112,0.3858299,0.055086272,0.094758572,0.14392248,-0.002945475,0.26196964,0.058024841,0.073349846,-0.032834516,0.04160956,0.03433031,-0.045311614,0.022717369,-0.015913201,0.056547764,0.021140865,0.039910957,0.11742145,-0.022057492,-0.0023472256,0.15060444,0.019365447,0.034902983,0.063601887,-0.078245016,-0.006336549,0.016083924,0.0055636246,-0.018917758,0.031258299,0.016942981,-1.1840259,-0.58987209,-0.5310508,-0.46557972,-0.30311771,0.1149543,0.51554865,-0.26885854,-0.1151416,-0.42085033,-0.056779704,-0.10113325,-0.14108837,0.0063187651,-0.25380395,-0.0829891,-0.060555455,0.021738803,-0.043261796,-0.073009101,0.099130768,-0.035119302,-0.034089912,-0.020357915,-0.04828842,-0.055270827,-0.069590668,0.044985527,-0.013450894,-0.10858821,-0.036181895,-0.031339457,-0.062055269,0.084865074,0.012756408,-0.011274905,-0.029038368,0.03152019,-0.0033850726,-0.027885916,1.7567329,0.1709885,-0.66093899,-0.40330252,-0.079496244,-0.12003224,-0.0046483002,-0.022902087,-0.25963669,-0.107029,-0.031838684,-0.074570998,-0.13425659,-0.13891657,0.029995381,0.054906557,0.055183649,0.012615649,0.015820898,0.0059062451,0.0077886161,0.070553149,-0.22430938,-0.056609577,-0.011743966,-0.0075447616,-0.050175124,-0.041005516,-0.14192681,-0.20628478,1.0161921,1.0592499,-3.0502184,0.018113781,-0.20004492,-0.6899119,-0.51805369,-0.5994223,0.48016208,0.25210851,0.14517658,0.067223703,0.06987481,0.16062875,3.0101674,0.32236582,2.6351639,0.44601792,0.11323233,0.38549092
2025-09-08 16:30:00,1.0746177,1.0447338,1.0190149,1.0395914,1.0378175,1.057565,1.0597543,1.0616083,1.0286992,1.0387313,1.0483886,1.0517174,1.0372971,1.0140876,1.1689376,0.61868012,0.53678084,0.45175002,0.36565163,-0.091959378,-0.45267032,0.25143985,0.16564333,0.38245371,0.060752428,0.074328989,0.11306177,0.028388767,0.2601219,0.059951904,0.11017228,-0.025854608,0.00055186934,0.054843839,-0.053510013,0.06736748,0.037704014,-0.0087774252,0.010770727,0.07176518,0.087104394,-0.039780367,0.043045668,0.14699395,0.057651331,0.049859,0.081176748,-0.031841925,-0.0090109105,0.087666562,0.0078408149,0.018814927,0.030506389,0.041356455,-1.1374726,-0.56421101,-0.52930005,-0.43758707,-0.33632828,0.09771297,0.49077403,-0.24879641,-0.14830251,-0.40233802,-0.061544995,-0.098270201,-0.12937358,-0.027219074,-0.26583035,-0.060582888,-0.063413022,0.004364086,0.0022163227,-0.02996533,0.043515359,-0.019659088,0.026175752,0.009847863,0.0013096156,-0.046465164,-0.075527719,0.035725756,0.008922464,-0.13398249,-0.018151959,-0.013094864,-0.018615289,0.11175377,-0.012247565,-0.050883242,-0.026023576,0.02051187,0.0082197176,-0.0071926222,1.8388638,0.1884598,-0.62039781,-0.41621326,-0.053758045,-0.11590933,-0.00050069219,0.015244553,-0.25978245,-0.095828567,-0.046325052,-0.047639758,-0.11590186,-0.14507163,0.0049457393,0.086417945,0.075455676,0.019626643,-0.014576545,-0.0045214035,-0.00061648101,0.060925458,-0.12639271,-0.06882255,-0.0083979053,-0.053432036,-0.031109946,-0.018221927,-0.14061887,-0.2087513,1.0174027,1.0596892,-3.0514529,0.015134245,-0.20132215,-0.69331814,-0.52163579,-0.59793097,0.48090843,0.2524244,0.14448988,0.068337055,0.068351202,0.16081608,3.005825,0.3264915,2.6324373,0.4512743,0.11335409,0.38362288
2025-09-08 16:35:00,1.0500889,1.0495162,1.0189142,1.0059529,1.0082662,1.0528113,1.0605079,1.0584151,1.0586434,1.0527905,1.0389826,1.0283424,1.0420912,1.0503264,1.2007779,0.59747194,0.55258299,0.48245764,0.35297827,-0.11492927,-0.48109204,0.2436426,0.14995142,0.38533028,0.040476874,0.051315104,0.18629302,-0.020069279,0.23210409,0.061195523,0.11631563,-0.048898526,-0.011029644,0.058354105,-0.04018484,0.078598494,-0.037597763,-0.03204779,0.01680371,0.015960998,0.135933,-0.026712412,0.025956556,0.15215346,0.048231987,0.018943234,0.060333242,-0.07628837,0.033019787,0.036774513,0.0045670673,-0.0076925785,0.014477388,0.020601327,-1.1702988,-0.60039956,-0.55337148,-0.45112991,-0.33781241,0.11140117,0.51365601,-0.26319482,-0.17496964,-0.38358961,-0.088474684,-0.049635313,-0.17479219,0.013321383,-0.27399887,-0.066234441,-0.051628668,0.025046166,-0.0095078868,-0.04438278,0.050882843,-0.036000674,-0.011351964,-0.029949928,-0.037253969,-0.053276612,-0.12194564,0.039491449,0.024871693,-0.12395577,-0.03826477,-0.0017541202,-0.04933033,0.085644996,0.0037087629,-0.022151617,0.0055563426,0.027409714,-0.032244258,-0.027106814,1.8188208,0.17478776,-0.64954546,-0.38162274,-0.039297645,-0.10486152,0.0019972588,0.026715049,-0.26457737,-0.11209371,-0.035178212,-0.049668143,-0.14461948,-0.16911006,0.035390562,0.051056332,0.020592003,0.064108563,0.00083163754,-0.010890357,-0.01122699,0.046713394,-0.16282743,-0.041954594,0.041360197,-0.036883955,-0.060812146,-0.04761789,-0.14184924,-0.2081547,1.0159155,1.060726,-3.0538161,0.016116728,-0.19908114,-0.69097981,-0.51976282,-0.59743407,0.48157593,0.25224244,0.14531585,0.066530722,0.069185851,0.16030263,3.012664,0.31728304,2.6344091,0.4490558,0.11685368,0.38540253
2025-09-08 16:40:00,1.0541688,1.0317526,1.0206032,1.0222855,1.0188578,1.0688062,1.0472851,1.0497295,1.0605571,1.0577034,1.0423213,1.0412235,1.0424015,1.0425912,1.1705049,0.58496697,0.54732604,0.45496357,0.376574,-0.087364193,-0.47980327,0.29080006,0.16518178,0.40933111,0.049237771,0.084104496,0.14778921,0.0089085914,0.30046479,0.05686123,0.081645299,-0.041186229,0.052885115,0.016525668,-0.079157687,0.04594805,-0.013046413,0.0014584797,0.0021105372,0.041209998,0.091646281,-0.071186848,0.043123457,0.15976091,0.044071788,0.030027352,0.078584595,-0.10055473,-0.0060695582,0.0068599463,0.041255991,-0.0052358568,0.0063999957,0.030892661,-1.179024,-0.59227402,-0.5524711,-0.43468086,-0.36133998,0.082917777,0.45723526,-0.26003227,-0.12380238,-0.40492305,-0.095274689,-0.098467123,-0.15651672,0.0028598082,-0.25783836,-0.052096015,-0.067768866,0.013073255,-0.017317636,-0.084927891,0.076387314,-0.069035981,-0.00011389172,-0.010500579,4.7754293e-05,-0.0437389,-0.058643072,0.061833113,0.036622876,-0.11490681,-0.066118742,-0.034336159,-0.071273817,0.089677569,0.010324247,-0.0428,-0.012399487,-0.0291901,-0.055270506,-0.022078662,1.7463514,0.17174761,-0.57047368,-0.45996866,-0.062293433,-0.10372664,-0.0034227296,-0.016610793,-0.29412562,-0.072413743,-0.01051061,-0.085902558,-0.092386196,-0.12523559,-0.0046016344,0.087940182,0.08724071,0.062681971,-0.041814285,0.033412449,-0.0089930871,0.051415526,-0.13615979,-0.039385235,-0.046115844,-0.025646201,-0.077140088,-0.062964022,-0.14131721,-0.205113,1.0137478,1.0613541,-3.0509723,0.013369413,-0.19876896,-0.69520746,-0.52132919,-0.59848719,0.48092582,0.25409976,0.14563333,0.068294342,0.069091885,0.16040447,3.0098572,0.32779892,2.6398615,0.44902718,0.11165262,0.3877863
2025-09-08 16:45:00,1.0577517,1.0470869,1.0010315,1.0162402,1.0258354,1.0523336,1.0468905,1.0718988,1.0580448,1.0499045,1.0649576,1.0575565,1.0212208,1.0242645,1.1972122,0.60150961,0.53305979,0.47423249,0.31927102,-0.11681827,-0.47754073,0.24022604,0.1145008,0.40467797,0.079349964,0.085055265,0.15387804,-0.0023940343,0.26156305,0.053492587,0.1118624,-0.066585198,-0.0017655513,0.068150066,-0.036515789,0.043669506,-0.0082749639,0.0079492305,0.014802163,0.068269507,0.12820332,-0.03955638,0.028176783,0.12240299,0.027048307,0.036079132,0.092753496,-0.093975085,0.015432124,0.025990674,0.067718273,-0.016394516,-0.0027716575,0.029047795,-1.1969416,-0.56747702,-0.4901337,-0.44033964,-0.3465921,0.071395796,0.46938121,-0.25536795,-0.14686374,-0.3528356,-0.052760408,-0.069626214,-0.15139531,0.025857745,-0.25267226,-0.034039372,-0.063263507,0.038346985,-0.013993463,-0.08228514,0.059578095,-0.034261866,-0.0055999733,0.0021825017,-0.003602965,-0.035778766,-0.10190738,0.055406531,0.015982728,-0.12601636,-0.031016907,-0.044252258,-0.050161362,0.058571269,-0.030731933,-0.042241547,0.006495486,0.0029188524,-0.0073850491,0.00018113511,1.7899348,0.2118549,-0.62607871,-0.42412782,-0.058854167,-0.087093657,0.017624443,-0.011931889,-0.285641,-0.065920496,-0.032078369,-0.033108656,-0.11558993,-0.13271335,0.0028776609,0.11284087,0.054142024,0.0572356,-0.019093981,0.013935939,0.010771627,0.066204241,-0.13714815,-0.060096345,0.012316568,-0.021295308,-0.06785749,-0.033077594,-0.14289055,-0.20425446,1.0148476,1.0615511,-3.0550246,0.011934526,-0.2031587,-0.69810715,-0.51963671,-0.59916392,0.47705586,0.25496011,0.14548769,0.067947434,0.069504615,0.16288537,3.0121413,0.3380848,2.6378757,0.45016264,0.10945907,0.3871888
2025-09-08 16:50:00,1.0690746,1.0338776,1.0368127,1.0154493,1.0137675,1.0516444,1.0611859,1.0578562,1.040362,1.045218,1.0374863,1.0596534,1.0461254,1.0443003,1.1265414,0.60409102,0.48309123,0.43723663,0.33033499,-0.11437808,-0.43935393,0.256304,0.12503405,0.3875928,0.053449604,0.098405041,0.16628194,-0.010143004,0.28209333,0.042538997,0.089419424,0.0015042142,0.0007155426,0.043870426,-0.048622028,0.041020455,0.013076462,-0.015333667,0.0071570911,0.025401499,0.10060717,-0.025860167,0.031028535,0.17871661,0.056497154,0.030913045,0.051632485,-0.05804885,0.006892887,0.034923963,0.022312896,-0.011824387,-0.0035577152,0.038348111,-1.2083899,-0.61934315,-0.49963743,-0.46676376,-0.38553844,0.10472261,0.49808328,-0.25194236,-0.14282541,-0.35402033,-0.047891192,-0.097393002,-0.14773699,0.021231773,-0.22992842,-0.0470872,-0.061230402,0.042676038,-0.04085909,-0.068006073,0.062695843,-0.027487078,-0.0036550982,-0.020952924,-0.0093086021,-0.020998751,-0.10301914,0.019523834,-0.021909574,-0.15977068,0.0069019407,-0.051669835,-0.067939642,0.058810082,-0.0055859595,-0.072370603,-0.042548212,0.014668603,0.044373657,-0.00018848617,1.8251157,0.18822393,-0.60391157,-0.42422944,-0.07717402,-0.13842246,-0.0063594196,-0.0077532975,-0.25897824,-0.10989792,-0.037014849,-0.027881374,-0.14566268,-0.16327552,-0.009038246,0.10490303,0.024153941,0.032514942,-0.0056660861,0.033415784,-0.006410468,0.046754854,-0.17806444,-0.067338368,0.0040073158,-0.014472034,-0.072632259,-0.037526315,-0.14059138,-0.20682531,1.0175539,1.0590833,-3.0558604,0.012294488,-0.20426499,-0.69649496,-0.51739196,-0.59674782,0.4797338,0.2542244,0.14568389,0.067749651,0.068262628,0.16092847,3.0094411,0.33262106,2.6411293,0.44914749,0.1096075,0.38510946
2025-09-08 16:55:00,1.056246,1.0464152,1.0193775,1.0163192,1.0016472,1.0539443,1.0556817,1.0461392,1.0495703,1.0299143,1.03965,1.0481718,1.030443,1.0259154,1.2008315,0.62033036,0.49870657,0.47487459,0.37981368,-0.10187863,-0.48218004,0.25923256,0.14663806,0.43227659,0.089370172,0.050052592,0.21339175,0.0054246792,0.24836078,0.036435967,0.090048131,-0.045707012,0.029575325,0.042651819,-0.030217958,0.084799217,0.030826765,0.0024841027,0.043379848,0.029532996,0.13377314,-0.024878688,-0.012009399,0.16169502,0.0090871901,-0.018939266,0.085803449,-0.07402566,-0.028657545,0.046017161,0.041065728,-0.011258518,0.010549934,0.044494022,-1.1795323,-0.59047568,-0.51070456,-0.45367231,-0.36146108,0.11239646,0.51797872,-0.23483435,-0.13876495,-0.36760422,-0.063329049,-0.073783855,-0.15352351,0.036717517,-0.28940804,-0.0037833976,-0.085988669,-0.0043330511,-0.030741549,-0.044047099,0.093488918,0.0057918193,0.0098872445,0.0095611201,-0.05496009,-0.019291072,-0.12090097,0.0098611355,0.0059029412,-0.14278486,0.0010610142,-0.024398822,-0.052675382,0.046170052,-0.0023792146,-0.015525913,-0.023213357,0.028536735,-0.0012822491,-0.0004882711,1.7992801,0.16692728,-0.60369295,-0.39918746,-0.053884285,-0.079222948,0.0041841586,0.0094338877,-0.30051245,-0.1009793,-0.01817415,-0.062991112,-0.12516994,-0.12414385,0.0012729836,0.038034723,0.068222722,0.038061541,-0.0061762865,0.0009018697,0.01497749,0.070833492,-0.12951399,-0.063506049,-0.036360082,-0.0043679046,-0.058980907,-0.051337276,-0.14188627,-0.2074008,1.0168866,1.0600037,-3.0541279,0.012771223,-0.20361183,-0.70014532,-0.52240516,-0.60394561,0.48085539,0.2549055,0.1455027,0.066490825,0.068969508,0.16105743,3.0125537,0.33872967,2.6420071,0.45023772,0.10930562,0.38701376
2025-09-08 17:00:00,1.0681982,1.0328302,1.0106373,1.0184181,0.99056669,1.0613484,1.0471662,1.0799621,1.0381162,1.0433602,1.0525571,1.0428915,1.0394792,1.0260291,1.1888294,0.59052144,0.51329333,0.47836172,0.34171614,-0.095890818,-0.47533362,0.235806,0.13527843,0.38582222,0.047366816,0.050671999,0.16543238,-0.027994111,0.22653009,0.093919928,0.078012315,-0.0038956064,0.00060418425,0.068952428,-0.062447956,0.047096486,0.036364813,0.0050778208,0.04546691,0.024528369,0.088983144,-0.064146097,0.0036720132,0.14887664,0.037259831,0.007379905,0.053322607,-0.062062058,0.067369924,0.061178589,0.043292812,-0.0051664552,0.023536961,0.013790176,-1.1715159,-0.58748684,-0.55842618,-0.46160693,-0.36754068,0.12735899,0.45354205,-0.24978099,-0.13433227,-0.3939431,-0.019138015,-0.034231008,-0.17380848,-0.033263329,-0.27967337,-0.035992615,-0.093877939,0.032799313,-0.045464096,-0.030515257,0.079257815,-0.013440266,-0.010280401,0.026019858,-0.04239976,-0.065716239,-0.11241121,0.082568795,-0.033500696,-0.11077985,-0.044671687,-0.03202987,-0.05913435,0.026706258,-0.03650283,-0.020635042,-0.015349377,0.022906172,-0.027049778,-0.056501008,1.7862039,0.17923262,-0.59433348,-0.42665526,-0.063938068,-0.096109633,-0.031411186,-0.0041074439,-0.23873572,-0.084894716,-0.027404272,-0.026433923,-0.099603882,-0.15210701,-0.021552845,0.093525689,0.0241009,0.028516731,-0.045975829,-0.00020859793,-0.010566123,0.05374142,-0.19380591,-0.036772034,-0.028309846,0.0081164779,-0.037547832,-0.052190384,-0.13887768,-0.20738762,1.0177215,1.0592376,-3.0536473,0.012293607,-0.20480126,-0.71365376,-0.52131547,-0.60141496,0.48009417,0.25317384,0.14454546,0.067678207,0.069998036,0.1634827,3.0132705,0.34094382,2.6409356,0.44905421,0.10938173,0.38949865
