timestamp,vm_bus_1,vm_bus_2,vm_bus_3,vm_bus_4,vm_bus_5,vm_bus_6,vm_bus_7,vm_bus_8,vm_bus_9,vm_bus_10,vm_bus_11,vm_bus_12,vm_bus_13,vm_bus_14,pf_f_1,pf_f_2,pf_f_3,pf_f_4,pf_f_5,pf_f_6,pf_f_7,pf_f_8,pf_f_9,pf_f_10,pf_f_11,pf_f_12,pf_f_13,pf_f_14,pf_f_15,pf_f_16,pf_f_17,pf_f_18,pf_f_19,pf_f_20,qf_f_1,qf_f_2,qf_f_3,qf_f_4,qf_f_5,qf_f_6,qf_f_7,qf_f_8,qf_f_9,qf_f_10,qf_f_11,qf_f_12,qf_f_13,qf_f_14,qf_f_15,qf_f_16,qf_f_17,qf_f_18,qf_f_19,qf_f_20,pt_t_1,pt_t_2,pt_t_3,pt_t_4,pt_t_5,pt_t_6,pt_t_7,pt_t_8,pt_t_9,pt_t_10,pt_t_11,pt_t_12,pt_t_13,pt_t_14,pt_t_15,pt_t_16,pt_t_17,pt_t_18,pt_t_19,pt_t_20,qt_t_1,qt_t_2,qt_t_3,qt_t_4,qt_t_5,qt_t_6,qt_t_7,qt_t_8,qt_t_9,qt_t_10,qt_t_11,qt_t_12,qt_t_13,qt_t_14,qt_t_15,qt_t_16,qt_t_17,qt_t_18,qt_t_19,qt_t_20,p_inj_bus_1,p_inj_bus_2,p_inj_bus_3,p_inj_bus_4,p_inj_bus_5,p_inj_bus_6,p_inj_bus_7,p_inj_bus_8,p_inj_bus_9,p_inj_bus_10,p_inj_bus_11,p_inj_bus_12,p_inj_bus_13,p_inj_bus_14,q_inj_bus_1,q_inj_bus_2,q_inj_bus_3,q_inj_bus_4,q_inj_bus_5,q_inj_bus_6,q_inj_bus_7,q_inj_bus_8,q_inj_bus_9,q_inj_bus_10,q_inj_bus_11,q_inj_bus_12,q_inj_bus_13,q_inj_bus_14,pmu_va_bus_4,pmu_va_bus_6,pmu_vm_bus_4,pmu_vm_bus_6,if_ang_br_7,if_ang_br_8,if_ang_br_9,if_ang_br_11,if_ang_br_12,if_ang_br_13,if_mag_br_7,if_mag_br_8,if_mag_br_9,if_mag_br_11,if_mag_br_12,if_mag_br_13,it_ang_br_4,it_ang_br_6,it_ang_br_10,it_mag_br_4,it_mag_br_6,it_mag_br_10
2025/09/08 09:05,1.0585860013961792,1.0429699420928955,1.0171078443527222,1.0181589126586914,1.02102792263031,1.060653567314148,1.0513460636138916,1.0597609281539917,1.0529141426086426,1.048004388809204,1.0511308908462524,1.0479629039764404,1.0430984497070312,1.0344511270523071,1.1841177940368652,0.5771108269691467,0.561279296875,0.4370943307876587,0.32187551259994507,-0.16954010725021362,-0.4741823971271515,0.2219659984111786,0.12578247487545013,0.3440970480442047,0.057224396616220474,0.0609806627035141,0.139118954539299,9.975294233299792e-05,0.21944817900657654,0.04099343344569206,0.07555337995290756,-0.028890276327729225,0.012625105679035187,0.042349331080913544,-0.05133522301912308,0.051186587661504745,0.00967597309499979,-0.012224563397467136,0.011670968495309353,0.04106463864445686,0.11598065495491028,-0.043916255235672,0.005102227907627821,0.16550728678703308,0.022723061963915825,0.019446248188614845,0.05485183373093605,-0.052053164690732956,-0.0003811106435023248,0.04026206582784653,0.032486919313669205,-0.006044758949428797,0.006629736628383398,0.011272946372628212,-1.154974102973938,-0.5589725375175476,-0.5503108501434326,-0.42356163263320923,-0.3200299143791199,0.1745709627866745,0.4758431613445282,-0.22115428745746613,-0.13179484009742737,-0.3448489010334015,-0.05550268292427063,-0.06209674850106239,-0.13757681846618652,0.0009481381857767701,-0.21851956844329834,-0.04308915510773659,-0.07117172330617905,0.02738857828080654,-0.014135438948869705,-0.04097932577133179,0.06594643741846085,-0.03780708834528923,0.0007655650842934847,0.0055032698437571526,-0.029970109462738037,-0.05213313177227974,-0.10817380249500275,0.050075121223926544,0.004111010581254959,-0.13224491477012634,-0.02240299992263317,-0.018009789288043976,-0.05052544176578522,0.05094122514128685,0.0050039435736835,-0.03833770006895065,-0.0299605131149292,0.007729562930762768,-0.00465336162596941,-0.007315481547266245,1.7642340660095215,0.16961173713207245,-0.719792902469635,-0.3770168423652649,-0.058816246688365936,-0.08688180148601532,0.00024409746401943266,0.0014849859289824963,-0.2295367568731308,-0.07177755236625671,-0.02597213350236416,-0.047484200447797775,-0.10612979531288147,-0.11678784340620041,0.0001111885067075491,0.07651489228010178,0.044475797563791275,0.03204239532351494,-0.013866004534065723,-0.03899521380662918,0.0011178767308592796,0.05120808631181717,-0.13079358637332916,-0.044783130288124084,-0.013645762577652931,-0.014938142150640488,-0.044176649302244186,-0.03971445560455322,-0.13692735135555267,-0.19074302911758423,1.0187342166900635,1.0599374771118164,-3.0372676849365234,0.0538153275847435,-0.16673938930034637,-0.5707558989524841,-0.49160799384117126,-0.5605810284614563,0.48230671882629395,0.22098736464977264,0.12529481947422028,0.057284414768218994,0.060361627489328384,0.14058591425418854,3.0188848972320557,0.15889832377433777,2.5816166400909424,0.42025282979011536,0.1802796572446823,0.34864550828933716
2025/09/08 09:10,1.0588037967681885,1.0428776741027832,1.0168609619140625,1.0181753635406494,1.021237850189209,1.0609606504440308,1.0512644052505493,1.0598275661468506,1.0529979467391968,1.0482590198516846,1.0511598587036133,1.0479180812835693,1.0434964895248413,1.0343544483184814,1.1842734813690186,0.5778634548187256,0.5618124604225159,0.4376285970211029,0.32308849692344666,-0.17085331678390503,-0.47387903928756714,0.22174054384231567,0.12484393268823624,0.34272241592407227,0.057548440992832184,0.060391299426555634,0.139210507273674,-0.0003403459268156439,0.22006942331790924,0.04038664698600769,0.07516228407621384,-0.02746586501598358,0.01192400697618723,0.041404131799936295,-0.050969768315553665,0.05099288374185562,0.008575987070798874,-0.011550313793122768,0.011743218638002872,0.041825346648693085,0.1151515394449234,-0.04410170391201973,0.004370278678834438,0.1647283285856247,0.021623726934194565,0.019357992336153984,0.05427508056163788,-0.05227888748049736,-0.0010103429667651653,0.04072432965040207,0.032629359513521194,-0.006256333086639643,0.006033197045326233,0.010399095714092255,-1.1564494371414185,-0.5592644810676575,-0.549582839012146,-0.4243948459625244,-0.31904658675193787,0.173427551984787,0.4756489098072052,-0.22074396908283234,-0.13280341029167175,-0.34473130106925964,-0.05522434413433075,-0.06205675005912781,-0.13676908612251282,0.0012497808784246445,-0.21981535851955414,-0.0421782061457634,-0.07082322239875793,0.027055546641349792,-0.013944701291620731,-0.04166160896420479,0.06578484922647476,-0.03753677383065224,0.0015778071247041225,0.005370809230953455,-0.029998084530234337,-0.052456606179475784,-0.10759101808071136,0.05002347379922867,0.0035635021049529314,-0.13197357952594757,-0.02217652089893818,-0.01720246858894825,-0.05011606588959694,0.05274201184511185,0.0044363415800035,-0.037971582263708115,-0.030095163732767105,0.007367135025560856,-0.004322826862335205,-0.008641421794891357,1.7644916772842407,0.16994962096214294,-0.718047022819519,-0.37744057178497314,-0.05880624055862427,-0.087809719145298,-0.0002626508357934654,0.000901398656424135,-0.22829687595367432,-0.07317838072776794,-0.02632639743387699,-0.04751067981123924,-0.10634968429803848,-0.11797373741865158,-0.0009736851206980646,0.07633071392774582,0.04478855058550835,0.0335191935300827,-0.01304576825350523,-0.03965020179748535,0.0011145330499857664,0.050887368619441986,-0.13034382462501526,-0.0454133115708828,-0.013813501223921776,-0.015232054516673088,-0.044352151453495026,-0.03945963829755783,-0.1371273398399353,-0.1901615411043167,1.0187538862228394,1.0599716901779175,-3.0379884243011475,0.054964419454336166,-0.16623426973819733,-0.5680570602416992,-0.4919731318950653,-0.5608583092689514,0.4831254184246063,0.22121602296829224,0.12543931603431702,0.05727798119187355,0.06013272702693939,0.14038512110710144,3.0188286304473877,0.15954351425170898,2.5821518898010254,0.4210335910320282,0.17982901632785797,0.34767216444015503
2025/09/08 09:15,1.058802843093872,1.0424450635910034,1.0169665813446045,1.0183261632919312,1.0214570760726929,1.060619831085205,1.051355004310608,1.0607253313064575,1.0523353815078735,1.0485368967056274,1.0515764951705933,1.049004077911377,1.043779730796814,1.034208059310913,1.183416724205017,0.5763955116271973,0.562050461769104,0.4380619525909424,0.32246848940849304,-0.16975267231464386,-0.4727262556552887,0.22154559195041656,0.1261492371559143,0.343086302280426,0.057006243616342545,0.06196777522563934,0.13987481594085693,-0.0005493778735399246,0.21957239508628845,0.03935188427567482,0.07528708130121231,-0.028068775311112404,0.012448943220078945,0.04243030399084091,-0.05016462132334709,0.05230864882469177,0.009198971092700958,-0.011879866942763329,0.013473027385771275,0.042374227195978165,0.11635179817676544,-0.04414534568786621,0.0061430782079696655,0.1640254408121109,0.02237625978887081,0.01901501603424549,0.05391502380371094,-0.05152276158332825,-0.0010601874673739076,0.0397963710129261,0.03278128802776337,-0.006126641295850277,0.005417596083134413,0.010636688210070133,-1.1587668657302856,-0.5604177713394165,-0.5513680577278137,-0.42366480827331543,-0.3197742700576782,0.17450730502605438,0.47504231333732605,-0.22035935521125793,-0.13148030638694763,-0.34471431374549866,-0.0554979145526886,-0.06230895221233368,-0.13547946512699127,0.00019749003695324063,-0.2206883579492569,-0.04314638301730156,-0.07001957297325134,0.027137985453009605,-0.013676248490810394,-0.041734352707862854,0.06691192835569382,-0.03919420763850212,0.0006352547788992524,0.005039131734520197,-0.029770733788609505,-0.05230768397450447,-0.1088908463716507,0.050172027200460434,0.002752464497461915,-0.13108929991722107,-0.022238219156861305,-0.01773303747177124,-0.050963394343853,0.05303988605737686,0.004514455795288086,-0.038115955889225006,-0.03013199009001255,0.007556761149317026,-0.0034899029415100813,-0.008626887574791908,1.76620614528656,0.1699405163526535,-0.7203647494316101,-0.3774409890174866,-0.05908584222197533,-0.08621920645236969,0.00029757744050584733,0.00033082003938034177,-0.22811555862426758,-0.07200182974338531,-0.026265151798725128,-0.048053089529275894,-0.10722346603870392,-0.11772079020738602,-3.421306610107422e-05,0.07773951441049576,0.04418066889047623,0.0329185351729393,-0.01270305272191763,-0.04052263870835304,0.0016489726258441806,0.05206780135631561,-0.13171932101249695,-0.04530574753880501,-0.013669824227690697,-0.015444866381585598,-0.044655680656433105,-0.03986005112528801,-0.13651087880134583,-0.19049490988254547,1.018837332725525,1.059916615486145,-3.03733229637146,0.054045531898736954,-0.16604603826999664,-0.5705150961875916,-0.49116888642311096,-0.5612163543701172,0.48278385400772095,0.2213427722454071,0.125329852104187,0.05734345316886902,0.060092926025390625,0.1406339704990387,3.018817901611328,0.1606476902961731,2.5817060470581055,0.41923248767852783,0.17983242869377136,0.3483429551124573
2025/09/08 09:20,1.058823823928833,1.0420565605163574,1.0168129205703735,1.0178682804107666,1.0213098526000977,1.060258388519287,1.0515761375427246,1.0596485137939453,1.0530471801757812,1.048179268836975,1.0512784719467163,1.0482542514801025,1.0441725254058838,1.0341792106628418,1.183867335319519,0.5782908201217651,0.5624931454658508,0.43638262152671814,0.32417938113212585,-0.16979962587356567,-0.47332343459129333,0.22255131602287292,0.12439446151256561,0.34327518939971924,0.05768910050392151,0.06177940219640732,0.13925589621067047,0.0009552918490953743,0.21994362771511078,0.040459875017404556,0.07488289475440979,-0.028454648330807686,0.013302769511938095,0.0418635830283165,-0.05252394825220108,0.05216222256422043,0.010055635124444962,-0.011841021478176117,0.013870684430003166,0.043241389095783234,0.11667010933160782,-0.043745528906583786,0.00531344348564744,0.16511105000972748,0.02253992110490799,0.01871667616069317,0.054358549416065216,-0.05291479825973511,-0.0007399775786325336,0.04025658592581749,0.03274893760681152,-0.00580196687951684,0.0055489325895905495,0.01142244040966034,-1.158324956893921,-0.5602086782455444,-0.5526410341262817,-0.42522671818733215,-0.3175605535507202,0.17309905588626862,0.4749891757965088,-0.22163863480091095,-0.13132807612419128,-0.3418118953704834,-0.05538257583975792,-0.06104099750518799,-0.13570351898670197,0.0010287922341376543,-0.21941575407981873,-0.042135003954172134,-0.07152412831783295,0.027000464498996735,-0.013905470259487629,-0.04121962562203407,0.06491763889789581,-0.037646085023880005,0.0006932852556928992,0.005808788351714611,-0.029668200761079788,-0.05154895782470703,-0.10753723233938217,0.051977869123220444,0.003757201135158539,-0.13257738947868347,-0.022980354726314545,-0.017676373943686485,-0.05099520832300186,0.05297905206680298,0.004947059787809849,-0.037739984691143036,-0.029447657987475395,0.008181479759514332,-0.004555877298116684,-0.007351182866841555,1.7660726308822632,0.1697595864534378,-0.7199748158454895,-0.37543439865112305,-0.059177838265895844,-0.0859910100698471,-0.00017241353634744883,0.0011534583754837513,-0.22808963060379028,-0.07078205049037933,-0.0263987947255373,-0.04827411472797394,-0.10530202835798264,-0.11868232488632202,-0.0004494527238421142,0.07555173337459564,0.0450841560959816,0.0318438783288002,-0.013283533975481987,-0.0409717932343483,0.0015214323066174984,0.050860438495874405,-0.13031212985515594,-0.04478732869029045,-0.012942477129399776,-0.015276147052645683,-0.04385077953338623,-0.04054136574268341,-0.13687540590763092,-0.19045965373516083,1.0187848806381226,1.0599948167800903,-3.037844657897949,0.05336710438132286,-0.1661701798439026,-0.5676114559173584,-0.4919883906841278,-0.5606359243392944,0.48346754908561707,0.2214503437280655,0.1255384236574173,0.05743664130568504,0.06015157699584961,0.1405063271522522,3.0188181400299072,0.15980757772922516,2.5807411670684814,0.4201452136039734,0.17954353988170624,0.3480939269065857
2025/09/08 09:25,1.0590060949325562,1.0426650047302246,1.0169060230255127,1.0190213918685913,1.0206717252731323,1.0601273775100708,1.0508058071136475,1.0600844621658325,1.0530589818954468,1.0477135181427002,1.051558494567871,1.0482447147369385,1.0434703826904297,1.03402841091156,1.1841261386871338,0.5784807205200195,0.5613197088241577,0.43681538105010986,0.3229263424873352,-0.17052972316741943,-0.4747045934200287,0.2223179191350937,0.12538617849349976,0.3439143896102905,0.05807148292660713,0.06351261585950851,0.14000485837459564,0.001421604072675109,0.21902823448181152,0.04079093784093857,0.07582642883062363,-0.02891731821000576,0.011534017510712147,0.042336203157901764,-0.0516367144882679,0.05117247998714447,0.009868361055850983,-0.011511921882629395,0.012905624695122242,0.04210171103477478,0.11587750911712646,-0.04475643113255501,0.004853685852140188,0.16468040645122528,0.021885016933083534,0.01926102302968502,0.05449845641851425,-0.05160880088806152,-0.001695957500487566,0.03990061581134796,0.03189067915081978,-0.005692214239388704,0.00558084063231945,0.010929293930530548,-1.1574360132217407,-0.5606224536895752,-0.5486142039299011,-0.42530158162117004,-0.319314181804657,0.17414608597755432,0.4752333462238312,-0.2225654572248459,-0.13195708394050598,-0.34378233551979065,-0.055364448577165604,-0.062292296439409256,-0.13645075261592865,0.0007312718080356717,-0.21967080235481262,-0.04187445715069771,-0.07022099941968918,0.02657783031463623,-0.014785327948629856,-0.041877005249261856,0.06566203385591507,-0.03881021589040756,0.00019232014892622828,0.006348503287881613,-0.030764587223529816,-0.05288269370794296,-0.10746908187866211,0.05030842497944832,0.0033846457954496145,-0.13309931755065918,-0.02258828654885292,-0.017167922109365463,-0.051453541964292526,0.05297820270061493,0.0041801040060818195,-0.03703870251774788,-0.030229194089770317,0.007297308649867773,-0.005491996183991432,-0.007851625792682171,1.766672134399414,0.16983410716056824,-0.7189850211143494,-0.37593555450439453,-0.058833327144384384,-0.08701502531766891,1.229182817041874e-05,0.0010492734145373106,-0.22938530147075653,-0.07279747724533081,-0.027041882276535034,-0.04775210842490196,-0.10561513155698776,-0.11742393672466278,-0.0003137888852506876,0.07598530501127243,0.04441029950976372,0.034223396331071854,-0.013081776909530163,-0.038881056010723114,0.0017120010452345014,0.051209673285484314,-0.13026468455791473,-0.04540303722023964,-0.01372923981398344,-0.014605015516281128,-0.045148417353630066,-0.04062754660844803,-0.1368774026632309,-0.19091393053531647,1.0187815427780151,1.0599398612976074,-3.037808656692505,0.0545547716319561,-0.16629675030708313,-0.5692306160926819,-0.4910849928855896,-0.5603991150856018,0.4829881191253662,0.22179245948791504,0.1256527602672577,0.057317472994327545,0.060105688869953156,0.14030961692333221,3.0187137126922607,0.16010765731334686,2.581735372543335,0.4204794466495514,0.18003270030021667,0.3483316898345947
2025/09/08 09:30,1.0589090585708618,1.0430161952972412,1.016842246055603,1.0185215473175049,1.0213669538497925,1.0606942176818848,1.0514603853225708,1.060144066810608,1.053097128868103,1.0483437776565552,1.0515486001968384,1.048624873161316,1.0438703298568726,1.035006046295166,1.1802343130111694,0.577972948551178,0.5610922574996948,0.4370248317718506,0.3238482177257538,-0.17007045447826385,-0.47391998767852783,0.2218676060438156,0.1252286583185196,0.34179654717445374,0.058327898383140564,0.06091628968715668,0.13957373797893524,-0.0005656914436258376,0.22018440067768097,0.041370194405317307,0.07488349825143814,-0.02892584726214409,0.01271821092814207,0.04144793376326561,-0.051443617790937424,0.05243472754955292,0.010629367083311081,-0.01143988873809576,0.01294258888810873,0.042651690542697906,0.11657918989658356,-0.045016176998615265,0.005981731228530407,0.16452516615390778,0.022208308801054955,0.018220767378807068,0.05407292768359184,-0.05217164009809494,-0.0005840015946887434,0.04031512886285782,0.032639481127262115,-0.0063383979722857475,0.006225277669727802,0.010509018786251545,-1.1542048454284668,-0.559951901435852,-0.5497292280197144,-0.4258398711681366,-0.3176395297050476,0.17465725541114807,0.4754677712917328,-0.22278745472431183,-0.13137966394424438,-0.3432329595088959,-0.05593305081129074,-0.06202525645494461,-0.13558581471443176,0.0006201741634868085,-0.21955499053001404,-0.04219651594758034,-0.07200542837381363,0.027782954275608063,-0.014102268032729626,-0.0411551371216774,0.0652114525437355,-0.03909102454781532,-0.00013833283446729183,0.007537578232586384,-0.03045998141169548,-0.052579715847969055,-0.10876429080963135,0.05097762495279312,0.003932970575988293,-0.1336180418729782,-0.023141521960496902,-0.0183746125549078,-0.05042232573032379,0.05284220352768898,0.004217537585645914,-0.03793595731258392,-0.030452299863100052,0.006817230489104986,-0.004526109900325537,-0.00747236143797636,1.7654153108596802,0.16919957101345062,-0.7197041511535645,-0.3765207529067993,-0.059801384806632996,-0.08698856085538864,0.00025759561685845256,0.0010126337874680758,-0.228843092918396,-0.07228203862905502,-0.027706220746040344,-0.047914233058691025,-0.10601520538330078,-0.11782195419073105,-0.00037439289735630155,0.07758338749408722,0.04386095330119133,0.03259681910276413,-0.013093153014779091,-0.04133773222565651,0.0014054375933483243,0.05207987129688263,-0.130966454744339,-0.04581919312477112,-0.013848339207470417,-0.014812353998422623,-0.04375115782022476,-0.04131149500608444,-0.13704469799995422,-0.18990471959114075,1.0188924074172974,1.059962272644043,-3.037489652633667,0.054110657423734665,-0.16622354090213776,-0.5718861818313599,-0.49086645245552063,-0.5596887469291687,0.48251569271087646,0.22128893435001373,0.12537091970443726,0.0573798269033432,0.06009301170706749,0.14049072563648224,3.0188653469085693,0.1604258269071579,2.5826632976531982,0.4198726713657379,0.17988359928131104,0.3472718596458435
2025/09/08 09:35,1.059140920639038,1.0425055027008057,1.016925573348999,1.018520712852478,1.0208312273025513,1.0606069564819336,1.0507837533950806,1.0600512027740479,1.0524096488952637,1.0481499433517456,1.05128014087677,1.0480393171310425,1.0446120500564575,1.0343159437179565,1.1817744970321655,0.5793176889419556,0.5641785264015198,0.435558021068573,0.3228866755962372,-0.1698700487613678,-0.4720248281955719,0.22396472096443176,0.12548193335533142,0.3447943329811096,0.05696995556354523,0.061685048043727875,0.1395968198776245,-0.0007039099582470953,0.22123029828071594,0.03953562304377556,0.07460783421993256,-0.02759682387113571,0.011354107409715652,0.04156320169568062,-0.051012925803661346,0.05272882431745529,0.010013445280492306,-0.01217946782708168,0.011993879452347755,0.041861195117235184,0.1162480041384697,-0.04385638236999512,0.003447075840085745,0.16541415452957153,0.022722218185663223,0.018824245780706406,0.05434860289096832,-0.05265556275844574,-0.001174616627395153,0.041017454117536545,0.03251011297106743,-0.006199301686137915,0.006307083182036877,0.01082898210734129,-1.156497597694397,-0.5591179728507996,-0.551330029964447,-0.4247052073478699,-0.3191937208175659,0.17413225769996643,0.4759504199028015,-0.2216077446937561,-0.1302925944328308,-0.3430870771408081,-0.05465994030237198,-0.06162416934967041,-0.13719482719898224,0.0015028314664959908,-0.22111962735652924,-0.04163457453250885,-0.07177844643592834,0.02732689678668976,-0.013587657362222672,-0.040923114866018295,0.06437263637781143,-0.03837750479578972,0.00157131627202034,0.0050856489688158035,-0.028665617108345032,-0.05117878317832947,-0.10756449401378632,0.04994083195924759,0.0035460120998322964,-0.13349083065986633,-0.02217661216855049,-0.01687827706336975,-0.04916396364569664,0.05195600166916847,0.004234996158629656,-0.03863015025854111,-0.030270911753177643,0.006744907703250647,-0.0045922985300421715,-0.008806954137980938,1.7660422325134277,0.1701001673936844,-0.7188430428504944,-0.3777407705783844,-0.058367110788822174,-0.08770382404327393,-1.7791753634810448e-05,0.0006781996926292777,-0.22868815064430237,-0.07107345759868622,-0.026489466428756714,-0.047378309071063995,-0.10725659132003784,-0.11692977696657181,0.000657225726172328,0.07563512027263641,0.04504653811454773,0.03344244882464409,-0.012388587929308414,-0.04141838848590851,0.0008882136316969991,0.05129286274313927,-0.13030655682086945,-0.044347576797008514,-0.013801747933030128,-0.015089193359017372,-0.044458020478487015,-0.04011305794119835,-0.13715428113937378,-0.19033508002758026,1.0187838077545166,1.059949278831482,-3.0375242233276367,0.054032135754823685,-0.16584043204784393,-0.570466935634613,-0.4915577471256256,-0.559104323387146,0.483293741941452,0.22096200287342072,0.12502069771289825,0.05753903463482857,0.060170192271471024,0.14019018411636353,3.0188565254211426,0.16010546684265137,2.5836572647094727,0.4217718541622162,0.17982590198516846,0.34891024231910706
2025/09/08 09:40,1.0587626695632935,1.0425338745117188,1.0166558027267456,1.0186799764633179,1.0210622549057007,1.0601824522018433,1.0510283708572388,1.060128092765808,1.0528326034545898,1.0474823713302612,1.0518642663955688,1.0479872226715088,1.0437102317810059,1.0342470407485962,1.1827186346054077,0.576873779296875,0.5608655214309692,0.4365859925746918,0.32265323400497437,-0.16867537796497345,-0.4736669063568115,0.22221586108207703,0.12580543756484985,0.34514081478118896,0.05885007232427597,0.060630232095718384,0.1388562023639679,-0.0005455976934172213,0.21876253187656403,0.04038748890161514,0.07392250001430511,-0.028065722435712814,0.011907882057130337,0.04108469560742378,-0.05098412185907364,0.05144619569182396,0.009252248331904411,-0.010854537598788738,0.013388527557253838,0.042226336896419525,0.11671866476535797,-0.044574134051799774,0.005188958253711462,0.16461755335330963,0.02231624722480774,0.0193747840821743,0.05375919118523598,-0.052142903208732605,-0.0014721120242029428,0.04020232334733009,0.031024819239974022,-0.005661309696733952,0.00588957266882062,0.01048475131392479,-1.157413363456726,-0.5602846145629883,-0.5503323674201965,-0.42388594150543213,-0.3184904158115387,0.17403854429721832,0.47413370013237,-0.22028666734695435,-0.13179105520248413,-0.3427513539791107,-0.05556313693523407,-0.061781689524650574,-0.13643258810043335,0.00036916398676112294,-0.21982035040855408,-0.041890498250722885,-0.07060679793357849,0.02725452184677124,-0.01372077502310276,-0.04191409423947334,0.065320685505867,-0.03750152140855789,-0.000181140610948205,0.005056331399828196,-0.029314367100596428,-0.05309266597032547,-0.10767367482185364,0.050063010305166245,0.003704777918756008,-0.1324824094772339,-0.022443026304244995,-0.017947588115930557,-0.05196984112262726,0.05239798501133919,0.003702511079609394,-0.03744617849588394,-0.029911620542407036,0.008612864650785923,-0.004886425565928221,-0.0076609705574810505,1.7661741971969604,0.1702786237001419,-0.7192030549049377,-0.376996785402298,-0.0585668720304966,-0.08718885481357574,0.0003316621296107769,0.0009582517668604851,-0.22826175391674042,-0.07216519117355347,-0.026617608964443207,-0.047854434698820114,-0.10606159269809723,-0.11723253130912781,-0.001160886837169528,0.07548995316028595,0.04446987062692642,0.032915450632572174,-0.01335208397358656,-0.03777223825454712,0.0013543532695621252,0.0509958490729332,-0.13212579488754272,-0.04538582265377045,-0.013238192535936832,-0.014056993648409843,-0.044208161532878876,-0.040299564599990845,-0.13692541420459747,-0.190714031457901,1.0188113451004028,1.0599191188812256,-3.0379691123962402,0.053594920784235,-0.1659848541021347,-0.5708938241004944,-0.4915553033351898,-0.5598027110099792,0.48298168182373047,0.22122222185134888,0.1256868541240692,0.057341329753398895,0.06022270396351814,0.1404377520084381,3.0188100337982178,0.15875601768493652,2.581088066101074,0.42155343294143677,0.18015873432159424,0.34814000129699707
2025/09/08 09:45,1.0595413446426392,1.0424339771270752,1.0167702436447144,1.0192153453826904,1.0216472148895264,1.0601541996002197,1.0510820150375366,1.059746503829956,1.0529593229293823,1.0476926565170288,1.0517340898513794,1.0480972528457642,1.0432407855987549,1.0336804389953613,1.1828360557556152,0.5787708759307861,0.5620518326759338,0.4358789622783661,0.32329779863357544,-0.1689583659172058,-0.47294193506240845,0.22156380116939545,0.12584908306598663,0.344669371843338,0.05844162404537201,0.061882082372903824,0.14082922041416168,-0.0005956881796009839,0.21974322199821472,0.04153302684426308,0.07494237273931503,-0.02869572304189205,0.011684151366353035,0.040765225887298584,-0.05197857692837715,0.051455892622470856,0.009944070130586624,-0.012106286361813545,0.012416836805641651,0.043329183012247086,0.11633593589067459,-0.04528161510825157,0.004183882847428322,0.16530171036720276,0.021927544847130775,0.019525963813066483,0.054714154452085495,-0.05163975805044174,-0.001566748134791851,0.039450470358133316,0.03217395767569542,-0.005798277910798788,0.005361909046769142,0.010933925397694111,-1.154860496520996,-0.5601015686988831,-0.5503811836242676,-0.4246807396411896,-0.3177565038204193,0.17333808541297913,0.4732629656791687,-0.22163687646389008,-0.13019074499607086,-0.3422218859195709,-0.05583249405026436,-0.06237103417515755,-0.1361388862133026,0.0010815414134413004,-0.2209315448999405,-0.04244455695152283,-0.07120724767446518,0.02757049910724163,-0.01348869502544403,-0.04135531559586525,0.06501631438732147,-0.03818707540631294,0.0009427599725313485,0.0049643064849078655,-0.02934194728732109,-0.05203165486454964,-0.10721240937709808,0.04967810586094856,0.0029129867907613516,-0.13441143929958344,-0.02284776233136654,-0.017195289954543114,-0.0495692640542984,0.0527445450425148,0.0058304909616708755,-0.037259384989738464,-0.029802460223436356,0.007450255099684,-0.005638629663735628,-0.008915036916732788,1.7654070854187012,0.1709238886833191,-0.7179601192474365,-0.37644875049591064,-0.0601600743830204,-0.08750302344560623,-0.0001105142873711884,0.00060655566630885,-0.2288629114627838,-0.0720551609992981,-0.02802802063524723,-0.04766085743904114,-0.10562210530042648,-0.11770369112491608,0.00029130885377526283,0.07450103014707565,0.0443124994635582,0.03132636472582817,-0.01311814971268177,-0.0401063896715641,0.0020793697331100702,0.05082082375884056,-0.13062258064746857,-0.04578900709748268,-0.013649008236825466,-0.014163226820528507,-0.04364854097366333,-0.04158685728907585,-0.13699232041835785,-0.1906062215566635,1.0188452005386353,1.0599621534347534,-3.0376765727996826,0.054647330194711685,-0.1654110550880432,-0.5712404251098633,-0.49124568700790405,-0.5599319934844971,0.4831620752811432,0.22114475071430206,0.12555745244026184,0.05763596296310425,0.06005493924021721,0.14056287705898285,3.018941640853882,0.15919078886508942,2.58276629447937,0.420095831155777,0.17969278991222382,0.3482757806777954
2025/09/08 09:50,1.0588412284851074,1.0423775911331177,1.0171302556991577,1.0189164876937866,1.0205928087234497,1.0604006052017212,1.05131196975708,1.0602986812591553,1.0526537895202637,1.0476340055465698,1.0515785217285156,1.048571228981018,1.0435645580291748,1.033945083618164,1.1836904287338257,0.5776645541191101,0.5623320937156677,0.4352248013019562,0.32256942987442017,-0.17063254117965698,-0.4735802710056305,0.22140249609947205,0.1257956326007843,0.34356653690338135,0.05918017402291298,0.06085951626300812,0.14008109271526337,0.0008388119167648256,0.22076024115085602,0.040163084864616394,0.0746552124619484,-0.0286601260304451,0.012948579154908657,0.04108043015003204,-0.05194636806845665,0.05098816379904747,0.009279773570597172,-0.011239222250878811,0.012548796832561493,0.04192165657877922,0.11577066034078598,-0.04395361989736557,0.004907768685370684,0.1649589240550995,0.021793397143483162,0.019653867930173874,0.05404604226350784,-0.051323920488357544,-0.0010244802106171846,0.03911972790956497,0.03321808576583862,-0.005844602361321449,0.006786957383155823,0.010865084826946259,-1.1527310609817505,-0.5606333613395691,-0.5491823554039001,-0.4248908460140228,-0.31837618350982666,0.17344748973846436,0.4745655655860901,-0.2209789752960205,-0.130923792719841,-0.3426341116428375,-0.055060479789972305,-0.062195438891649246,-0.13713426887989044,0.002000202424824238,-0.21935689449310303,-0.04215078055858612,-0.07073599100112915,0.02669334039092064,-0.01362338662147522,-0.042177245020866394,0.06521055102348328,-0.037327684462070465,0.001450219308026135,0.005705834366381168,-0.029276670888066292,-0.051038093864917755,-0.1073518767952919,0.050491008907556534,0.0031168994028121233,-0.1334395408630371,-0.022840868681669235,-0.017016572877764702,-0.051130130887031555,0.052204493433237076,0.004866642411798239,-0.037257395684719086,-0.031240446493029594,0.00824958086013794,-0.004994427319616079,-0.007619795389473438,1.7655653953552246,0.16954737901687622,-0.7190024852752686,-0.3771948516368866,-0.05924803763628006,-0.0868425965309143,-0.0003162299981340766,0.00157404993660748,-0.2262033224105835,-0.07079153507947922,-0.02671084925532341,-0.04781933128833771,-0.10531523823738098,-0.11835718899965286,-0.0005273747374303639,0.07540693134069443,0.044800445437431335,0.031579505652189255,-0.013673847541213036,-0.03888151794672012,0.0018193551804870367,0.05029181018471718,-0.1299193948507309,-0.04594935476779938,-0.013080520555377007,-0.014849359169602394,-0.04324742406606674,-0.04063881188631058,-0.1371498554944992,-0.19012753665447235,1.0187877416610718,1.0598816871643066,-3.0371592044830322,0.05394510552287102,-0.16624602675437927,-0.5660209655761719,-0.49126818776130676,-0.561331033706665,0.48277392983436584,0.22122091054916382,0.12509426474571228,0.05747906118631363,0.06011149287223816,0.14018094539642334,3.0187888145446777,0.1586170196533203,2.5820534229278564,0.4208495616912842,0.17988011240959167,0.3474275767803192
2025/09/08 09:55,1.058804988861084,1.0427716970443726,1.0166653394699097,1.0183039903640747,1.0214216709136963,1.0605528354644775,1.0508800745010376,1.0599908828735352,1.0532788038253784,1.0479899644851685,1.0512949228286743,1.0479390621185303,1.0435549020767212,1.034523606300354,1.1825767755508423,0.5808229446411133,0.5614513754844666,0.4379802942276001,0.3241713345050812,-0.16885441541671753,-0.47333741188049316,0.2215072214603424,0.12653040885925293,0.34467607736587524,0.05856586992740631,0.060579702258110046,0.13873639702796936,0.00017325044609606266,0.21978870034217834,0.04108764976263046,0.07449207454919815,-0.028089366853237152,0.012479889206588268,0.04166993871331215,-0.05254387855529785,0.05065082758665085,0.01015892717987299,-0.010901365429162979,0.012602620758116245,0.04291103780269623,0.11642807722091675,-0.04389577731490135,0.00468276534229517,0.16393199563026428,0.02097313478589058,0.019655602052807808,0.05474132299423218,-0.05239520221948624,-0.0017758072353899479,0.04123823344707489,0.03237176686525345,-0.00651754904538393,0.0054419017396867275,0.012010054662823677,-1.1583425998687744,-0.5615926384925842,-0.5502856969833374,-0.42380794882774353,-0.31933361291885376,0.173811674118042,0.47498658299446106,-0.2216375172138214,-0.13207614421844482,-0.3445329964160919,-0.05532357469201088,-0.06256866455078125,-0.13545040786266327,0.002281266963109374,-0.2191133350133896,-0.04343092069029808,-0.07114257663488388,0.026696771383285522,-0.014027171768248081,-0.04199289157986641,0.06545659154653549,-0.03782261908054352,0.0018247191328555346,0.005189515184611082,-0.03106512315571308,-0.05274713784456253,-0.1072002500295639,0.049229688942432404,0.0028543714433908463,-0.1331857144832611,-0.022148190066218376,-0.017284629866480827,-0.05034243315458298,0.05198805406689644,0.004161421675235033,-0.03784872964024544,-0.030399877578020096,0.008478215895593166,-0.004609279800206423,-0.00673053041100502,1.766111135482788,0.17042209208011627,-0.7199874520301819,-0.37599310278892517,-0.05856205150485039,-0.0867747887969017,0.0006426361505873501,0.0007428196840919554,-0.22762665152549744,-0.07202868163585663,-0.02722851000726223,-0.04843766987323761,-0.10658571124076843,-0.11727596074342728,-0.000655296491459012,0.07623407244682312,0.04420451819896698,0.03197111934423447,-0.013234029524028301,-0.03886951133608818,0.001439456595107913,0.05147155746817589,-0.1315247267484665,-0.044974472373723984,-0.013247959315776825,-0.015300726518034935,-0.04454275965690613,-0.04074791446328163,-0.13708846271038055,-0.1909259557723999,1.0188348293304443,1.0599396228790283,-3.0385751724243164,0.053890734910964966,-0.16510657966136932,-0.5718056559562683,-0.49216991662979126,-0.5601411461830139,0.4837072789669037,0.22113098204135895,0.12516342103481293,0.05752241611480713,0.06024840846657753,0.14072860777378082,3.01890230178833,0.15891215205192566,2.5804331302642822,0.42065125703811646,0.17955999076366425,0.34834927320480347
2025/09/08 10:00,1.0599476099014282,1.0425759553909302,1.016299843788147,1.0179274082183838,1.0203181505203247,1.060508370399475,1.0514965057373047,1.0602084398269653,1.0489587783813477,1.0453450679779053,1.0502926111221313,1.0484708547592163,1.0441734790802002,1.0326789617538452,1.1949971914291382,0.5851402878761292,0.5670329928398132,0.447787344455719,0.3344283401966095,-0.16485370695590973,-0.477871298789978,0.22538885474205017,0.13181570172309875,0.3516792058944702,0.05850693956017494,0.060944974422454834,0.14110629260540009,-0.0002529046032577753,0.23001256585121155,0.042394962161779404,0.07811687141656876,-0.028803624212741852,0.011819811537861824,0.04555400088429451,-0.052741482853889465,0.05422557145357132,0.007908838801085949,-0.009737554006278515,0.011217622086405754,0.045192115008831024,0.11839327216148376,-0.04338586702942848,0.006623630411922932,0.1622389853000641,0.023932844400405884,0.020097017288208008,0.05577448382973671,-0.05435331165790558,0.0019965332467108965,0.03738924115896225,0.029189404100179672,-0.007963052950799465,0.006564844865351915,0.009648808278143406,-1.1684107780456543,-0.5699715614318848,-0.5494186282157898,-0.43658947944641113,-0.32806435227394104,0.16596485674381256,0.48128560185432434,-0.22979284822940826,-0.1308242529630661,-0.3535861074924469,-0.057757485657930374,-0.06346994638442993,-0.1423635482788086,-0.0004777409485541284,-0.22891400754451752,-0.04355727881193161,-0.07533253729343414,0.02972452901303768,-0.010835045017302036,-0.04374174773693085,0.07117480039596558,-0.03446332737803459,0.0009303129627369344,0.004495373927056789,-0.031240420415997505,-0.052518345415592194,-0.10701695829629898,0.053959377110004425,0.002512242179363966,-0.13281439244747162,-0.025079255923628807,-0.021402176469564438,-0.05478420853614807,0.0562451034784317,0.0011325280647724867,-0.035314835608005524,-0.030184675008058548,0.010191761888563633,-0.0037985460367053747,-0.010081029497087002,1.785659909248352,0.1747080385684967,-0.7115359902381897,-0.38937991857528687,-0.061695147305727005,-0.09072409570217133,-0.0009637611219659448,4.9567956011742353e-05,-0.24002504348754883,-0.07264246791601181,-0.028039611876010895,-0.05092712864279747,-0.10965725779533386,-0.12111645936965942,-0.0017842964734882116,0.08125658333301544,0.04884522035717964,0.031882476061582565,-0.013630814850330353,-0.029350033029913902,-0.0022054058499634266,0.05590212345123291,-0.13398662209510803,-0.047996435314416885,-0.014051541686058044,-0.013130702078342438,-0.04847245290875435,-0.03789111599326134,-0.13849115371704102,-0.19538986682891846,1.0180902481079102,1.060104489326477,-3.0418288707733154,0.043038126081228256,-0.17571860551834106,-0.6002330780029297,-0.49877843260765076,-0.568870484828949,0.48504188656806946,0.2285480797290802,0.130135178565979,0.060063086450099945,0.06234400346875191,0.1454186737537384,3.0175578594207764,0.1782391220331192,2.5966405868530273,0.4305885136127472,0.17482531070709229,0.3570161461830139
2025/09/08 10:05,1.0603207349777222,1.042197346687317,1.0159512758255005,1.0178453922271729,1.020485758781433,1.0606193542480469,1.0502592325210571,1.0601539611816406,1.0490986108779907,1.0460759401321411,1.0502368211746216,1.0484986305236816,1.044614315032959,1.0332181453704834,1.192522644996643,0.5863764882087708,0.5682860016822815,0.44933974742889404,0.3349345922470093,-0.16667619347572327,-0.4784323573112488,0.2257586121559143,0.13131286203861237,0.3523128032684326,0.057152844965457916,0.06139478459954262,0.14209063351154327,0.0005407349090091884,0.23071874678134918,0.04195756837725639,0.07795244455337524,-0.028556203469634056,0.011772315949201584,0.045635342597961426,-0.0529462993144989,0.054682258516550064,0.00860658660531044,-0.009592059068381786,0.01095922663807869,0.04636682569980621,0.11706142872571945,-0.04343646392226219,0.007017653435468674,0.16185157001018524,0.024125665426254272,0.018754659220576286,0.055658433586359024,-0.0551806204020977,0.0015353354392573237,0.037594087421894073,0.030107097700238228,-0.008733987808227539,0.007100322749465704,0.009848837740719318,-1.169540286064148,-0.5691959857940674,-0.5497048497200012,-0.43623119592666626,-0.3284655809402466,0.1673683077096939,0.48259371519088745,-0.2305697500705719,-0.13040947914123535,-0.35429421067237854,-0.0572461299598217,-0.06467758864164352,-0.14083053171634674,0.0001305675832554698,-0.22758848965168,-0.044193465262651443,-0.07629499584436417,0.03022117353975773,-0.009590965695679188,-0.04418112337589264,0.07047862559556961,-0.03470710664987564,0.0012700664810836315,0.005469861440360546,-0.030692987143993378,-0.05185722932219505,-0.10728524625301361,0.05346180498600006,0.003483143402263522,-0.13280974328517914,-0.02573734149336815,-0.020414551720023155,-0.05358230695128441,0.055076781660318375,0.0013650900218635798,-0.03649246692657471,-0.02960437349975109,0.00972362607717514,-0.0035212114453315735,-0.01161643210798502,1.7844114303588867,0.17503748834133148,-0.7121636271476746,-0.3893497586250305,-0.061320673674345016,-0.08977803587913513,-0.0010538394562900066,-0.001622196868993342,-0.23985348641872406,-0.07246722280979156,-0.029544197022914886,-0.05084211006760597,-0.10943464189767838,-0.12049594521522522,-0.0003616727190092206,0.08132437616586685,0.05061885342001915,0.03164668381214142,-0.012498400174081326,-0.031015906482934952,-0.003287893021479249,0.0556790865957737,-0.13345839083194733,-0.04751027002930641,-0.015416761860251427,-0.013674452900886536,-0.04822206124663353,-0.03968004509806633,-0.13863679766654968,-0.19511678814888,1.0181348323822021,1.060118317604065,-3.0417442321777344,0.043321654200553894,-0.17502646148204803,-0.6015400886535645,-0.4993600845336914,-0.5685904622077942,0.48516881465911865,0.228055939078331,0.13004976511001587,0.06000243127346039,0.0620984211564064,0.14515143632888794,3.017486333847046,0.18149861693382263,2.5965983867645264,0.4299239218235016,0.17503507435321808,0.3573971688747406
2025/09/08 10:10,1.0600053071975708,1.0426692962646484,1.0159642696380615,1.0182427167892456,1.0202713012695312,1.0600826740264893,1.0506306886672974,1.0597070455551147,1.0492780208587646,1.0458645820617676,1.0501021146774292,1.0476949214935303,1.0442363023757935,1.0326430797576904,1.1941652297973633,0.586954653263092,0.5658952593803406,0.44627872109413147,0.3358122408390045,-0.16405370831489563,-0.4774066209793091,0.22540415823459625,0.13255268335342407,0.35331350564956665,0.059134986251592636,0.06097505986690521,0.14151684939861298,0.0014179933350533247,0.23061902821063995,0.04224144294857979,0.07859551161527634,-0.028661254793405533,0.01111525297164917,0.044265203177928925,-0.05469343811273575,0.054490625858306885,0.008377344347536564,-0.008702024817466736,0.01162982452660799,0.046167973428964615,0.11784131824970245,-0.04392683878540993,0.0076710013672709465,0.16201235353946686,0.02271684631705284,0.019979294389486313,0.05702413246035576,-0.05497235804796219,0.0008093087235465646,0.03658943623304367,0.030492587015032768,-0.009043741971254349,0.006401172839105129,0.009265579283237457,-1.1679041385650635,-0.5687662959098816,-0.5474908351898193,-0.4364488422870636,-0.3264021575450897,0.16605055332183838,0.48295101523399353,-0.2293519675731659,-0.12942667305469513,-0.35194167494773865,-0.05744852498173714,-0.0628768727183342,-0.1416996270418167,-0.0001477834302932024,-0.2281203269958496,-0.04368944466114044,-0.07596477121114731,0.02939774841070175,-0.010159674100577831,-0.044066619127988815,0.07137526571750641,-0.0333564430475235,0.00134413898922503,0.0057259490713477135,-0.031103024259209633,-0.05191921442747116,-0.10668691992759705,0.05352978780865669,0.0028229067102074623,-0.13307607173919678,-0.026331817731261253,-0.02007882669568062,-0.053744226694107056,0.054537709802389145,0.0008727614767849445,-0.03502726927399635,-0.030831700190901756,0.011204669252038002,-0.005138338077813387,-0.011473191902041435,1.7842047214508057,0.17462633550167084,-0.71238112449646,-0.3881629705429077,-0.06059824675321579,-0.09029268473386765,-0.001484779641032219,-0.0006535068969242275,-0.2376721054315567,-0.0716981589794159,-0.030154593288898468,-0.05164778232574463,-0.1094524934887886,-0.11972019076347351,-0.0018011650536209345,0.08116531372070312,0.05050258710980415,0.03197706863284111,-0.012738489545881748,-0.030863255262374878,-0.0035154439974576235,0.05400640517473221,-0.13393428921699524,-0.04805281385779381,-0.015161381103098392,-0.013755396008491516,-0.04693186655640602,-0.039360225200653076,-0.13877609372138977,-0.19511516392230988,1.0181169509887695,1.0600906610488892,-3.041872978210449,0.042954906821250916,-0.1754510998725891,-0.6013729572296143,-0.499211847782135,-0.569916844367981,0.48502737283706665,0.2288147360086441,0.130201518535614,0.05984858423471451,0.0621161051094532,0.14514577388763428,3.0173044204711914,0.17644067108631134,2.5961554050445557,0.43062451481819153,0.17369964718818665,0.3565170466899872
2025/09/08 10:15,1.059802532196045,1.042654037475586,1.0160253047943115,1.0183095932006836,1.0202131271362305,1.0601701736450195,1.0510140657424927,1.059971809387207,1.0486980676651,1.0453128814697266,1.0505393743515015,1.0480338335037231,1.0443415641784668,1.0325416326522827,1.1941717863082886,0.5870031714439392,0.5669717788696289,0.44729354977607727,0.3349626660346985,-0.16403959691524506,-0.4781022071838379,0.2269768863916397,0.13174845278263092,0.3527398407459259,0.05748581513762474,0.06257956475019455,0.14221283793449402,-0.00015670241555199027,0.23015367984771729,0.04154478386044502,0.07839903235435486,-0.029313258826732635,0.010241847485303879,0.04579468443989754,-0.054192736744880676,0.05390042066574097,0.008554124273359776,-0.010018846020102501,0.012007419019937515,0.04594454541802406,0.11860217154026031,-0.043419115245342255,0.0057777659967541695,0.1631188690662384,0.02402333915233612,0.018311984837055206,0.05644852668046951,-0.056599412113428116,0.0019265003502368927,0.03736860677599907,0.029987193644046783,-0.008784587495028973,0.007095451466739178,0.00939126219600439,-1.1684837341308594,-0.5700829029083252,-0.5500249862670898,-0.4358808100223541,-0.3271964490413666,0.16609764099121094,0.48076507449150085,-0.23012185096740723,-0.13003461062908173,-0.3508974015712738,-0.05848149210214615,-0.06284119933843613,-0.14303019642829895,-0.0005710379336960614,-0.22952809929847717,-0.044350482523441315,-0.07750990241765976,0.03066585771739483,-0.010465309023857117,-0.043593913316726685,0.06986880302429199,-0.03483960032463074,0.0017340189078822732,0.00547916442155838,-0.03106820583343506,-0.0516192764043808,-0.10672067850828171,0.053663112223148346,0.003023441880941391,-0.13256727159023285,-0.026807859539985657,-0.019693804904818535,-0.05268815904855728,0.05398312211036682,0.0018987992079928517,-0.03513438254594803,-0.030591506510972977,0.011141343042254448,-0.004064418841153383,-0.01044054701924324,1.784144401550293,0.1756921112537384,-0.7129567265510559,-0.3876127302646637,-0.06112067773938179,-0.09097698330879211,-0.0007332832901738584,-0.0008209487423300743,-0.23912514746189117,-0.07143328338861465,-0.03030376508831978,-0.0499703474342823,-0.10918977856636047,-0.11964720487594604,-0.0011087373131886125,0.0816362053155899,0.05002777650952339,0.03080243244767189,-0.01336600724607706,-0.030613964423537254,-0.0027922336012125015,0.05563737452030182,-0.13366904854774475,-0.047853924334049225,-0.014944530092179775,-0.012958689592778683,-0.04688214510679245,-0.040041733533144,-0.13891425728797913,-0.19518600404262543,1.0180201530456543,1.0600892305374146,-3.0422732830047607,0.04293210059404373,-0.1751854121685028,-0.6016808748245239,-0.499009370803833,-0.5689109563827515,0.4854022264480591,0.22850555181503296,0.13023322820663452,0.06000102683901787,0.06233791261911392,0.14485038816928864,3.01761794090271,0.1785982847213745,2.5973875522613525,0.4303833246231079,0.17436760663986206,0.35713693499565125
2025/09/08 10:20,1.0598222017288208,1.0427271127700806,1.0161798000335693,1.0175799131393433,1.020538330078125,1.0606403350830078,1.0505092144012451,1.0600581169128418,1.0494481325149536,1.045639157295227,1.0501785278320312,1.048012137413025,1.0446858406066895,1.032914638519287,1.1926063299179077,0.5879671573638916,0.5670447945594788,0.4467093348503113,0.3351508378982544,-0.16421909630298615,-0.4767515957355499,0.22663798928260803,0.13334225118160248,0.35298067331314087,0.05771901085972786,0.062025487422943115,0.14023824036121368,-4.406727384775877e-06,0.2303115576505661,0.04232487455010414,0.07846131175756454,-0.02832055650651455,0.011214008554816246,0.0465991236269474,-0.054546717554330826,0.055090226233005524,0.009322186931967735,-0.009522014297544956,0.012568319216370583,0.04540342092514038,0.1194462701678276,-0.04322684556245804,0.005315492860972881,0.16204409301280975,0.023498548194766045,0.02009224146604538,0.056133873760700226,-0.0559116005897522,0.0011261525796726346,0.03823426738381386,0.029454616829752922,-0.008729249238967896,0.006699914112687111,0.010387132875621319,-1.1696498394012451,-0.5687543153762817,-0.5491991639137268,-0.43551719188690186,-0.3279308080673218,0.16719262301921844,0.4814588129520416,-0.2300853133201599,-0.12943872809410095,-0.35277989506721497,-0.057337723672389984,-0.06408663839101791,-0.1416066586971283,-0.0009097091970033944,-0.22864794731140137,-0.04414052516222,-0.07671960443258286,0.02978523261845112,-0.010112997144460678,-0.043601080775260925,0.07096534222364426,-0.03416258841753006,0.0023389621637761593,0.00542651629075408,-0.030358590185642242,-0.051325928419828415,-0.1068526953458786,0.052510447800159454,0.00292517663910985,-0.13321375846862793,-0.025226028636097908,-0.020138056948781013,-0.05428570508956909,0.0556931346654892,0.0015153707936406136,-0.035586968064308167,-0.030649038031697273,0.011580627411603928,-0.004491760861128569,-0.01112907100468874,1.785723090171814,0.17610377073287964,-0.713562548160553,-0.3886764347553253,-0.0607309527695179,-0.08941765874624252,-0.0007951246807351708,-0.0009387816535308957,-0.2387618124485016,-0.07093756645917892,-0.0287215244024992,-0.052020907402038574,-0.11148852854967117,-0.11912816762924194,-0.0009537939913570881,0.08149070292711258,0.04985317587852478,0.031734537333250046,-0.012557846494019032,-0.02951449528336525,-0.0034357800614088774,0.0560123585164547,-0.13492988049983978,-0.047569699585437775,-0.014961590990424156,-0.013452623039484024,-0.047437943518161774,-0.03836429864168167,-0.13879899680614471,-0.19553335011005402,1.0180855989456177,1.0600955486297607,-3.041908025741577,0.0422825813293457,-0.17471849918365479,-0.6029792428016663,-0.5001134872436523,-0.569607675075531,0.4852244257926941,0.22817640006542206,0.12992927432060242,0.06005273759365082,0.062153205275535583,0.14548073709011078,3.0175740718841553,0.17801791429519653,2.597564935684204,0.430441677570343,0.17410628497600555,0.3567538559436798
2025/09/08 10:25,1.0600228309631348,1.0422284603118896,1.0164514780044556,1.0184184312820435,1.0204684734344482,1.0604722499847412,1.0508784055709839,1.06028413772583,1.0486289262771606,1.0453232526779175,1.0503040552139282,1.0488227605819702,1.0440020561218262,1.032351016998291,1.1938550472259521,0.586804211139679,0.5663530826568604,0.4490817189216614,0.3345782160758972,-0.16472361981868744,-0.47863462567329407,0.2255091816186905,0.13303110003471375,0.3525807559490204,0.05751754343509674,0.06147589161992073,0.14053753018379211,0.0006495100678876042,0.22905926406383514,0.04057710990309715,0.07807677984237671,-0.02828073687851429,0.010806518606841564,0.046000316739082336,-0.0534236766397953,0.054289910942316055,0.009482973255217075,-0.010253273881971836,0.01153501309454441,0.04656120389699936,0.11862917244434357,-0.04383418709039688,0.006020077969878912,0.16302402317523956,0.02385680377483368,0.01897910051047802,0.05543050169944763,-0.055145010352134705,0.0009879530407488346,0.03659164533019066,0.029825516045093536,-0.009582909755408764,0.005501036532223225,0.011075527407228947,-1.1695090532302856,-0.570527195930481,-0.5498440861701965,-0.43634548783302307,-0.3274124264717102,0.16812002658843994,0.48155075311660767,-0.22976863384246826,-0.13048548996448517,-0.35370415449142456,-0.05944179370999336,-0.06424041092395782,-0.141659215092659,-0.00017232185928151011,-0.22920548915863037,-0.043020330369472504,-0.07573015242815018,0.029530568048357964,-0.010306448675692081,-0.0439816452562809,0.07013781368732452,-0.03479901701211929,0.0020513003692030907,0.004807392135262489,-0.03091081976890564,-0.05188765749335289,-0.10649201273918152,0.05288667604327202,0.0035965219140052795,-0.13169392943382263,-0.02580496296286583,-0.02121739275753498,-0.053885504603385925,0.0552130863070488,0.0011475569335743785,-0.03573485091328621,-0.029849525541067123,0.010119284503161907,-0.0034755312371999025,-0.010617390275001526,1.7857671976089478,0.17652307450771332,-0.7116908431053162,-0.38875463604927063,-0.06253863871097565,-0.09107810258865356,-0.0014469183515757322,3.6826066207140684e-05,-0.23944644629955292,-0.07207345962524414,-0.03023627959191799,-0.049901802092790604,-0.1085241436958313,-0.11985567957162857,-0.0013430053368210793,0.08289461582899094,0.048943862318992615,0.03104218654334545,-0.013150278478860855,-0.03126892074942589,-0.0011864231200888753,0.05481157451868057,-0.13403287529945374,-0.04840461537241936,-0.014387868344783783,-0.013568735681474209,-0.048408132046461105,-0.03948614001274109,-0.1387099325656891,-0.19514678418636322,1.018140196800232,1.060121774673462,-3.041759729385376,0.04312131553888321,-0.17479100823402405,-0.6017797589302063,-0.4991207718849182,-0.5689478516578674,0.48517054319381714,0.2283715158700943,0.1299295425415039,0.05982512980699539,0.062287844717502594,0.14506830275058746,3.017289638519287,0.1795157790184021,2.595319986343384,0.4295910894870758,0.17318685352802277,0.3578232228755951
2025/09/08 10:30,1.0596920251846313,1.0419038534164429,1.0161678791046143,1.0174946784973145,1.0199438333511353,1.0605480670928955,1.0507572889328003,1.0601811408996582,1.0484384298324585,1.0456117391586304,1.0499879121780396,1.0476258993148804,1.0441842079162598,1.0324164628982544,1.1939629316329956,0.5873141884803772,0.5674540400505066,0.4491225779056549,0.3344368636608124,-0.16468259692192078,-0.4774056077003479,0.2250269204378128,0.13226473331451416,0.3544166386127472,0.05773872137069702,0.06090718135237694,0.14066404104232788,3.6379729863256216e-05,0.22883598506450653,0.0408954955637455,0.07936347275972366,-0.028572862967848778,0.011443043127655983,0.045356422662734985,-0.05373718962073326,0.05281837284564972,0.007867133244872093,-0.010739068500697613,0.01200199220329523,0.047591835260391235,0.11885937303304672,-0.04388623312115669,0.005825327709317207,0.1629272997379303,0.023007996380329132,0.019567368552088737,0.056002721190452576,-0.05471488833427429,0.001787988469004631,0.03761574625968933,0.029445946216583252,-0.009680286981165409,0.005517575424164534,0.009101674892008305,-1.1689249277114868,-0.5688785314559937,-0.5495792627334595,-0.4358038604259491,-0.3268128037452698,0.16657422482967377,0.482613205909729,-0.22973638772964478,-0.12925423681735992,-0.35323455929756165,-0.059059806168079376,-0.06339793652296066,-0.14081208407878876,-0.00066476158099249,-0.2276955395936966,-0.04367826133966446,-0.07685506343841553,0.030038902536034584,-0.010281790979206562,-0.04364646226167679,0.06904769688844681,-0.03492603823542595,0.002726644976064563,0.0045324875973165035,-0.030836492776870728,-0.05178613215684891,-0.10581227391958237,0.05316536873579025,0.0029408715199679136,-0.13248352706432343,-0.025906985625624657,-0.019782954826951027,-0.05360296368598938,0.054677728563547134,0.001777024008333683,-0.035335857421159744,-0.03029501810669899,0.010733179748058319,-0.0026332337874919176,-0.011090542189776897,1.7854435443878174,0.17669960856437683,-0.712205171585083,-0.38896238803863525,-0.06172974407672882,-0.09180241823196411,-0.0013983717653900385,-0.0011033611372113228,-0.23874710500240326,-0.07204750180244446,-0.02935892343521118,-0.050195708870887756,-0.10778044909238815,-0.11924184113740921,-0.0013610167661681771,0.08061522990465164,0.049276188015937805,0.03135271370410919,-0.013093948364257812,-0.03172827139496803,-0.0025936784222722054,0.05553773045539856,-0.13437385857105255,-0.047664396464824677,-0.015409346669912338,-0.014247714541852474,-0.04685996100306511,-0.039747193455696106,-0.13862395286560059,-0.19540850818157196,1.0181607007980347,1.0601096153259277,-3.041987895965576,0.043949902057647705,-0.17477695643901825,-0.601269543170929,-0.49919113516807556,-0.5685116648674011,0.48524725437164307,0.2284705936908722,0.1297149509191513,0.0599035806953907,0.06216088682413101,0.14518901705741882,3.017451524734497,0.18060554563999176,2.5965240001678467,0.43018826842308044,0.17363722622394562,0.3576854467391968
2025/09/08 10:35,1.059340000152588,1.042405366897583,1.015722393989563,1.0184693336486816,1.0203521251678467,1.0603774785995483,1.0504271984100342,1.060193657875061,1.0490789413452148,1.0457924604415894,1.0505636930465698,1.0477516651153564,1.044353723526001,1.032967448234558,1.1928091049194336,0.5882011651992798,0.5671563744544983,0.44624829292297363,0.33487433195114136,-0.16440559923648834,-0.47870561480522156,0.2272527664899826,0.13304299116134644,0.3539445698261261,0.05785004049539566,0.06170859560370445,0.14150512218475342,-0.00020108773605898023,0.22833700478076935,0.04127964749932289,0.07748962193727493,-0.028997350484132767,0.011026734486222267,0.04657094553112984,-0.05435807630419731,0.05389020964503288,0.009253697469830513,-0.010043308138847351,0.012170777656137943,0.044928207993507385,0.1175907626748085,-0.042708247900009155,0.006766996346414089,0.16311214864253998,0.023636212572455406,0.01950758695602417,0.05692460760474205,-0.056264135986566544,0.0010356525890529156,0.03696918115019798,0.028485607355833054,-0.00941561907529831,0.006695976015180349,0.009746460244059563,-1.1698392629623413,-0.567896842956543,-0.5483981966972351,-0.4357394576072693,-0.3265443742275238,0.1686358004808426,0.4810835123062134,-0.23036591708660126,-0.1295749545097351,-0.3525639474391937,-0.05741987004876137,-0.06337462365627289,-0.14281125366687775,-0.0007395170396193862,-0.2292269915342331,-0.04339088127017021,-0.07585017383098602,0.029432203620672226,-0.011049259454011917,-0.04434236139059067,0.07128456979990005,-0.03379668667912483,0.0014340267516672611,0.005391722545027733,-0.030438030138611794,-0.05212216451764107,-0.10715101659297943,0.05319339781999588,0.0037338174879550934,-0.13299329578876495,-0.025802042335271835,-0.020791657269001007,-0.053816307336091995,0.054367486387491226,0.0025318022817373276,-0.03550573065876961,-0.030059054493904114,0.011448592878878117,-0.005197090562433004,-0.010288353078067303,1.785414457321167,0.17567075788974762,-0.7128353118896484,-0.38853657245635986,-0.061511363834142685,-0.09061476588249207,-0.0008801273070275784,-0.0012003371957689524,-0.2392784059047699,-0.0719098150730133,-0.03120569884777069,-0.05020548030734062,-0.10989148169755936,-0.11967740952968597,-0.0016109701246023178,0.08057653158903122,0.04997673258185387,0.03131446987390518,-0.012815636582672596,-0.029580725356936455,-0.0025782545562833548,0.054350629448890686,-0.13339193165302277,-0.04669944569468498,-0.014193304814398289,-0.012744568288326263,-0.04794229939579964,-0.03858444094657898,-0.1387752890586853,-0.1953182816505432,1.0180332660675049,1.0600899457931519,-3.0420260429382324,0.041816819459199905,-0.17552518844604492,-0.6033813953399658,-0.4990882873535156,-0.5685514807701111,0.48520389199256897,0.22819432616233826,0.13038109242916107,0.05958268791437149,0.06214427947998047,0.14484301209449768,3.0174288749694824,0.17916862666606903,2.5981931686401367,0.4313356578350067,0.17421598732471466,0.35687780380249023
2025/09/08 10:40,1.0595099925994873,1.042242407798767,1.016083002090454,1.0179041624069214,1.0203711986541748,1.0606621503829956,1.050265908241272,1.0602009296417236,1.0492122173309326,1.0460309982299805,1.050452470779419,1.0482449531555176,1.0438169240951538,1.0330097675323486,1.1933432817459106,0.5874668955802917,0.566463828086853,0.44701117277145386,0.3343294560909271,-0.1638118475675583,-0.4766448438167572,0.22590060532093048,0.13266681134700775,0.354592502117157,0.05849488452076912,0.06075557321310043,0.14122886955738068,0.0006261389935389161,0.22984500229358673,0.04266313463449478,0.07800216227769852,-0.029228901490569115,0.011144430376589298,0.04619935527443886,-0.05389393866062164,0.054326381534338,0.007604110520333052,-0.009986420162022114,0.011875545606017113,0.045373477041721344,0.1178581640124321,-0.04334573075175285,0.0060447147116065025,0.16286644339561462,0.023662280291318893,0.018973112106323242,0.05776657164096832,-0.055107008665800095,0.0014523470308631659,0.037314821034669876,0.029757734388113022,-0.008625691756606102,0.007334217429161072,0.009234844706952572,-1.1691105365753174,-0.567870020866394,-0.548463761806488,-0.4355708062648773,-0.3279915750026703,0.16745460033416748,0.48262515664100647,-0.22844159603118896,-0.12928125262260437,-0.35320860147476196,-0.057736534625291824,-0.06263358145952225,-0.1424269676208496,-0.0011004987172782421,-0.22844034433364868,-0.043633975088596344,-0.07644497603178024,0.030032794922590256,-0.009420539252460003,-0.043265365064144135,0.07052956521511078,-0.03437888249754906,0.0010070858988910913,0.005762310698628426,-0.031252771615982056,-0.05208061635494232,-0.10775261372327805,0.053247302770614624,0.002728461753576994,-0.13207674026489258,-0.025039423257112503,-0.02025028131902218,-0.053831614553928375,0.05458454415202141,0.0013440412003546953,-0.03536136820912361,-0.030664769932627678,0.010735169053077698,-0.0036640961188822985,-0.010359381325542927,1.7861931324005127,0.17586176097393036,-0.712630569934845,-0.3887946307659149,-0.06160586327314377,-0.09180766344070435,-0.0014920879621058702,-0.0004919998464174569,-0.2390183061361313,-0.07277993112802505,-0.03010084480047226,-0.051664046943187714,-0.10923216491937637,-0.12021613121032715,-0.0014270583633333445,0.08158531039953232,0.04988068342208862,0.030884746462106705,-0.0119329784065485,-0.030515993013978004,-0.0027339928783476353,0.0544508695602417,-0.13373804092407227,-0.04756598174571991,-0.014358359389007092,-0.013001666404306889,-0.04790801927447319,-0.038649871945381165,-0.13873673975467682,-0.1955704540014267,1.018049716949463,1.060071349143982,-3.0417540073394775,0.042566459625959396,-0.17577087879180908,-0.6045228242874146,-0.49899226427078247,-0.5693721175193787,0.48513704538345337,0.2289654165506363,0.12977486848831177,0.05980013683438301,0.062173668295145035,0.14512109756469727,3.0176007747650146,0.17883993685245514,2.596956491470337,0.43055418133735657,0.17418703436851501,0.357121080160141
2025/09/08 10:45,1.05939781665802,1.0429096221923828,1.0159821510314941,1.0178818702697754,1.0201717615127563,1.060350775718689,1.0504158735275269,1.0601578950881958,1.0492656230926514,1.0455758571624756,1.0501878261566162,1.048378348350525,1.0437414646148682,1.0320889949798584,1.195793628692627,0.5888566374778748,0.5661216378211975,0.44837406277656555,0.33549198508262634,-0.16483266651630402,-0.4787544310092926,0.2262294441461563,0.1319335401058197,0.35499411821365356,0.05851449444890022,0.06189712509512901,0.14082032442092896,0.0006442517042160034,0.2283170372247696,0.04247763380408287,0.07870644330978394,-0.03002699464559555,0.009959064424037933,0.04573763906955719,-0.05348660796880722,0.05499988794326782,0.008278777822852135,-0.009851239621639252,0.011854276061058044,0.04573682323098183,0.11911872774362564,-0.04245826601982117,0.006254300009459257,0.1628051996231079,0.022668028250336647,0.019591741263866425,0.05604179948568344,-0.05585641413927078,0.0008096240926533937,0.037916213274002075,0.028804568573832512,-0.008690522983670235,0.00599429477006197,0.010585400275886059,-1.1708372831344604,-0.5696473717689514,-0.5486920475959778,-0.43596702814102173,-0.32791730761528015,0.16736531257629395,0.48124217987060547,-0.2297666370868683,-0.13076967000961304,-0.3538094460964203,-0.05860539525747299,-0.06206279993057251,-0.14209897816181183,-0.0006748279556632042,-0.22888870537281036,-0.0442950613796711,-0.07524339109659195,0.029646266251802444,-0.011281939223408699,-0.04379797726869583,0.07059481739997864,-0.03325720876455307,0.001280200551263988,0.005260768812149763,-0.031656064093112946,-0.051619697362184525,-0.10684411227703094,0.05346706137061119,0.0028119191993027925,-0.13185323774814606,-0.025127055123448372,-0.019444873556494713,-0.05412837490439415,0.05419718474149704,0.0019860912580043077,-0.03497710078954697,-0.02956383489072323,0.010863796807825565,-0.004296358209103346,-0.01045222021639347,1.7869315147399902,0.17669299244880676,-0.7112588882446289,-0.389190137386322,-0.062048230320215225,-0.09026908874511719,-0.0008098444668576121,1.5591620467603207e-05,-0.23984403908252716,-0.07305394113063812,-0.029302749782800674,-0.05087145045399666,-0.10890563577413559,-0.12001362442970276,-0.001714850077405572,0.08193410933017731,0.049910012632608414,0.03170068934559822,-0.0119438162073493,-0.02870207279920578,-0.0026523952838033438,0.0545940026640892,-0.13545501232147217,-0.048739947378635406,-0.014471840113401413,-0.013554960489273071,-0.04736489802598953,-0.03780219331383705,-0.13861910998821259,-0.19554521143436432,1.018103837966919,1.0601038932800293,-3.0420596599578857,0.043064627796411514,-0.1754615753889084,-0.603401780128479,-0.4985785484313965,-0.5700241923332214,0.4851798117160797,0.22869133949279785,0.12983053922653198,0.059832215309143066,0.06211410090327263,0.1452796310186386,3.0175909996032715,0.17847761511802673,2.5956952571868896,0.43037277460098267,0.1741463840007782,0.35787150263786316
2025/09/08 10:50,1.059847116470337,1.0425546169281006,1.016431450843811,1.017930269241333,1.0203418731689453,1.0603195428848267,1.0505969524383545,1.0593847036361694,1.0498247146606445,1.0459654331207275,1.0501469373703003,1.0476789474487305,1.0445314645767212,1.0328961610794067,1.1941372156143188,0.5853489637374878,0.5687483549118042,0.4498586356639862,0.33380281925201416,-0.16391707956790924,-0.4777027666568756,0.22670592367649078,0.1320488303899765,0.35339784622192383,0.05832083523273468,0.061234693974256516,0.14123831689357758,-9.247427806258202e-05,0.2301013469696045,0.042081162333488464,0.07873649895191193,-0.029012350365519524,0.011516652069985867,0.04545487463474274,-0.054094165563583374,0.05491040274500847,0.0075240349397063255,-0.010613790713250637,0.011473149992525578,0.04619413614273071,0.11653157323598862,-0.04331759735941887,0.007349078077822924,0.16323715448379517,0.023431073874235153,0.0195053331553936,0.055897507816553116,-0.05512325465679169,0.0013693512883037329,0.037514813244342804,0.030188458040356636,-0.009087428450584412,0.005161384120583534,0.010881229303777218,-1.1683223247528076,-0.5684863328933716,-0.5496848821640015,-0.4358370006084442,-0.3286818265914917,0.16710130870342255,0.4820215106010437,-0.2279530167579651,-0.1298067718744278,-0.35506299138069153,-0.05859904736280441,-0.06375899165868759,-0.14122894406318665,-0.0004468502593226731,-0.22920557856559753,-0.04399126395583153,-0.07535775750875473,0.029143432155251503,-0.010104265064001083,-0.043450161814689636,0.07021073251962662,-0.03427692502737045,0.003304544137790799,0.004803315736353397,-0.0293289627879858,-0.05158650875091553,-0.10687696933746338,0.05299955978989601,0.003007972612977028,-0.13329261541366577,-0.024469899013638496,-0.020534485578536987,-0.05391721427440643,0.05464038625359535,0.002383072394877672,-0.03669820353388786,-0.02921239659190178,0.010724994353950024,-0.003142738714814186,-0.01161645445972681,1.784162163734436,0.17373424768447876,-0.7093408703804016,-0.3886156380176544,-0.06111889332532883,-0.08935985714197159,-0.0010548639111220837,0.00026499549858272076,-0.24097958207130432,-0.0720396339893341,-0.02935466729104519,-0.05125974863767624,-0.10953865945339203,-0.11900817602872849,-0.0007007716922089458,0.08226675540208817,0.04843214899301529,0.03104580007493496,-0.012782755307853222,-0.031246650964021683,-0.0029930612072348595,0.055764827877283096,-0.13460953533649445,-0.04781316965818405,-0.015232251957058907,-0.01428896002471447,-0.04806840792298317,-0.039461735635995865,-0.13845114409923553,-0.19502167403697968,1.018194317817688,1.0600913763046265,-3.0414092540740967,0.04386318847537041,-0.17472968995571136,-0.5982767939567566,-0.4994565546512604,-0.5689571499824524,0.4851953685283661,0.22858990728855133,0.12962296605110168,0.0598456896841526,0.06201240420341492,0.14507880806922913,3.0172536373138428,0.18060782551765442,2.5949203968048096,0.4294702112674713,0.17419016361236572,0.35752177238464355
2025/09/08 10:55,1.0594769716262817,1.0423624515533447,1.0165337324142456,1.018357276916504,1.0198463201522827,1.060351848602295,1.0511140823364258,1.0598175525665283,1.048671841621399,1.0455052852630615,1.0502492189407349,1.0479377508163452,1.0442379713058472,1.0327214002609253,1.1930233240127563,0.5869449377059937,0.5659882426261902,0.4454813301563263,0.33418333530426025,-0.16411347687244415,-0.4789242744445801,0.22500582039356232,0.13214285671710968,0.3535318970680237,0.05772382393479347,0.061719343066215515,0.14114688336849213,0.0002848352014552802,0.2288757562637329,0.0419095903635025,0.07842247188091278,-0.028512870892882347,0.011856413446366787,0.04547325521707535,-0.05354367569088936,0.0538371279835701,0.008223776705563068,-0.009503446519374847,0.011633445508778095,0.04581686854362488,0.11853515356779099,-0.04189693182706833,0.006340962368994951,0.16333836317062378,0.02398686669766903,0.020020054653286934,0.056300949305295944,-0.054898787289857864,0.001346187898889184,0.03766963258385658,0.02913668565452099,-0.00923350639641285,0.006420876830816269,0.010803460143506527,-1.1678996086120605,-0.5689155459403992,-0.5487228631973267,-0.4363938271999359,-0.32808199524879456,0.16771063208580017,0.48068708181381226,-0.2293217033147812,-0.12949201464653015,-0.35172176361083984,-0.05775711312890053,-0.06383880972862244,-0.1415642350912094,-0.0006110526737757027,-0.2272571474313736,-0.04313989356160164,-0.07674062997102737,0.03001580573618412,-0.010565238073468208,-0.04384017735719681,0.07025716453790665,-0.033890578895807266,0.0012266209814697504,0.004713502712547779,-0.030917229130864143,-0.05192738398909569,-0.10628776997327805,0.0536181665956974,0.003898301161825657,-0.13112129271030426,-0.026315754279494286,-0.020128877833485603,-0.0531337708234787,0.05460135638713837,0.0016931532882153988,-0.0359642393887043,-0.03044610098004341,0.011074891313910484,-0.004428566433489323,-0.011744693852961063,1.7823811769485474,0.1758931577205658,-0.71494460105896,-0.38931217789649963,-0.061730965971946716,-0.09073522686958313,-0.0011715844739228487,-0.0008288493845611811,-0.23839949071407318,-0.07119382172822952,-0.028562363237142563,-0.050962191075086594,-0.10986296832561493,-0.11985772848129272,-0.0014895694330334663,0.08159603923559189,0.05038920044898987,0.03184860944747925,-0.01326281949877739,-0.030426863580942154,-0.002084871521219611,0.05343775823712349,-0.1345313936471939,-0.04726126044988632,-0.014706069603562355,-0.013456410728394985,-0.04785234108567238,-0.03954377770423889,-0.13868579268455505,-0.19533422589302063,1.0180243253707886,1.0601201057434082,-3.0418827533721924,0.04201555252075195,-0.17593275010585785,-0.6011237502098083,-0.4991375803947449,-0.5695289373397827,0.48512327671051025,0.2281360775232315,0.12993691861629486,0.059924136847257614,0.06242427974939346,0.1449933499097824,3.0175533294677734,0.1763821244239807,2.5968148708343506,0.4303551912307739,0.17467887699604034,0.35677123069763184
2025/09/08 11:00,1.0593687295913696,1.0411955118179321,1.0159780979156494,1.0180805921554565,1.0198471546173096,1.0599180459976196,1.0497629642486572,1.0613014698028564,1.0487852096557617,1.0449503660202026,1.0503299236297607,1.0483778715133667,1.0435028076171875,1.0303199291229248,1.1979082822799683,0.5924584865570068,0.5578857660293579,0.45376119017601013,0.33823856711387634,-0.15390750765800476,-0.4785052239894867,0.23387722671031952,0.1358477622270584,0.36356475949287415,0.05839698761701584,0.06602903455495834,0.14865541458129883,-0.0017357803881168365,0.23339177668094635,0.045815080404281616,0.07970135658979416,-0.03005851060152054,0.011770070530474186,0.04656945914030075,-0.053167980164289474,0.05694226548075676,0.007776541635394096,-0.007514421362429857,0.01022244244813919,0.0449879951775074,0.11327781528234482,-0.040854714810848236,0.004860065411776304,0.15960116684436798,0.025520043447613716,0.02016761526465416,0.05800187215209007,-0.05873282998800278,0.004004963673651218,0.037296704947948456,0.031058762222528458,-0.011765096336603165,0.004881680943071842,0.012204652652144432,-1.17093026638031,-0.5769789218902588,-0.5447146892547607,-0.44251957535743713,-0.331674724817276,0.15615876019001007,0.48287495970726013,-0.2345748245716095,-0.13560132682323456,-0.3635639548301697,-0.05744944512844086,-0.06287046521902084,-0.14629468321800232,0.0011827087728306651,-0.23579995334148407,-0.04261672496795654,-0.07859430462121964,0.029060179367661476,-0.015773186460137367,-0.04547977074980736,0.07443353533744812,-0.040715061128139496,0.0027777806390076876,0.005867161322385073,-0.032444823533296585,-0.05444981902837753,-0.10644706338644028,0.053844768553972244,0.0017855126643553376,-0.12764926254749298,-0.025756603106856346,-0.021206386387348175,-0.05537058413028717,0.05952904745936394,0.0023122469428926706,-0.0367635115981102,-0.028926178812980652,0.010797484777867794,-0.006998743861913681,-0.011387879028916359,1.7925920486450195,0.17944712936878204,-0.6962615251541138,-0.39863190054893494,-0.06310326606035233,-0.09370109438896179,-0.0015451429644599557,5.1959512347821146e-05,-0.24701814353466034,-0.07449353486299515,-0.033215995877981186,-0.05182582885026932,-0.11277630925178528,-0.12504754960536957,0.0009598295437172055,0.08289294689893723,0.045261383056640625,0.03273714706301689,-0.01322413980960846,-0.0220613032579422,-3.721679968293756e-05,0.05783333256840706,-0.13915236294269562,-0.049517590552568436,-0.011609723791480064,-0.01472669467329979,-0.047851402312517166,-0.04095987603068352,-0.13961009681224823,-0.19780483841896057,1.0176010131835938,1.0599993467330933,-3.0441250801086426,0.033911559730768204,-0.18306633830070496,-0.62910395860672,-0.5046623349189758,-0.5770872235298157,0.48509931564331055,0.23524263501167297,0.13383698463439941,0.061883244663476944,0.06402384489774704,0.14887931942939758,3.015084743499756,0.20681758224964142,2.6075050830841064,0.4354597330093384,0.15777280926704407,0.36413660645484924
2025/09/08 11:05,1.060031771659851,1.0412122011184692,1.0159826278686523,1.0174909830093384,1.0192910432815552,1.0601533651351929,1.0497195720672607,1.0604785680770874,1.0495054721832275,1.0448110103607178,1.0503616333007812,1.0478378534317017,1.043431282043457,1.0304127931594849,1.1972432136535645,0.5910648107528687,0.5585927963256836,0.45344191789627075,0.33924975991249084,-0.15501455962657928,-0.4784800112247467,0.23449809849262238,0.13582922518253326,0.3633323013782501,0.05866636335849762,0.06486719846725464,0.14693832397460938,-0.001587451552040875,0.2347017228603363,0.045787639915943146,0.0796964094042778,-0.029904142022132874,0.012050716206431389,0.045501016080379486,-0.05247018113732338,0.057336464524269104,0.0056012775748968124,-0.008050091564655304,0.010664147324860096,0.04590568691492081,0.1132727861404419,-0.04288895055651665,0.00513704726472497,0.16013388335704803,0.02497905120253563,0.02008606679737568,0.05658915266394615,-0.05897019803524017,0.004904215224087238,0.03897768631577492,0.03109031729400158,-0.012205659411847591,0.005157988052815199,0.011645358987152576,-1.169484257698059,-0.5758696794509888,-0.5460382103919983,-0.44289639592170715,-0.33200234174728394,0.15614813566207886,0.4836071729660034,-0.23399214446544647,-0.13421764969825745,-0.3640473783016205,-0.057995956391096115,-0.06410838663578033,-0.14473772048950195,0.0008511620108038187,-0.23457282781600952,-0.04253717511892319,-0.07964320480823517,0.02989109419286251,-0.013680802658200264,-0.04455863684415817,0.07337621599435806,-0.03955738618969917,0.003296004142612219,0.003855417249724269,-0.031244253739714622,-0.05441254377365112,-0.10558667778968811,0.052690520882606506,0.0019337136764079332,-0.12861959636211395,-0.02677921950817108,-0.020599713549017906,-0.055654849857091904,0.05925426632165909,0.0017184345051646233,-0.03652462735772133,-0.029232539236545563,0.011651769280433655,-0.006419976707547903,-0.011815585196018219,1.7928276062011719,0.1793934553861618,-0.6961825489997864,-0.399334192276001,-0.06182321906089783,-0.0940585657954216,-0.0016156153287738562,-0.0002553153899498284,-0.24629400670528412,-0.07546161115169525,-0.03149160370230675,-0.051444631069898605,-0.11203773319721222,-0.12369292229413986,0.002255398081615567,0.08285871148109436,0.04591852426528931,0.03237041458487511,-0.012883658520877361,-0.023520780727267265,-0.000224921343033202,0.05780960991978645,-0.1410793662071228,-0.048071399331092834,-0.012293878942728043,-0.01488096546381712,-0.04667382687330246,-0.040298204869031906,-0.13969208300113678,-0.1978607326745987,1.0176336765289307,1.0599883794784546,-3.044247627258301,0.03414183109998703,-0.18275651335716248,-0.6283350586891174,-0.505196750164032,-0.5769803524017334,0.48507601022720337,0.23527847230434418,0.13378208875656128,0.061990924179553986,0.06374355405569077,0.14895227551460266,3.0153045654296875,0.2061944305896759,2.6066555976867676,0.43507859110832214,0.15866704285144806,0.3645179569721222
2025/09/08 11:10,1.0595972537994385,1.0415631532669067,1.015855073928833,1.0175503492355347,1.0198688507080078,1.0601826906204224,1.0507445335388184,1.0605835914611816,1.0492615699768066,1.0450810194015503,1.0506060123443604,1.0480990409851074,1.0439039468765259,1.0306228399276733,1.197975993156433,0.5908980965614319,0.5590223073959351,0.4526422321796417,0.3386068642139435,-0.15375405550003052,-0.47735029458999634,0.2351682037115097,0.13638709485530853,0.3628747761249542,0.058922357857227325,0.06491776555776596,0.14871317148208618,-0.0027078501880168915,0.2337995022535324,0.04576953873038292,0.07950350642204285,-0.030104218050837517,0.011288425885140896,0.044990167021751404,-0.05296652764081955,0.057960111647844315,0.006479298695921898,-0.008181503973901272,0.01052771508693695,0.04566846042871475,0.11204130202531815,-0.04148297384381294,0.005060683470219374,0.16013771295547485,0.025036687031388283,0.02070409245789051,0.058166664093732834,-0.059010881930589676,0.004008109215646982,0.03898729383945465,0.02965727634727955,-0.011959676630795002,0.005491362418979406,0.012008276768028736,-1.1702842712402344,-0.5758537650108337,-0.5463051199913025,-0.44178909063339233,-0.331097811460495,0.1543339192867279,0.4836101233959198,-0.2342449128627777,-0.134855255484581,-0.36453649401664734,-0.05739433318376541,-0.06216041371226311,-0.1459314376115799,0.0002385385741945356,-0.23590192198753357,-0.04265459254384041,-0.0776888057589531,0.029365569353103638,-0.013082310557365417,-0.045468397438526154,0.07439736276865005,-0.040319547057151794,0.0038373006973415613,0.004999776836484671,-0.03066874109208584,-0.05385982617735863,-0.10574185848236084,0.05309430882334709,0.001158619998022914,-0.12756438553333282,-0.025911007076501846,-0.021442439407110214,-0.05439387634396553,0.05833086371421814,0.0011836669873446226,-0.036378417164087296,-0.029417652636766434,0.011431468650698662,-0.007418793626129627,-0.012014701031148434,1.7921624183654785,0.17920935153961182,-0.6981773376464844,-0.3999713957309723,-0.06137998774647713,-0.09441176801919937,-0.0014328749384731054,0.0004931979347020388,-0.24699312448501587,-0.07626014202833176,-0.031209876760840416,-0.051008615642786026,-0.11396466195583344,-0.12346737831830978,0.0013880402548238635,0.08329738676548004,0.04635846987366676,0.032808028161525726,-0.01201469823718071,-0.023112600669264793,0.000926734646782279,0.05860414728522301,-0.13985797762870789,-0.048937585204839706,-0.013322682119905949,-0.014580922201275826,-0.047529324889183044,-0.04055953025817871,-0.13959383964538574,-0.19777809083461761,1.0175671577453613,1.0600292682647705,-3.0441880226135254,0.033409345895051956,-0.182892307639122,-0.6272246837615967,-0.5047539472579956,-0.5771363973617554,0.4850967824459076,0.2346411794424057,0.13395263254642487,0.06199667230248451,0.06400049477815628,0.14898642897605896,3.0152266025543213,0.20851805806159973,2.6072964668273926,0.4353283643722534,0.15767893195152283,0.3639768362045288
2025/09/08 11:15,1.0603513717651367,1.0419282913208008,1.0162315368652344,1.0178660154342651,1.0195528268814087,1.0596882104873657,1.0498936176300049,1.0607337951660156,1.0494574308395386,1.0454288721084595,1.0502816438674927,1.0485447645187378,1.0431673526763916,1.0304608345031738,1.19638991355896,0.5920842289924622,0.5571912527084351,0.4524479806423187,0.3381328582763672,-0.15322725474834442,-0.4786010682582855,0.23417483270168304,0.1357020139694214,0.36271077394485474,0.058407798409461975,0.06589311361312866,0.14858317375183105,-0.00031011580722406507,0.2338053286075592,0.04519977048039436,0.07935772836208344,-0.03069734014570713,0.012268890626728535,0.04453299194574356,-0.05233687162399292,0.05693734809756279,0.006412767805159092,-0.0076212030835449696,0.009991337545216084,0.045301180332899094,0.11244199424982071,-0.04142365604639053,0.005937108304351568,0.15941089391708374,0.024398619309067726,0.020508259534835815,0.05817587301135063,-0.05773530900478363,0.003818528726696968,0.03758656233549118,0.030626343563199043,-0.011040792800486088,0.005078181624412537,0.010444335639476776,-1.171025037765503,-0.5763825178146362,-0.5443147420883179,-0.44242948293685913,-0.331856369972229,0.15692350268363953,0.4841803312301636,-0.233246847987175,-0.13546182215213776,-0.36285725235939026,-0.057488203048706055,-0.06307763606309891,-0.14595673978328705,0.00019385012274142355,-0.2357110232114792,-0.04290089011192322,-0.07902554422616959,0.02997577376663685,-0.014612571336328983,-0.04575366526842117,0.0736754834651947,-0.040919821709394455,0.003150779753923416,0.005881066899746656,-0.031106874346733093,-0.054081469774246216,-0.10611216723918915,0.05317380279302597,0.0021599296014755964,-0.12853306531906128,-0.026258043944835663,-0.020257748663425446,-0.05632594972848892,0.059224292635917664,0.0014540401753038168,-0.0370602048933506,-0.030390894040465355,0.01118942629545927,-0.0070937080308794975,-0.012030385434627533,1.7916802167892456,0.18001486361026764,-0.6981288194656372,-0.3979772925376892,-0.06243894249200821,-0.09406249970197678,-0.0011313041904941201,-0.0005796421901322901,-0.24561807513237,-0.0754939392209053,-0.03148936480283737,-0.051759812980890274,-0.11225956678390503,-0.12480306625366211,0.0015641174977645278,0.08406800776720047,0.044379495084285736,0.032717905938625336,-0.012792801484465599,-0.022287016734480858,-0.00034477689769119024,0.05832913890480995,-0.13845275342464447,-0.048939771950244904,-0.012041634880006313,-0.014109620824456215,-0.04658043384552002,-0.04085935279726982,-0.13966882228851318,-0.19772353768348694,1.017632007598877,1.059967279434204,-3.0441408157348633,0.03401251137256622,-0.18396291136741638,-0.6277499198913574,-0.5048767924308777,-0.5772983431816101,0.4850828945636749,0.23500016331672668,0.1336594969034195,0.06195450946688652,0.06393555551767349,0.14887085556983948,3.0150115489959717,0.20938923954963684,2.608654022216797,0.4352424442768097,0.1595909148454666,0.36366865038871765
2025/09/08 11:20,1.0596495866775513,1.041374921798706,1.0162675380706787,1.0180555582046509,1.0192033052444458,1.0601810216903687,1.0500130653381348,1.0610898733139038,1.048848271369934,1.045864462852478,1.0504380464553833,1.0492372512817383,1.0440703630447388,1.030531644821167,1.1964302062988281,0.5907405018806458,0.558320939540863,0.45467934012413025,0.33822551369667053,-0.15238143503665924,-0.47789326310157776,0.2343333214521408,0.13475848734378815,0.36300185322761536,0.05766461044549942,0.06560344994068146,0.1489887833595276,-0.0013550665462389588,0.2343473881483078,0.04544409364461899,0.07883895188570023,-0.030124494805932045,0.012617160566151142,0.04598340392112732,-0.05123080685734749,0.05696253478527069,0.00625733844935894,-0.008073232136666775,0.009391476400196552,0.0456184484064579,0.1117975190281868,-0.040460940450429916,0.0051839048974215984,0.16021932661533356,0.025118116289377213,0.020239293575286865,0.057044800370931625,-0.05837467685341835,0.004738939926028252,0.03666343912482262,0.0310251135379076,-0.011850842274725437,0.006034177262336016,0.01095158327370882,-1.171971321105957,-0.5754455327987671,-0.5453864336013794,-0.44313517212867737,-0.33189859986305237,0.1567341834306717,0.48369351029396057,-0.23361380398273468,-0.13544631004333496,-0.3651115894317627,-0.05764021351933479,-0.062267597764730453,-0.14576305449008942,0.0008578741690143943,-0.23579677939414978,-0.04247347638010979,-0.07740755379199982,0.02939867414534092,-0.013926047831773758,-0.0451991967856884,0.07317283749580383,-0.04067641496658325,0.0023671258240938187,0.004736928269267082,-0.03121490776538849,-0.054253894835710526,-0.1068728119134903,0.054271865636110306,0.0011207323987036943,-0.12739337980747223,-0.025244100019335747,-0.019969794899225235,-0.05618264526128769,0.058865614235401154,0.0018063337774947286,-0.03703265264630318,-0.029541494324803352,0.010750670917332172,-0.006245938595384359,-0.013098944909870625,1.792130470275879,0.179037407040596,-0.6944611668586731,-0.3996431231498718,-0.062088750302791595,-0.09329820424318314,-0.002143347868695855,0.00025741863646544516,-0.24645335972309113,-0.07656989246606827,-0.030074771493673325,-0.05150773748755455,-0.11267617344856262,-0.12494005262851715,0.001378003042191267,0.08359380066394806,0.045292552560567856,0.0319054014980793,-0.01306950394064188,-0.023120688274502754,0.00036435341462492943,0.057997073978185654,-0.1386103481054306,-0.04904589056968689,-0.012000089511275291,-0.014538023620843887,-0.04754770174622536,-0.03990138694643974,-0.13956253230571747,-0.19764478504657745,1.0176055431365967,1.0599989891052246,-3.0440850257873535,0.03398147597908974,-0.18343868851661682,-0.6252022981643677,-0.5044322609901428,-0.57717365026474,0.48494672775268555,0.23548150062561035,0.13348181545734406,0.06205887719988823,0.0637945830821991,0.14911137521266937,3.0149738788604736,0.2108491063117981,2.607154369354248,0.43489962816238403,0.15977443754673004,0.36440983414649963
2025/09/08 11:25,1.0601649284362793,1.0408785343170166,1.0162218809127808,1.017614722251892,1.0190576314926147,1.0602197647094727,1.0496962070465088,1.0605359077453613,1.04947030544281,1.0448524951934814,1.0508068799972534,1.0486814975738525,1.0431269407272339,1.0308799743652344,1.1956230401992798,0.591245710849762,0.5579835772514343,0.4537581503391266,0.33841559290885925,-0.15378129482269287,-0.4783724844455719,0.2338249534368515,0.13558639585971832,0.3633170425891876,0.05813058465719223,0.06540179997682571,0.1466681957244873,-0.0013316238764673471,0.2341115027666092,0.04572562500834465,0.07978497445583344,-0.030609410256147385,0.013300636783242226,0.0458216555416584,-0.052827633917331696,0.05683160945773125,0.006532438099384308,-0.008776262402534485,0.009745567105710506,0.04557762295007706,0.11271276324987411,-0.04218805953860283,0.0050148447044193745,0.15940941870212555,0.02556181140244007,0.01974429376423359,0.056684184819459915,-0.05788157135248184,0.003920480143278837,0.03885801136493683,0.030661312863230705,-0.012338291853666306,0.004998332355171442,0.011596656404435635,-1.1699779033660889,-0.575467050075531,-0.5438390374183655,-0.4422190189361572,-0.3315037488937378,0.1558396965265274,0.4838307797908783,-0.23438796401023865,-0.13411924242973328,-0.3637893497943878,-0.057885292917490005,-0.06307321786880493,-0.14481548964977264,7.959664799273014e-06,-0.23463751375675201,-0.04256390407681465,-0.0794905573129654,0.030865715816617012,-0.014328273944556713,-0.0451798215508461,0.07395855337381363,-0.03976058587431908,0.002313125878572464,0.005138327367603779,-0.031320251524448395,-0.05500669404864311,-0.10720964521169662,0.053454745560884476,0.001603072159923613,-0.1291688084602356,-0.026451900601387024,-0.021350566297769547,-0.054496802389621735,0.059652723371982574,0.0023981621488928795,-0.03681810945272446,-0.029432974755764008,0.010683948174118996,-0.006658860016614199,-0.01110838446766138,1.7921029329299927,0.17916396260261536,-0.6991019248962402,-0.3993077874183655,-0.06291747838258743,-0.09365145117044449,-0.0011028139851987362,0.00032188897603191435,-0.24741226434707642,-0.07571141421794891,-0.03129599988460541,-0.05129823461174965,-0.1116098165512085,-0.12498467415571213,0.0020594194065779448,0.08335965871810913,0.04444555565714836,0.03182503953576088,-0.01385981310158968,-0.02319921739399433,-0.00025838310830295086,0.05697409063577652,-0.13954642415046692,-0.04828937351703644,-0.012198957614600658,-0.014841722324490547,-0.04749858006834984,-0.04172363877296448,-0.13960227370262146,-0.19796521961688995,1.0176739692687988,1.0599572658538818,-3.0439109802246094,0.033793725073337555,-0.1823413372039795,-0.6276354789733887,-0.5053372979164124,-0.5764462947845459,0.4848744571208954,0.23485970497131348,0.1336975395679474,0.061923786997795105,0.06378127634525299,0.1489865481853485,3.0150961875915527,0.2076970338821411,2.607469320297241,0.4349554479122162,0.16019169986248016,0.36392542719841003
2025/09/08 11:30,1.059972882270813,1.0408872365951538,1.0162471532821655,1.017356038093567,1.0192826986312866,1.060600757598877,1.0503718852996826,1.0602672100067139,1.0492031574249268,1.045478105545044,1.0499430894851685,1.0481717586517334,1.0438884496688843,1.0308161973953247,1.1972030401229858,0.5917465686798096,0.5585585236549377,0.45335790514945984,0.33809980750083923,-0.15242862701416016,-0.47862809896469116,0.23523159325122833,0.13492955267429352,0.36325210332870483,0.05850374698638916,0.06537918746471405,0.1497800350189209,-0.0015535536222159863,0.23348891735076904,0.04539474472403526,0.08099160343408585,-0.03028256818652153,0.012046661227941513,0.045671336352825165,-0.0524422824382782,0.05656566470861435,0.0071600377559661865,-0.008647650480270386,0.009627862833440304,0.044686488807201385,0.1130044236779213,-0.041611023247241974,0.004545473027974367,0.16006731986999512,0.025507524609565735,0.019602559506893158,0.057645365595817566,-0.057971250265836716,0.004370983224362135,0.03945058584213257,0.030649829655885696,-0.011197625659406185,0.004956065211445093,0.011740472167730331,-1.1690999269485474,-0.5752963423728943,-0.543692946434021,-0.44290265440940857,-0.33055996894836426,0.15464070439338684,0.4839525520801544,-0.23515866696834564,-0.13348184525966644,-0.364972323179245,-0.057334382086992264,-0.0630117803812027,-0.1456538736820221,3.161205677315593e-05,-0.23495487868785858,-0.043445710092782974,-0.07918519526720047,0.029506251215934753,-0.014201882295310497,-0.04507048428058624,0.07363475859165192,-0.041036974638700485,0.0027269681449979544,0.005233658477663994,-0.03214891254901886,-0.05443618446588516,-0.1055632010102272,0.054041240364313126,0.000785916461609304,-0.1274731308221817,-0.02633386105298996,-0.020814117044210434,-0.05421474203467369,0.05784372240304947,0.0007478277548216283,-0.03649919852614403,-0.029142415151000023,0.011982309632003307,-0.00809011422097683,-0.011292306706309319,1.7915384769439697,0.17872697114944458,-0.6969853639602661,-0.400817334651947,-0.06289701163768768,-0.09407328814268112,-0.001873628469184041,-3.246882988605648e-05,-0.24748684465885162,-0.07771623134613037,-0.0310257188975811,-0.0509449765086174,-0.11110434681177139,-0.12376377731561661,0.0021663345396518707,0.08319687843322754,0.04578263312578201,0.03299681469798088,-0.012831058353185654,-0.023901013657450676,-8.325897215399891e-05,0.05783668905496597,-0.13965687155723572,-0.04836425557732582,-0.013283153995871544,-0.01506569143384695,-0.048639312386512756,-0.04109757021069527,-0.13957709074020386,-0.19799460470676422,1.0176414251327515,1.0600031614303589,-3.044071674346924,0.034288618713617325,-0.18408097326755524,-0.6249176263809204,-0.5049464106559753,-0.5766763091087341,0.4849555492401123,0.2350919097661972,0.1336093544960022,0.06195036694407463,0.06406580656766891,0.14929331839084625,3.0151236057281494,0.2095942199230194,2.6076908111572266,0.4348676800727844,0.16069869697093964,0.36483579874038696
2025/09/08 11:35,1.059407114982605,1.041426420211792,1.016196846961975,1.0172806978225708,1.0192201137542725,1.060146450996399,1.0500366687774658,1.0602301359176636,1.04912269115448,1.045330286026001,1.0500074625015259,1.0487805604934692,1.0440393686294556,1.0307142734527588,1.196643352508545,0.590900719165802,0.5581613779067993,0.4529975652694702,0.33843961358070374,-0.15314888954162598,-0.4773813784122467,0.23440268635749817,0.13549135625362396,0.36290013790130615,0.05856853350996971,0.0638829916715622,0.14671432971954346,-0.0014065378345549107,0.23437045514583588,0.045240893959999084,0.07903134822845459,-0.030715234577655792,0.011897723190486431,0.04576554521918297,-0.05308767408132553,0.05720127001404762,0.006912729237228632,-0.00871394481509924,0.010885337367653847,0.04595959931612015,0.11272887140512466,-0.04227359592914581,0.005672739818692207,0.16002818942070007,0.02463027834892273,0.019725646823644638,0.05722476541996002,-0.05817992985248566,0.005282685626298189,0.03877759352326393,0.030290430411696434,-0.011343860067427158,0.005609139334410429,0.01079025212675333,-1.169716238975525,-0.5758118629455566,-0.5463427305221558,-0.4421401619911194,-0.3311685621738434,0.15456274151802063,0.48451167345046997,-0.23531468212604523,-0.13438165187835693,-0.36440280079841614,-0.057559046894311905,-0.06222837045788765,-0.14420755207538605,7.907242979854345e-05,-0.23506298661231995,-0.042000576853752136,-0.079854816198349,0.030008766800165176,-0.01399759016931057,-0.045063722878694534,0.07362396270036697,-0.03959779441356659,0.003283438738435507,0.004944525193423033,-0.030851803719997406,-0.05366718769073486,-0.1069498211145401,0.05423041433095932,0.0017986055463552475,-0.12705470621585846,-0.025841085240244865,-0.020799515768885612,-0.0553269162774086,0.0599067285656929,0.001333068241365254,-0.037069398909807205,-0.03002646006643772,0.010604116134345531,-0.006316682323813438,-0.011560465209186077,1.7915093898773193,0.17934486269950867,-0.6979463696479797,-0.4002581536769867,-0.06276679784059525,-0.0938430055975914,-0.0018919635331258178,0.0008953185169957578,-0.24682150781154633,-0.07518798112869263,-0.03049316070973873,-0.05181553587317467,-0.11210985481739044,-0.12488043308258057,0.001002978184260428,0.08338941633701324,0.044701386243104935,0.031965889036655426,-0.013314643874764442,-0.023882705718278885,0.0003720924723893404,0.056888412684202194,-0.13998128473758698,-0.049590982496738434,-0.012005403637886047,-0.015028594993054867,-0.046492308378219604,-0.04024721682071686,-0.13955572247505188,-0.19775135815143585,1.0176738500595093,1.0599980354309082,-3.04375958442688,0.03329503536224365,-0.18263718485832214,-0.62577885389328,-0.5051084756851196,-0.5768731832504272,0.4849458932876587,0.23507234454154968,0.1335131824016571,0.061956413090229034,0.06383266299962997,0.14944788813591003,3.0150318145751953,0.20808610320091248,2.6067869663238525,0.4347742795944214,0.15962255001068115,0.36439990997314453
2025/09/08 11:40,1.0595319271087646,1.0417399406433105,1.0162687301635742,1.0171831846237183,1.0192829370498657,1.060625433921814,1.0494829416275024,1.0606768131256104,1.0494078397750854,1.0458084344863892,1.0494357347488403,1.0486257076263428,1.0434027910232544,1.0310935974121094,1.1961873769760132,0.589622437953949,0.5593438148498535,0.45519495010375977,0.33819207549095154,-0.15410691499710083,-0.4781723618507385,0.23489074409008026,0.13467133045196533,0.36183127760887146,0.05789713189005852,0.06392783671617508,0.14875909686088562,-0.0005821107188239694,0.23370380699634552,0.045220836997032166,0.07934138923883438,-0.030471161007881165,0.012030752375721931,0.04479700326919556,-0.05288899317383766,0.05525019019842148,0.005388444289565086,-0.0076096863485872746,0.010327721945941448,0.045202143490314484,0.11253082752227783,-0.04214084520936012,0.0057510193437337875,0.15954546630382538,0.023918017745018005,0.020506594330072403,0.058074191212654114,-0.05877077579498291,0.005179665517061949,0.03776559978723526,0.0314219705760479,-0.01153622381389141,0.005241286009550095,0.010813207365572453,-1.1704350709915161,-0.5742124915122986,-0.5457815527915955,-0.44399508833885193,-0.3316105902194977,0.15643350780010223,0.4846629500389099,-0.23274336755275726,-0.13615483045578003,-0.36588093638420105,-0.05853450670838356,-0.06293484568595886,-0.14552538096904755,0.0004920760402455926,-0.23430365324020386,-0.04284228757023811,-0.07858368009328842,0.02926274947822094,-0.014118523336946964,-0.04491303861141205,0.07297956198453903,-0.0398828350007534,0.002972166519612074,0.005063959863036871,-0.030833067372441292,-0.05364721268415451,-0.10706225037574768,0.05336968973278999,0.0019143644021824002,-0.12826970219612122,-0.024326922371983528,-0.020399300381541252,-0.05571687966585159,0.05986349284648895,0.0017200763104483485,-0.03721429780125618,-0.029663680121302605,0.011484643444418907,-0.005817953031510115,-0.012627852149307728,1.7913719415664673,0.1795971393585205,-0.694420576095581,-0.3989962637424469,-0.06180866062641144,-0.09397975355386734,-0.0023256216663867235,0.0012007389450445771,-0.24721230566501617,-0.07684575766324997,-0.03091714158654213,-0.05219927430152893,-0.11163152009248734,-0.1241137832403183,0.002311882097274065,0.08385085314512253,0.04502519965171814,0.031802233308553696,-0.012869544327259064,-0.022930214181542397,0.0001341417955700308,0.05813409760594368,-0.13927942514419556,-0.04869843274354935,-0.012695888057351112,-0.014676697552204132,-0.0478174053132534,-0.04074466601014137,-0.13948409259319305,-0.1976439207792282,1.0176692008972168,1.0600024461746216,-3.043985366821289,0.033965274691581726,-0.18335853517055511,-0.6258425116539001,-0.5050666332244873,-0.5769394040107727,0.4849221110343933,0.2360709011554718,0.13355877995491028,0.06194987893104553,0.0637522041797638,0.14926818013191223,3.014958381652832,0.20891383290290833,2.606534481048584,0.4349459707736969,0.16054290533065796,0.364451140165329
2025/09/08 11:45,1.0591996908187866,1.0413328409194946,1.0160248279571533,1.0181306600570679,1.0193310976028442,1.060435175895691,1.049778938293457,1.0610281229019165,1.0488767623901367,1.0461357831954956,1.050134301185608,1.0486122369766235,1.0436466932296753,1.0309042930603027,1.1977018117904663,0.5925487279891968,0.5594597458839417,0.4543408751487732,0.3390173316001892,-0.15571905672550201,-0.47802773118019104,0.2336117923259735,0.1358676552772522,0.3624083399772644,0.05816996842622757,0.06669250875711441,0.15015241503715515,-0.0006784159340895712,0.23266291618347168,0.04615689814090729,0.0802619680762291,-0.03155210614204407,0.010295907966792583,0.04760466143488884,-0.05263292416930199,0.056717999279499054,0.006265260744839907,-0.00795734953135252,0.01052407268434763,0.04629358649253845,0.11271551251411438,-0.042741380631923676,0.0048746285028755665,0.15961699187755585,0.024845130741596222,0.020002279430627823,0.057129859924316406,-0.05855996161699295,0.005314038600772619,0.037462018430233,0.03097168728709221,-0.011910336092114449,0.005540202371776104,0.011197167448699474,-1.1704047918319702,-0.5770100951194763,-0.5447424054145813,-0.44314104318618774,-0.3308705687522888,0.15461720526218414,0.4831084907054901,-0.2344886064529419,-0.13466373085975647,-0.36492812633514404,-0.058353547006845474,-0.06255950778722763,-0.14473609626293182,0.0004171548644080758,-0.23655015230178833,-0.043568212538957596,-0.07961100339889526,0.028807099908590317,-0.015071170404553413,-0.04479433223605156,0.07377798110246658,-0.04113397002220154,0.0022176920901983976,0.006337704136967659,-0.03233543038368225,-0.05360442027449608,-0.10665793716907501,0.054448653012514114,0.0009685978293418884,-0.1276971995830536,-0.025584382936358452,-0.019754214212298393,-0.05439690127968788,0.05812655761837959,0.001718680839985609,-0.03684678673744202,-0.028716374188661575,0.011227269656956196,-0.007213988341391087,-0.012512054294347763,1.7922468185424805,0.17879866063594818,-0.6952697038650513,-0.4000641107559204,-0.06280987709760666,-0.09410689771175385,-0.0021730780135840178,0.0008250665268860757,-0.24696117639541626,-0.07698886841535568,-0.03200968727469444,-0.051736876368522644,-0.11202002316713333,-0.12425078451633453,0.0016943542286753654,0.08296377211809158,0.04631832614541054,0.032058365643024445,-0.01230711117386818,-0.023644769564270973,0.0006305082933977246,0.05726564675569534,-0.14001105725765228,-0.048895642161369324,-0.014106404036283493,-0.014225505292415619,-0.04747859388589859,-0.04049433395266533,-0.13962873816490173,-0.1976361721754074,1.0176641941070557,1.0600450038909912,-3.044171094894409,0.034288760274648666,-0.18321463465690613,-0.6260985732078552,-0.504601001739502,-0.5767799615859985,0.4850614070892334,0.23577262461185455,0.13341599702835083,0.062033601105213165,0.06399933993816376,0.1491735875606537,3.0151164531707764,0.20870216190814972,2.607600688934326,0.4349862039089203,0.16056746244430542,0.3641013503074646
2025/09/08 11:50,1.060031533241272,1.0416041612625122,1.0164028406143188,1.017151951789856,1.0195610523223877,1.060827374458313,1.0497242212295532,1.0605562925338745,1.0492388010025024,1.0457545518875122,1.0498214960098267,1.0487406253814697,1.0440571308135986,1.030979871749878,1.1962236166000366,0.5923299193382263,0.5589011311531067,0.4531422257423401,0.3394181430339813,-0.1539117395877838,-0.47774308919906616,0.2340259850025177,0.1353198140859604,0.3626379668712616,0.058779798448085785,0.06471802294254303,0.14878788590431213,-0.001479051890783012,0.23509655892848969,0.04582039266824722,0.07979042083024979,-0.030846795067191124,0.011341349221765995,0.04647831246256828,-0.052541717886924744,0.05819791555404663,0.006545823998749256,-0.007265639025717974,0.010285688564181328,0.04627842456102371,0.11207306385040283,-0.040611688047647476,0.00540188979357481,0.16034667193889618,0.023969953879714012,0.02061666175723076,0.05754801258444786,-0.058299362659454346,0.005110423546284437,0.03824761137366295,0.030812622979283333,-0.011596467345952988,0.005620149429887533,0.010964490473270416,-1.1704683303833008,-0.5756248235702515,-0.5443212985992432,-0.44321897625923157,-0.3316439688205719,0.1548643410205841,0.48444005846977234,-0.23386047780513763,-0.13482506573200226,-0.3642248511314392,-0.05717021971940994,-0.06233004480600357,-0.14456959068775177,0.0002901130064856261,-0.23566269874572754,-0.04353424534201622,-0.08053494989871979,0.029557889327406883,-0.015098320320248604,-0.044829562306404114,0.0740208849310875,-0.04076242819428444,0.0018412030767649412,0.006146554835140705,-0.03249916434288025,-0.05414578318595886,-0.1068452000617981,0.0527462475001812,0.0012963992776349187,-0.12748947739601135,-0.02487454004585743,-0.01917126402258873,-0.054785843938589096,0.05924982205033302,0.0008122969302348793,-0.037013471126556396,-0.03015408292412758,0.0105357076972723,-0.008051673881709576,-0.012452756054699421,1.7920509576797485,0.18069712817668915,-0.6999965310096741,-0.39983081817626953,-0.0620335154235363,-0.09408394247293472,-0.0013542213710024953,-0.00016891992709133774,-0.24632084369659424,-0.07715604454278946,-0.03159303590655327,-0.052156295627355576,-0.11245791614055634,-0.12451209127902985,0.0023347241804003716,0.0842318907380104,0.04453796148300171,0.032052069902420044,-0.012422263622283936,-0.024689767509698868,-0.00011252488184254616,0.058379802852869034,-0.13997022807598114,-0.0492657870054245,-0.012753255665302277,-0.014653079211711884,-0.04734426736831665,-0.04041196033358574,-0.13959623873233795,-0.19786301255226135,1.0176887512207031,1.0599946975708008,-3.044060230255127,0.03406110405921936,-0.18298232555389404,-0.6264577507972717,-0.5049261450767517,-0.5775521993637085,0.4848947525024414,0.23543767631053925,0.1333799958229065,0.06200877204537392,0.06383940577507019,0.1492815911769867,3.0152125358581543,0.20955121517181396,2.6081182956695557,0.43500617146492004,0.15928320586681366,0.36394578218460083
2025/09/08 11:55,1.0599606037139893,1.0411486625671387,1.0163506269454956,1.017390489578247,1.019285798072815,1.0603749752044678,1.0496208667755127,1.0610483884811401,1.0494989156723022,1.0449944734573364,1.0500458478927612,1.0487685203552246,1.043631911277771,1.0303508043289185,1.1975667476654053,0.5907297134399414,0.5590705871582031,0.45405855774879456,0.3382294178009033,-0.15663830935955048,-0.4789878726005554,0.23445206880569458,0.13512840867042542,0.3613584339618683,0.05756838619709015,0.06555148959159851,0.14859391748905182,-0.0014633527025580406,0.23508355021476746,0.04568127915263176,0.08030379563570023,-0.030096033588051796,0.011306863278150558,0.044691167771816254,-0.05197083204984665,0.057255811989307404,0.005440098233520985,-0.0076725417748093605,0.008795851841568947,0.046164073050022125,0.11152102053165436,-0.04116547852754593,0.005248965695500374,0.16008925437927246,0.02369438298046589,0.020864998921751976,0.05722247436642647,-0.058266498148441315,0.0041204835288226604,0.03802071884274483,0.030261501669883728,-0.011952364817261696,0.005580565892159939,0.01087800320237875,-1.1706535816192627,-0.5747846961021423,-0.545282244682312,-0.44273215532302856,-0.3309790790081024,0.15665990114212036,0.4840714931488037,-0.23426902294158936,-0.13475769758224487,-0.3658638894557953,-0.058058302849531174,-0.06281271576881409,-0.1449396312236786,0.0008641053573228419,-0.23519736528396606,-0.043382879346609116,-0.07840236276388168,0.028617266565561295,-0.014562643133103848,-0.04606856778264046,0.0718536302447319,-0.040169719606637955,0.0023366794921457767,0.004989350214600563,-0.031284771859645844,-0.0536707267165184,-0.10580690205097198,0.05278857797384262,0.0018523986218497157,-0.1278475970029831,-0.026145916432142258,-0.01995118148624897,-0.05475946515798569,0.0588434562087059,0.001600216724909842,-0.03849581256508827,-0.029109492897987366,0.010631467215716839,-0.0075975265353918076,-0.011543311178684235,1.7909953594207764,0.18040265142917633,-0.6978350877761841,-0.4000394642353058,-0.06295319646596909,-0.09387516230344772,-0.0014360025525093079,0.0009663552045822144,-0.246583491563797,-0.07603732496500015,-0.03144451975822449,-0.051461294293403625,-0.11232761293649673,-0.1252831220626831,0.002174659399315715,0.08292219787836075,0.045726969838142395,0.03170979022979736,-0.01246850285679102,-0.023574236780405045,0.00035795371513813734,0.057887960225343704,-0.13901297748088837,-0.04813750088214874,-0.012737019918859005,-0.014967495575547218,-0.04839453846216202,-0.040131714195013046,-0.13959182798862457,-0.1977056860923767,1.017634391784668,1.0599844455718994,-3.04415225982666,0.033307209610939026,-0.18327106535434723,-0.6275017261505127,-0.5051220655441284,-0.5775989294052124,0.48494529724121094,0.23509635031223297,0.13420456647872925,0.061977893114089966,0.0636327862739563,0.14888419210910797,3.01511812210083,0.20695814490318298,2.6083569526672363,0.4350113272666931,0.15922677516937256,0.3647693693637848
2025/09/08 12:00,1.0604078769683838,1.0432597398757935,1.0162301063537598,1.0174189805984497,1.0177427530288696,1.0611250400543213,1.049851655960083,1.0596508979797363,1.0478616952896118,1.0451301336288452,1.0495004653930664,1.0473769903182983,1.0441585779190063,1.0315829515457153,1.1962904930114746,0.5961939096450806,0.5503267049789429,0.4584283232688904,0.34464210271835327,-0.13770022988319397,-0.47889813780784607,0.2406250387430191,0.13904571533203125,0.36879491806030273,0.05980824679136276,0.0661725103855133,0.14930839836597443,-0.0010471311397850513,0.23716598749160767,0.047350551933050156,0.08047705143690109,-0.028869159519672394,0.014350373297929764,0.04588049277663231,-0.055596161633729935,0.057358890771865845,0.007361553609371185,-0.00896016601473093,0.012681646272540092,0.04458833485841751,0.1161903440952301,-0.03934752196073532,0.004755816422402859,0.16016317903995514,0.02875460684299469,0.022006381303071976,0.05941617861390114,-0.06249400973320007,0.0083437729626894,0.0366213396191597,0.029859129339456558,-0.013645537197589874,0.007601120509207249,0.014145031571388245,-1.1748539209365845,-0.5757357478141785,-0.5352244973182678,-0.4442463219165802,-0.3357154130935669,0.14175249636173248,0.4833759367465973,-0.23795641958713531,-0.13683272898197174,-0.37287357449531555,-0.06129886582493782,-0.06602910161018372,-0.14904074370861053,-0.0012343948474153876,-0.2386787235736847,-0.04662041366100311,-0.08068222552537918,0.030232803896069527,-0.014819265343248844,-0.04503241553902626,0.07206545025110245,-0.035949524492025375,-0.000723494216799736,0.007060149218887091,-0.030299849808216095,-0.05202072486281395,-0.1052689254283905,0.05265998840332031,0.0014543825527653098,-0.12706239521503448,-0.02958444133400917,-0.019564444199204445,-0.05709143728017807,0.061709266155958176,-0.002917907666414976,-0.03789825364947319,-0.030872484669089317,0.009722051210701466,-0.008164201863110065,-0.015154842287302017,1.7932442426681519,0.17961326241493225,-0.6759448647499084,-0.4057599604129791,-0.06627532839775085,-0.09436938166618347,-0.00013915079762227833,0.00039136389386840165,-0.24960680305957794,-0.07610845565795898,-0.030476979911327362,-0.05235862359404564,-0.1149577870965004,-0.12502440810203552,0.0023649027571082115,0.08447443693876266,0.046961523592472076,0.034929174929857254,-0.011360306292772293,-0.01657220348715782,-0.0006883392343297601,0.06184525787830353,-0.14108693599700928,-0.049065012484788895,-0.014961179345846176,-0.013684213161468506,-0.04904830455780029,-0.04147863760590553,-0.1404016762971878,-0.20046833157539368,1.0173652172088623,1.060119867324829,-3.0459344387054443,0.02679266408085823,-0.189101904630661,-0.6470248699188232,-0.5093433856964111,-0.5833070278167725,0.48395785689353943,0.24058765172958374,0.1365964412689209,0.06319836527109146,0.06513158231973648,0.15279921889305115,3.0138137340545654,0.23735813796520233,2.615569591522217,0.4395815134048462,0.1473110467195511,0.3702482283115387
2025/09/08 12:05,1.0603599548339844,1.0423815250396729,1.0157805681228638,1.0177487134933472,1.0180916786193848,1.060916781425476,1.0503159761428833,1.059552550315857,1.047753095626831,1.0456459522247314,1.0491037368774414,1.0470834970474243,1.0443171262741089,1.0321595668792725,1.1977603435516357,0.5953428149223328,0.551196813583374,0.4573729932308197,0.3444781005382538,-0.1366419792175293,-0.47849470376968384,0.24115175008773804,0.13974004983901978,0.3688526153564453,0.05908030644059181,0.06667677313089371,0.14949482679367065,-0.001684695715084672,0.23792031407356262,0.046402327716350555,0.0805855393409729,-0.028209414333105087,0.014157019555568695,0.04686920344829559,-0.0554795078933239,0.05742986127734184,0.006693897303193808,-0.008945629931986332,0.012901272624731064,0.04342683404684067,0.1152632012963295,-0.03976759314537048,0.005410443991422653,0.15955232083797455,0.02954835817217827,0.02214490808546543,0.0595066212117672,-0.06218712776899338,0.008595626801252365,0.03707657381892204,0.029616080224514008,-0.013361734338104725,0.006922814063727856,0.015083449892699718,-1.1740295886993408,-0.5763667225837708,-0.5359113216400146,-0.44261160492897034,-0.3372654616832733,0.1396244466304779,0.4822269082069397,-0.23938480019569397,-0.13623739778995514,-0.37303826212882996,-0.06010328233242035,-0.06671201437711716,-0.15009741485118866,-0.001662893919274211,-0.2410222291946411,-0.045482080429792404,-0.07897502928972244,0.030483826994895935,-0.013380780816078186,-0.046851176768541336,0.07308927923440933,-0.036690812557935715,0.0005936916568316519,0.004967529326677322,-0.028985243290662766,-0.05307398736476898,-0.1042335256934166,0.05404835566878319,0.0011567939072847366,-0.12709569931030273,-0.030169634148478508,-0.01981532759964466,-0.05686816945672035,0.06235816329717636,-0.0025932651478797197,-0.037206508219242096,-0.030298316851258278,0.009901808574795723,-0.007590055000036955,-0.015471248887479305,1.796259880065918,0.17946740984916687,-0.6758019924163818,-0.4063470959663391,-0.06510850787162781,-0.09439584612846375,-0.0007662040879949927,0.00045425392454490066,-0.2507022023200989,-0.07558666169643402,-0.02990633435547352,-0.05156530812382698,-0.11618968099355698,-0.12384357303380966,0.0015162357594817877,0.08494977653026581,0.04821564257144928,0.03485396131873131,-0.012160777114331722,-0.015877868980169296,-0.00018871616339311004,0.0611688531935215,-0.14094996452331543,-0.0501127615571022,-0.01603551022708416,-0.012998657301068306,-0.05134641379117966,-0.041786570101976395,-0.14030751585960388,-0.2005150318145752,1.017266869544983,1.0600509643554688,-3.045794725418091,0.027116209268569946,-0.18942590057849884,-0.645827054977417,-0.5087350010871887,-0.5831681489944458,0.48407217860221863,0.24015864729881287,0.13690809905529022,0.06326655298471451,0.06530577689409256,0.15243327617645264,3.0139689445495605,0.23740695416927338,2.6157219409942627,0.4392533302307129,0.14541757106781006,0.3712407648563385
2025/09/08 12:10,1.06085205078125,1.042539119720459,1.016363263130188,1.0173395872116089,1.017889380455017,1.0618202686309814,1.0499237775802612,1.0598742961883545,1.0477203130722046,1.0446799993515015,1.0488686561584473,1.0463374853134155,1.0443081855773926,1.0318238735198975,1.196804165840149,0.5959916710853577,0.5518513917922974,0.4590178430080414,0.34428080916404724,-0.1378842145204544,-0.47810590267181396,0.24107207357883453,0.13781723380088806,0.3686157166957855,0.05960458144545555,0.066239133477211,0.1484088897705078,-0.0017136820824816823,0.23916970193386078,0.047975730150938034,0.08126204460859299,-0.027727384120225906,0.013704618439078331,0.04630531370639801,-0.05646667256951332,0.056562889367341995,0.005957216955721378,-0.009623799473047256,0.011851776391267776,0.04346322640776634,0.114595428109169,-0.04041488468647003,0.004621468018740416,0.16145311295986176,0.029452985152602196,0.021839987486600876,0.058566052466630936,-0.06230567768216133,0.008499547839164734,0.038462068885564804,0.030272267758846283,-0.01296057179570198,0.00838509388267994,0.01398739218711853,-1.174494981765747,-0.5760446190834045,-0.537406325340271,-0.4422699213027954,-0.33615773916244507,0.14013360440731049,0.4831804633140564,-0.2388513684272766,-0.136153444647789,-0.3731774687767029,-0.06021996960043907,-0.06696353852748871,-0.14984828233718872,-0.00032986485166475177,-0.2388920783996582,-0.046306464821100235,-0.07983731478452682,0.030737798660993576,-0.012270011007785797,-0.046157144010066986,0.07195974886417389,-0.03600671514868736,0.00030088284984230995,0.0058470359072089195,-0.028573574498295784,-0.052465662360191345,-0.10381855815649033,0.053398363292217255,0.0026229473296552896,-0.127889946103096,-0.029591506347060204,-0.01936356909573078,-0.057950448244810104,0.06173602491617203,-0.0026491666212677956,-0.038220688700675964,-0.02983766421675682,0.009728575125336647,-0.008194469846785069,-0.016063271090388298,1.7943912744522095,0.17912746965885162,-0.6773468852043152,-0.40519362688064575,-0.06594102829694748,-0.09432067722082138,-0.000177496433025226,-0.00029055349295958877,-0.24855835735797882,-0.0770675465464592,-0.030011605471372604,-0.05126691237092018,-0.11443796753883362,-0.12481676042079926,0.001435540383681655,0.08368246257305145,0.04810059443116188,0.034004759043455124,-0.011843266896903515,-0.016021154820919037,-0.0007712332298979163,0.06256188452243805,-0.1408795714378357,-0.047852832823991776,-0.01508475374430418,-0.01302802748978138,-0.05039959400892258,-0.040671028196811676,-0.14030934870243073,-0.20060871541500092,1.0172462463378906,1.0600675344467163,-3.0459237098693848,0.026875678449869156,-0.18939010798931122,-0.6478487253189087,-0.5094430446624756,-0.58355712890625,0.4840126633644104,0.23969990015029907,0.13679060339927673,0.06331974267959595,0.06525801122188568,0.15274804830551147,3.013930082321167,0.2372637838125229,2.615905284881592,0.439593106508255,0.14691570401191711,0.37098371982574463
2025/09/08 12:15,1.060234546661377,1.0428870916366577,1.0157545804977417,1.0169113874435425,1.019005537033081,1.061310052871704,1.0503939390182495,1.0595407485961914,1.0480462312698364,1.0458916425704956,1.0493015050888062,1.0468758344650269,1.0439261198043823,1.0318458080291748,1.197957158088684,0.5949791073799133,0.5494289994239807,0.45877471566200256,0.3456572890281677,-0.13634398579597473,-0.4771828353404999,0.24053189158439636,0.1383579522371292,0.368987500667572,0.05948624759912491,0.06544099003076553,0.14911842346191406,-0.0010973165044561028,0.2381698042154312,0.046285733580589294,0.0811140388250351,-0.02861434407532215,0.014611057937145233,0.04530597850680351,-0.05462910607457161,0.057953424751758575,0.005798165686428547,-0.010270419530570507,0.012750614434480667,0.043625425547361374,0.1152225062251091,-0.04047954082489014,0.00482481112703681,0.1608416885137558,0.028917081654071808,0.022811632603406906,0.059746433049440384,-0.06354133039712906,0.008249817416071892,0.03860793635249138,0.030269788578152657,-0.014689535833895206,0.005440461914986372,0.014415052719414234,-1.1756505966186523,-0.5768762230873108,-0.5372992157936096,-0.4425826966762543,-0.3369426429271698,0.13847076892852783,0.4829493463039398,-0.2382766604423523,-0.13638944923877716,-0.37298914790153503,-0.06017676740884781,-0.06686297804117203,-0.14892588555812836,-0.00024204683722928166,-0.23983123898506165,-0.04691586643457413,-0.07903381437063217,0.030656704679131508,-0.013480772264301777,-0.045707009732723236,0.07237077504396439,-0.03632364794611931,0.00044871564023196697,0.005428239703178406,-0.02886926755309105,-0.051818929612636566,-0.10449544340372086,0.05267547816038132,0.0013327279593795538,-0.12767751514911652,-0.0303416159003973,-0.019544972106814384,-0.057345207780599594,0.06145785003900528,-0.004028608091175556,-0.03726029768586159,-0.03070209175348282,0.010562295094132423,-0.007504482287913561,-0.015821760520339012,1.795765995979309,0.17897556722164154,-0.6750456690788269,-0.40498819947242737,-0.0651772990822792,-0.09437881410121918,-0.00026753279962576926,-2.932865754701197e-05,-0.2497447282075882,-0.07605350017547607,-0.02885681949555874,-0.05194906145334244,-0.1157769113779068,-0.12463254481554031,0.0016966448165476322,0.08585352450609207,0.04667335003614426,0.03515256568789482,-0.011777462437748909,-0.016104063019156456,-0.001093500992283225,0.06284747272729874,-0.14192891120910645,-0.049660444259643555,-0.015469640493392944,-0.012849546037614346,-0.04975341632962227,-0.040069740265607834,-0.14041495323181152,-0.20054291188716888,1.0172522068023682,1.06007981300354,-3.046112298965454,0.02698814682662487,-0.18921655416488647,-0.6468514800071716,-0.5093274116516113,-0.5831264853477478,0.48414677381515503,0.2399948537349701,0.13691501319408417,0.06343045830726624,0.06523103266954422,0.15246453881263733,3.0140633583068848,0.240907683968544,2.6160311698913574,0.4394862949848175,0.14577962458133698,0.3706769645214081
2025/09/08 12:20,1.059939980506897,1.0424479246139526,1.0159099102020264,1.017331838607788,1.0182876586914062,1.0612872838974,1.0500764846801758,1.0596494674682617,1.0481948852539062,1.0457030534744263,1.0488020181655884,1.0474554300308228,1.0437042713165283,1.0321234464645386,1.1976031064987183,0.5950289368629456,0.5516308546066284,0.4597979784011841,0.3452400267124176,-0.13736023008823395,-0.4782121181488037,0.24142982065677643,0.1393553614616394,0.36847391724586487,0.0589776374399662,0.06481904536485672,0.14905354380607605,-0.0015376864466816187,0.2390066385269165,0.04717166721820831,0.08114109188318253,-0.02867431379854679,0.014053171500563622,0.04536319896578789,-0.05474613979458809,0.057162243872880936,0.006613516714423895,-0.010052274912595749,0.013529803603887558,0.0441584587097168,0.11641187220811844,-0.04115074500441551,0.005340535193681717,0.15934158861637115,0.029196567833423615,0.02219887636601925,0.05967741459608078,-0.06128103658556938,0.00888681598007679,0.037803541868925095,0.029807958751916885,-0.013413181528449059,0.007313038222491741,0.014213030226528645,-1.173018217086792,-0.5780062675476074,-0.5365135669708252,-0.4420684576034546,-0.3373030126094818,0.13984212279319763,0.48158320784568787,-0.2388067990541458,-0.13662199676036835,-0.3733712136745453,-0.06059752777218819,-0.06699115037918091,-0.1487852782011032,-0.000803594128228724,-0.23970361053943634,-0.04659408703446388,-0.07945211231708527,0.031392235308885574,-0.013303941115736961,-0.046214256435632706,0.07230666279792786,-0.03577691316604614,0.0006571709527634084,0.005581602919846773,-0.02920207753777504,-0.05331786721944809,-0.10407143086194992,0.05286763235926628,0.0010880203917622566,-0.12660695612430573,-0.030051400884985924,-0.02045276202261448,-0.05818171426653862,0.06213745102286339,-0.003151661017909646,-0.037017252296209335,-0.029745277017354965,0.009640027768909931,-0.007992544211447239,-0.01460287719964981,1.7958520650863647,0.18002866208553314,-0.6736208200454712,-0.4066613018512726,-0.0666092187166214,-0.09592637419700623,-0.00017650399240665138,0.00037564398371614516,-0.2507423758506775,-0.07715223729610443,-0.030739083886146545,-0.05178478732705116,-0.11518838256597519,-0.12476688623428345,0.0014041239628568292,0.08472061157226562,0.046044036746025085,0.03365587070584297,-0.012012745253741741,-0.01647397130727768,-0.00010899014887399971,0.06130363792181015,-0.14127108454704285,-0.05041918903589249,-0.01433955691754818,-0.012980470433831215,-0.05000787973403931,-0.04256029799580574,-0.14023953676223755,-0.200558602809906,1.0172979831695557,1.0600374937057495,-3.045680284500122,0.026597369462251663,-0.1892644613981247,-0.6464177966117859,-0.5088651180267334,-0.583051323890686,0.48412007093429565,0.23997753858566284,0.13671208918094635,0.06321896612644196,0.06521549820899963,0.15254804491996765,3.0140514373779297,0.24125716090202332,2.616178274154663,0.43931901454925537,0.145605206489563,0.3711734712123871
2025/09/08 12:25,1.0598211288452148,1.0428521633148193,1.0161572694778442,1.0170340538024902,1.017851710319519,1.0612449645996094,1.0503345727920532,1.0591435432434082,1.048197865486145,1.045721411705017,1.0490480661392212,1.048096776008606,1.0439878702163696,1.0320786237716675,1.1971209049224854,0.5934637188911438,0.552275538444519,0.4587686359882355,0.3451331853866577,-0.13779734075069427,-0.47939714789390564,0.2405417114496231,0.13944794237613678,0.3677525818347931,0.05774270370602608,0.06570032238960266,0.14896394312381744,-0.00024174340069293976,0.2384495586156845,0.04686637967824936,0.08145062625408173,-0.029360653832554817,0.013856477104127407,0.04502895474433899,-0.054322756826877594,0.056506890803575516,0.006208575796335936,-0.009388783015310764,0.012979552149772644,0.0438833013176918,0.11468681693077087,-0.039768654853105545,0.0059060645289719105,0.15970778465270996,0.029451366513967514,0.02271788939833641,0.05954542011022568,-0.06190428137779236,0.008474976755678654,0.037853825837373734,0.030458949506282806,-0.014489957131445408,0.007766953203827143,0.01350933313369751,-1.1746854782104492,-0.5763626098632812,-0.5367485284805298,-0.44424259662628174,-0.33655157685279846,0.13903386890888214,0.4829860031604767,-0.23843686282634735,-0.1372070610523224,-0.37213701009750366,-0.06117476895451546,-0.06613925099372864,-0.14901618659496307,-0.0012754544150084257,-0.23882350325584412,-0.04690026119351387,-0.08014100790023804,0.030885208398103714,-0.014118474908173084,-0.046089887619018555,0.07160674035549164,-0.035921353846788406,-0.0005101902643218637,0.006069593131542206,-0.029780738055706024,-0.05186182260513306,-0.10532120615243912,0.053318001329898834,0.002051461488008499,-0.12768399715423584,-0.02942177653312683,-0.020046627148985863,-0.05764370411634445,0.06250154972076416,-0.0033930372446775436,-0.03886992484331131,-0.03100735880434513,0.009300768375396729,-0.008237360045313835,-0.014630005694925785,1.7942601442337036,0.17879752814769745,-0.6765356659889221,-0.40754055976867676,-0.0652974545955658,-0.09470050781965256,-0.00038819274050183594,6.029423093423247e-05,-0.24923062324523926,-0.07539013773202896,-0.02918277680873871,-0.05204135552048683,-0.1155150830745697,-0.12581081688404083,0.0013149851001799107,0.08399375528097153,0.046372029930353165,0.03414662927389145,-0.011724802665412426,-0.015804678201675415,-0.0003758236125577241,0.0616818405687809,-0.13936461508274078,-0.04927421733736992,-0.01488165557384491,-0.013320200145244598,-0.049331724643707275,-0.04201497882604599,-0.14028266072273254,-0.20048923790454865,1.0173065662384033,1.0600711107254028,-3.046177625656128,0.026594676077365875,-0.18959498405456543,-0.6461719870567322,-0.5091307759284973,-0.5827658772468567,0.4841468930244446,0.2402597814798355,0.13683336973190308,0.06344406306743622,0.06520814448595047,0.15243378281593323,3.014014720916748,0.23759019374847412,2.6161231994628906,0.4396398067474365,0.14637011289596558,0.37024804949760437
2025/09/08 12:30,1.0599660873413086,1.0427905321121216,1.0157647132873535,1.0174355506896973,1.0181608200073242,1.0609201192855835,1.0502604246139526,1.0595672130584717,1.0478821992874146,1.0455234050750732,1.0495004653930664,1.0477913618087769,1.0434725284576416,1.0324558019638062,1.197353720664978,0.5946013331413269,0.5512787699699402,0.4575037360191345,0.34454214572906494,-0.1372281163930893,-0.4785415530204773,0.24074706435203552,0.13881546258926392,0.3700447678565979,0.059207793325185776,0.06550861150026321,0.1502395123243332,-0.0011772807920351624,0.2374037206172943,0.04689309000968933,0.08083443343639374,-0.030124148353934288,0.014316489920020103,0.045258961617946625,-0.054106444120407104,0.057417988777160645,0.006110813934355974,-0.009614148177206516,0.013812319375574589,0.043763868510723114,0.11457842588424683,-0.04053179919719696,0.0060689193196594715,0.15912561118602753,0.02952435053884983,0.0216230321675539,0.059781063348054886,-0.061802104115486145,0.008258198387920856,0.037297893315553665,0.028979621827602386,-0.014491397887468338,0.007316375616937876,0.013251828029751778,-1.173875093460083,-0.5768505334854126,-0.5370211601257324,-0.4430844187736511,-0.3370151221752167,0.14147044718265533,0.4820816218852997,-0.23826883733272552,-0.13591966032981873,-0.37296584248542786,-0.06097681075334549,-0.0669599249958992,-0.14915600419044495,-0.0011459668166935444,-0.23953962326049805,-0.047176044434309006,-0.07882904261350632,0.029980013146996498,-0.013640793040394783,-0.04721774533390999,0.0715547651052475,-0.0363612174987793,-0.0008599529974162579,0.005694504361599684,-0.027964413166046143,-0.05254804715514183,-0.10479587316513062,0.05319342389702797,0.0015384668949991465,-0.12695153057575226,-0.03122667595744133,-0.020187407732009888,-0.05774687975645065,0.060832105576992035,-0.003191531402990222,-0.03700665012001991,-0.03026540018618107,0.010765192098915577,-0.007020522840321064,-0.013460611924529076,1.7952630519866943,0.17896002531051636,-0.6758021116256714,-0.4067522883415222,-0.06526856869459152,-0.09548113495111465,-0.00047208109754137695,0.0008351701544597745,-0.2485562115907669,-0.07638439536094666,-0.031008277088403702,-0.05218611657619476,-0.1148432195186615,-0.1246892660856247,0.0014607553603127599,0.08436878025531769,0.046088773757219315,0.03402376547455788,-0.011422057636082172,-0.015171395614743233,-0.0002943634463008493,0.06143141910433769,-0.14074738323688507,-0.049647506326436996,-0.014727724716067314,-0.014092912897467613,-0.049510709941387177,-0.04144637659192085,-0.1402980387210846,-0.20051108300685883,1.0173149108886719,1.0600364208221436,-3.046044111251831,0.02653673104941845,-0.18996094167232513,-0.6467042565345764,-0.5085236430168152,-0.5829228758811951,0.48401033878326416,0.24026304483413696,0.13689735531806946,0.0632982924580574,0.06512928009033203,0.15238480269908905,3.0140492916107178,0.2403111755847931,2.616020441055298,0.43959757685661316,0.14532828330993652,0.3709337115287781
2025/09/08 12:35,1.0606266260147095,1.0424134731292725,1.016420602798462,1.0179104804992676,1.017848253250122,1.061440348625183,1.0505824089050293,1.0596930980682373,1.047768235206604,1.0452823638916016,1.0485605001449585,1.0470466613769531,1.043411135673523,1.0318831205368042,1.1984022855758667,0.5969664454460144,0.5493075847625732,0.4594321846961975,0.3456015884876251,-0.1371791958808899,-0.4781528413295746,0.2423604279756546,0.13834074139595032,0.36963561177253723,0.05852707475423813,0.06591209769248962,0.14940769970417023,-0.00021134631242603064,0.2391444742679596,0.047239456325769424,0.08234982937574387,-0.0288536474108696,0.014172689989209175,0.04561837017536163,-0.055907923728227615,0.05689876526594162,0.0070817843079566956,-0.008857009932398796,0.014370257034897804,0.04378030449151993,0.11571521311998367,-0.04085811972618103,0.005071284715086222,0.1600833237171173,0.029434097930788994,0.021789055317640305,0.06029884144663811,-0.06209617480635643,0.008789199404418468,0.03917313739657402,0.03129786252975464,-0.014156566932797432,0.006471850909292698,0.014829757623374462,-1.1747641563415527,-0.5771761536598206,-0.5364061594009399,-0.44343364238739014,-0.3357205390930176,0.13865327835083008,0.48169320821762085,-0.23956619203090668,-0.13614194095134735,-0.3736003637313843,-0.061017077416181564,-0.06593193113803864,-0.14919783174991608,-0.00134650815743953,-0.24008330702781677,-0.04735616594552994,-0.07987774163484573,0.029751935973763466,-0.014142119325697422,-0.046341635286808014,0.07169996947050095,-0.03677869588136673,-0.0004318624269217253,0.006803199183195829,-0.029395829886198044,-0.05206648260354996,-0.10519576072692871,0.0519927442073822,0.0011593641247600317,-0.12575089931488037,-0.029526321217417717,-0.019964661449193954,-0.057605016976594925,0.06163322180509567,-0.004090612288564444,-0.036453474313020706,-0.030344290658831596,0.01032379362732172,-0.00802646391093731,-0.014172516763210297,1.7960151433944702,0.17981573939323425,-0.6752185225486755,-0.40520885586738586,-0.06573575735092163,-0.09544284641742706,-0.0007130412850528955,0.0002753397566266358,-0.25023573637008667,-0.07710333913564682,-0.029247144237160683,-0.051941681653261185,-0.11560332030057907,-0.125724658370018,0.0007141580572351813,0.08304521441459656,0.04646282270550728,0.034571193158626556,-0.01200370118021965,-0.015838487073779106,-0.0009755694773048162,0.061168402433395386,-0.14071306586265564,-0.05035343021154404,-0.015507658943533897,-0.012566429562866688,-0.0500422827899456,-0.04106421768665314,-0.14034831523895264,-0.20047175884246826,1.0172522068023682,1.0600876808166504,-3.04628849029541,0.026673683896660805,-0.19016893208026886,-0.6462963819503784,-0.5088580250740051,-0.5833243727684021,0.4842069447040558,0.24062733352184296,0.13662518560886383,0.0631646066904068,0.06510977447032928,0.15296348929405212,3.0139803886413574,0.23628006875514984,2.6155924797058105,0.4398236870765686,0.14634740352630615,0.37135469913482666
2025/09/08 12:40,1.0605014562606812,1.0430638790130615,1.0162379741668701,1.017171859741211,1.0183061361312866,1.0612887144088745,1.049799919128418,1.0597244501113892,1.047810673713684,1.0460137128829956,1.0492140054702759,1.047212839126587,1.0439202785491943,1.032273292541504,1.1971795558929443,0.5941928625106812,0.5510289072990417,0.4583016633987427,0.34476566314697266,-0.13922062516212463,-0.47761404514312744,0.2409074306488037,0.1383112370967865,0.368112176656723,0.05821515619754791,0.06717821955680847,0.15057197213172913,-0.0011834593024104834,0.23955288529396057,0.0464523620903492,0.08246452361345291,-0.028681395575404167,0.014721287414431572,0.04600018635392189,-0.054603319615125656,0.05757999047636986,0.005565004423260689,-0.009867298416793346,0.013689559884369373,0.04339159280061722,0.11542439460754395,-0.03980059176683426,0.004658590070903301,0.16032898426055908,0.028438124805688858,0.02240513637661934,0.05931920185685158,-0.06220405921339989,0.008844876661896706,0.03610675781965256,0.03184308484196663,-0.013778180815279484,0.005715885665267706,0.01428147591650486,-1.1730878353118896,-0.575015127658844,-0.5369237065315247,-0.4429636597633362,-0.3362122178077698,0.1395612210035324,0.48237329721450806,-0.23768949508666992,-0.1351601928472519,-0.3720536231994629,-0.061014771461486816,-0.06771890074014664,-0.14980736374855042,-0.0011016183998435736,-0.24006082117557526,-0.04688776284456253,-0.08065861463546753,0.030833734199404716,-0.013281485065817833,-0.04457782953977585,0.0715411826968193,-0.036562852561473846,0.0002551489742472768,0.006212716456502676,-0.028878038749098778,-0.05110853537917137,-0.1052270382642746,0.05382252484560013,0.0021651408169418573,-0.12765492498874664,-0.030206087976694107,-0.018663769587874413,-0.05737458914518356,0.06183799356222153,-0.0017140463460236788,-0.03838089108467102,-0.02982432022690773,0.010088298469781876,-0.007077972404658794,-0.014956090599298477,1.794245958328247,0.17841088771820068,-0.6752595901489258,-0.4054413437843323,-0.0663633793592453,-0.09348434209823608,-0.0002678514283616096,0.0009962019976228476,-0.2500080466270447,-0.07479730993509293,-0.030876275151968002,-0.05251850560307503,-0.11488601565361023,-0.12439969927072525,0.0015084106707945466,0.08524119108915329,0.047807008028030396,0.033770088106393814,-0.011834396980702877,-0.01763051375746727,-0.0007629893370904028,0.06133092939853668,-0.1414003074169159,-0.0486614815890789,-0.014972413890063763,-0.012387963943183422,-0.04898183047771454,-0.04114500433206558,-0.14037638902664185,-0.2002214789390564,1.0172797441482544,1.0600560903549194,-3.0457680225372314,0.027096714824438095,-0.1897793859243393,-0.6473259925842285,-0.5092343688011169,-0.5829206109046936,0.48397716879844666,0.240332692861557,0.13678687810897827,0.0633067786693573,0.06511975079774857,0.15235894918441772,3.013702154159546,0.24155840277671814,2.615586519241333,0.43886175751686096,0.14498290419578552,0.3710218667984009
2025/09/08 12:45,1.0599799156188965,1.0426898002624512,1.0160789489746094,1.017382264137268,1.017910361289978,1.0613957643508911,1.0505597591400146,1.0596721172332764,1.0472790002822876,1.0460753440856934,1.0489469766616821,1.0478107929229736,1.0439997911453247,1.0315310955047607,1.197221040725708,0.5955232977867126,0.5524164438247681,0.4590507447719574,0.344551682472229,-0.13710708916187286,-0.47726067900657654,0.2393210232257843,0.13927993178367615,0.37005287408828735,0.058907490223646164,0.06640756875276566,0.14992356300354004,-0.0010746980551630259,0.23836036026477814,0.046276673674583435,0.08179748058319092,-0.0299942996352911,0.013875705190002918,0.04523637518286705,-0.05534495413303375,0.05655096098780632,0.006227260455489159,-0.009176339954137802,0.012417225167155266,0.04476764053106308,0.1140916720032692,-0.039656221866607666,0.004758169874548912,0.16064733266830444,0.030430639162659645,0.02302759885787964,0.060349710285663605,-0.06196128949522972,0.007907962426543236,0.03808199614286423,0.02959604188799858,-0.014211755245923996,0.007325403392314911,0.014312299899756908,-1.174372911453247,-0.5773685574531555,-0.5362616181373596,-0.44422295689582825,-0.33550694584846497,0.13861940801143646,0.48189786076545715,-0.23878918588161469,-0.136362686753273,-0.372477263212204,-0.05965781584382057,-0.06684964895248413,-0.14915421605110168,-0.0003230732399970293,-0.23962552845478058,-0.04704147204756737,-0.07897929102182388,0.030094191431999207,-0.01386777963489294,-0.04633217304944992,0.07228178530931473,-0.036949317902326584,-0.0005153412348590791,0.006325442809611559,-0.029108237475156784,-0.052490461617708206,-0.104770727455616,0.05337994918227196,0.00042331137228757143,-0.1275482177734375,-0.029332129284739494,-0.019722292199730873,-0.05726832523941994,0.061225853860378265,-0.003834374248981476,-0.037347570061683655,-0.03031887300312519,0.009525849483907223,-0.008400283753871918,-0.015405100770294666,1.794623613357544,0.17968779802322388,-0.6778449416160583,-0.40711328387260437,-0.06541947275400162,-0.09572455286979675,-0.0016683571739122272,0.0002132466179318726,-0.2487485557794571,-0.07574332505464554,-0.02986251190304756,-0.051959533244371414,-0.11602837592363358,-0.12481969594955444,0.0014314493164420128,0.08415132761001587,0.04606747627258301,0.03354761004447937,-0.012514045462012291,-0.015331442467868328,-0.0011822703527286649,0.06073126196861267,-0.14055109024047852,-0.05105660855770111,-0.01586836203932762,-0.013925380073487759,-0.05009191110730171,-0.04249246418476105,-0.14035338163375854,-0.20048506557941437,1.0172971487045288,1.0600708723068237,-3.046088218688965,0.027051888406276703,-0.18982292711734772,-0.6462135910987854,-0.5088523030281067,-0.5831748843193054,0.4840429127216339,0.2399325966835022,0.1365285962820053,0.06341736763715744,0.06528662890195847,0.15244562923908234,3.0138232707977295,0.23799322545528412,2.6164515018463135,0.4391185939311981,0.145146906375885,0.3707480728626251
2025/09/08 12:50,1.0598971843719482,1.04306161403656,1.0152812004089355,1.0172070264816284,1.0179545879364014,1.061134934425354,1.0503544807434082,1.0589371919631958,1.0480427742004395,1.0455398559570312,1.0493801832199097,1.0472800731658936,1.0433681011199951,1.0318198204040527,1.1974005699157715,0.5950161814689636,0.5502499341964722,0.45716437697410583,0.3449762165546417,-0.13879576325416565,-0.479583203792572,0.24054878950119019,0.1387302577495575,0.3697650134563446,0.05859025567770004,0.06569239497184753,0.15082505345344543,-0.0003643817617557943,0.23701536655426025,0.04689253121614456,0.08199137449264526,-0.029949871823191643,0.014725168235599995,0.045738011598587036,-0.05406360328197479,0.05687214806675911,0.005977626424282789,-0.009485207498073578,0.013066364452242851,0.044754885137081146,0.11531690508127213,-0.040944624692201614,0.005828722380101681,0.15941369533538818,0.030200544744729996,0.022750088945031166,0.06097707524895668,-0.06314857304096222,0.00855319481343031,0.03707503527402878,0.030598532408475876,-0.014744347892701626,0.006246695760637522,0.013696040026843548,-1.1746550798416138,-0.5762824416160583,-0.5353473424911499,-0.44385045766830444,-0.33670198917388916,0.1391802728176117,0.48244231939315796,-0.23861879110336304,-0.13722673058509827,-0.37268292903900146,-0.060982901602983475,-0.06673908978700638,-0.1480034589767456,-0.0005194612895138562,-0.2387390434741974,-0.04721267148852348,-0.07906821370124817,0.031334035098552704,-0.01370704174041748,-0.04569553583860397,0.07267258316278458,-0.036022912710905075,-0.0006795298540964723,0.006265942472964525,-0.02934843674302101,-0.052773550152778625,-0.10515142232179642,0.05361199378967285,0.0016912083374336362,-0.12661702930927277,-0.03133849427103996,-0.019208820536732674,-0.057255666702985764,0.06171690300107002,-0.003493725089356303,-0.0373062938451767,-0.03118186630308628,0.010436655953526497,-0.008089439012110233,-0.015007467940449715,1.7949957847595215,0.1782606542110443,-0.6767333745956421,-0.4063509404659271,-0.06558103114366531,-0.0933961272239685,-0.00020419896463863552,5.1298586186021566e-05,-0.24966548383235931,-0.07599856704473495,-0.03068985603749752,-0.051799677312374115,-0.11503524333238602,-0.12531380355358124,0.000836756604257971,0.08444566279649734,0.046781573444604874,0.035632144659757614,-0.011937233619391918,-0.015667777508497238,-0.00032217783154919744,0.060477398335933685,-0.13993370532989502,-0.05028901621699333,-0.015474597923457623,-0.013242203742265701,-0.048935823142528534,-0.04079761728644371,-0.14026178419589996,-0.20057964324951172,1.0172919034957886,1.060103178024292,-3.0462570190429688,0.026825590059161186,-0.18974387645721436,-0.6471856236457825,-0.5090624094009399,-0.5830817222595215,0.4840276837348938,0.23997654020786285,0.13714812695980072,0.06328566372394562,0.06525162607431412,0.15245406329631805,3.014056444168091,0.23657146096229553,2.61611008644104,0.4394560754299164,0.14534811675548553,0.37051987648010254
2025/09/08 12:55,1.060416340827942,1.042958378791809,1.0165247917175293,1.0175446271896362,1.01834237575531,1.0613155364990234,1.0501210689544678,1.0594892501831055,1.0476925373077393,1.0452138185501099,1.0490171909332275,1.0473135709762573,1.0441197156906128,1.0321983098983765,1.197340726852417,0.5951123237609863,0.550962507724762,0.4584561586380005,0.3451697528362274,-0.13774096965789795,-0.47840937972068787,0.2410729080438614,0.13871461153030396,0.3688322603702545,0.05903112515807152,0.06594203412532806,0.14932498335838318,-1.1959869880229235e-05,0.23824720084667206,0.046250201761722565,0.08163102716207504,-0.028348226100206375,0.014127773232758045,0.045539580285549164,-0.054874666035175323,0.05668637901544571,0.006288755219429731,-0.009896257892251015,0.012879208661615849,0.04439441114664078,0.11473698914051056,-0.03990209102630615,0.005844202823936939,0.16039815545082092,0.029440224170684814,0.022373400628566742,0.06042347475886345,-0.06282104551792145,0.008708971552550793,0.03762247785925865,0.030079416930675507,-0.013629595749080181,0.006804121192544699,0.014170397073030472,-1.1755127906799316,-0.5759965181350708,-0.5357480645179749,-0.44473376870155334,-0.33601874113082886,0.13938608765602112,0.48356297612190247,-0.2385886013507843,-0.13675345480442047,-0.37351012229919434,-0.06133170425891876,-0.0662807822227478,-0.14918112754821777,-0.0011668249499052763,-0.23937927186489105,-0.047203145921230316,-0.08007783442735672,0.030888166278600693,-0.013674081303179264,-0.046505849808454514,0.07193402945995331,-0.03699764236807823,0.00018484126485418528,0.006331456359475851,-0.029720477759838104,-0.05146992206573486,-0.10497644543647766,0.05298815295100212,0.0015948707005009055,-0.12724478542804718,-0.029877519235014915,-0.018771519884467125,-0.0579192116856575,0.06150161474943161,-0.00278633669950068,-0.0386587530374527,-0.030408576130867004,0.010090424679219723,-0.0075480323284864426,-0.014849145896732807,1.794959306716919,0.17832031846046448,-0.6766995191574097,-0.40463224053382874,-0.06575792282819748,-0.09429918229579926,-0.0002563793386798352,-0.00032760004978626966,-0.2488066554069519,-0.07584274560213089,-0.029438594356179237,-0.05205928906798363,-0.11421084403991699,-0.12519381940364838,0.0009493871475569904,0.08452396094799042,0.04663622006773949,0.03389905393123627,-0.01261552982032299,-0.016179868951439857,0.00037332007195800543,0.062400173395872116,-0.14057257771492004,-0.049493949860334396,-0.01494135707616806,-0.012754227966070175,-0.04922480508685112,-0.040933385491371155,-0.14030902087688446,-0.20052650570869446,1.0173393487930298,1.06007981300354,-3.0460519790649414,0.026815135031938553,-0.18923047184944153,-0.6458573341369629,-0.5093247294425964,-0.5833575129508972,0.48417142033576965,0.2400588095188141,0.13681721687316895,0.06335321813821793,0.06532995402812958,0.15275561809539795,3.013784170150757,0.23812523484230042,2.6158130168914795,0.4393687844276428,0.14624051749706268,0.370797336101532
2025/09/08 13:00,1.0598872900009155,1.0411988496780396,1.016275405883789,1.0178592205047607,1.018904447555542,1.060741662979126,1.0486681461334229,1.0611188411712646,1.0489130020141602,1.0427902936935425,1.048784613609314,1.047996163368225,1.0422241687774658,1.0303454399108887,1.1965848207473755,0.5987102389335632,0.5397298336029053,0.46148568391799927,0.3472324311733246,-0.12237931787967682,-0.4770282804965973,0.24462752044200897,0.14424923062324524,0.37724754214286804,0.06218860670924187,0.06665320694446564,0.15308474004268646,0.0024393475614488125,0.24490900337696075,0.045807186514139175,0.08198779821395874,-0.02978949062526226,0.012380903586745262,0.04942808672785759,-0.05530165508389473,0.05624191462993622,0.0038473126478493214,-0.008020561188459396,0.017203308641910553,0.04317021369934082,0.1158076599240303,-0.04135754704475403,0.009066052734851837,0.159513920545578,0.028988691046833992,0.02107066661119461,0.0611390620470047,-0.06544140726327896,0.011587290093302727,0.035125963389873505,0.02994593232870102,-0.012914557941257954,0.006467018276453018,0.01648814231157303,-1.1713323593139648,-0.5849584341049194,-0.5289767384529114,-0.4509853422641754,-0.3392409086227417,0.1273573935031891,0.47858163714408875,-0.24368605017662048,-0.1401013433933258,-0.37579625844955444,-0.06317473202943802,-0.06583181023597717,-0.1493389904499054,-0.0013889791443943977,-0.2435808628797531,-0.04744364321231842,-0.08068927377462387,0.032133471220731735,-0.012739574536681175,-0.04609053581953049,0.07462858408689499,-0.038126297295093536,0.0009331302717328072,0.0038187657482922077,-0.03309524431824684,-0.054816968739032745,-0.10238168388605118,0.055347613990306854,0.0034435526467859745,-0.12349177896976471,-0.03230205178260803,-0.01794072985649109,-0.06019305810332298,0.0629250556230545,-0.0033492385409772396,-0.03699135780334473,-0.029702425003051758,0.012731443159282207,-0.007302314508706331,-0.015617324970662594,1.7979516983032227,0.1788703352212906,-0.6530817747116089,-0.4136374592781067,-0.06756064295768738,-0.09693954139947891,-0.0005743359215557575,0.0020443391986191273,-0.25555238127708435,-0.07751662284135818,-0.031234676018357277,-0.05318980664014816,-0.1179056316614151,-0.12917187809944153,0.0028936071321368217,0.08595681190490723,0.044840238988399506,0.03066873922944069,-0.016478896141052246,-0.010646139271557331,0.0006798819522373378,0.06470359116792679,-0.14297839999198914,-0.0499802902340889,-0.01752748340368271,-0.01247661653906107,-0.049637921154499054,-0.04422154277563095,-0.14076419174671173,-0.2022971510887146,1.0169918537139893,1.0600022077560425,-3.0477986335754395,0.02089410461485386,-0.1934075504541397,-0.6633254289627075,-0.5135335922241211,-0.5884131789207458,0.4827440679073334,0.24427500367164612,0.13948482275009155,0.06497125327587128,0.06648582220077515,0.15570078790187836,3.012625217437744,0.26563313603401184,2.622565984725952,0.4420441687107086,0.1341509073972702,0.37573444843292236
2025/09/08 13:05,1.0604345798492432,1.0414178371429443,1.0167620182037354,1.017442226409912,1.018349051475525,1.0610041618347168,1.0486263036727905,1.0613248348236084,1.0488232374191284,1.0433323383331299,1.0484843254089355,1.0485074520111084,1.0428621768951416,1.0305002927780151,1.1967010498046875,0.5992502570152283,0.541642427444458,0.4619753658771515,0.3486129343509674,-0.12627580761909485,-0.47752928733825684,0.2457384169101715,0.1432158201932907,0.3782389760017395,0.06194194778800011,0.06573653221130371,0.15412209928035736,0.00209050253033638,0.24584700167179108,0.04605746641755104,0.08122988790273666,-0.03058888390660286,0.012827710248529911,0.047868143767118454,-0.055236924439668655,0.056511588394641876,0.004405060783028603,-0.006493681576102972,0.01659616455435753,0.043118856847286224,0.11535874009132385,-0.04015557840466499,0.00909292884171009,0.15942560136318207,0.027678780257701874,0.021861469373106956,0.06221535801887512,-0.06500619649887085,0.012671468779444695,0.03692316636443138,0.029609039425849915,-0.013100109994411469,0.008234978653490543,0.01569627970457077,-1.1709058284759521,-0.5820299983024597,-0.5298706293106079,-0.4515223801136017,-0.3394240736961365,0.12728752195835114,0.48023271560668945,-0.24311722815036774,-0.1408361941576004,-0.37682297825813293,-0.0619603656232357,-0.06664439290761948,-0.1475464254617691,-0.00025021476903930306,-0.24455344676971436,-0.04722866788506508,-0.0816580280661583,0.03249647468328476,-0.01235207449644804,-0.04530586302280426,0.0738367885351181,-0.03781728073954582,0.0007776233833283186,0.005850691813975573,-0.032326746731996536,-0.05403613671660423,-0.10231766849756241,0.05465198680758476,0.004651566967368126,-0.12226854264736176,-0.0308227501809597,-0.017228325828909874,-0.05983581393957138,0.06278809159994125,-0.004894580692052841,-0.03730373829603195,-0.030296167358756065,0.0118229566141963,-0.006356308236718178,-0.0153274554759264,1.796927809715271,0.17997923493385315,-0.6520265936851501,-0.4135158360004425,-0.06618350744247437,-0.0978514775633812,0.00019768835045397282,0.00255777919664979,-0.25642555952072144,-0.0775909274816513,-0.03069540485739708,-0.05357174947857857,-0.118057481944561,-0.12905606627464294,0.002273845486342907,0.08652558922767639,0.04436101019382477,0.032599933445453644,-0.015284495428204536,-0.011059155687689781,0.0004394185380078852,0.06469866633415222,-0.1422514170408249,-0.049361515790224075,-0.020031819120049477,-0.01326780766248703,-0.04936842620372772,-0.043958283960819244,-0.14079611003398895,-0.20199166238307953,1.01702082157135,1.0601071119308472,-3.0477633476257324,0.021105512976646423,-0.1938484162092209,-0.6618495583534241,-0.5133990049362183,-0.5885375142097473,0.48280060291290283,0.24457533657550812,0.1390300989151001,0.06472931057214737,0.06638230383396149,0.15541309118270874,3.0125041007995605,0.27040544152259827,2.622673273086548,0.44215285778045654,0.13394734263420105,0.3759826123714447
2025/09/08 13:10,1.0601937770843506,1.04090416431427,1.0166077613830566,1.0175549983978271,1.0181039571762085,1.0610767602920532,1.0491327047348022,1.0613458156585693,1.0479434728622437,1.0428677797317505,1.0486496686935425,1.0478049516677856,1.041927695274353,1.0305368900299072,1.1994373798370361,0.6002309322357178,0.5404537916183472,0.46141812205314636,0.3472491502761841,-0.12566596269607544,-0.4775814712047577,0.2450237274169922,0.1432565599679947,0.37768295407295227,0.061122436076402664,0.06677088886499405,0.15393133461475372,0.0016214540228247643,0.24577823281288147,0.04658012092113495,0.08275727182626724,-0.028952641412615776,0.013212735764682293,0.0495741032063961,-0.05575760081410408,0.05631500110030174,0.0046868594363331795,-0.006981971208006144,0.0156474057585001,0.04085194692015648,0.11617155373096466,-0.04199076071381569,0.008918995968997478,0.15897482633590698,0.029123840853571892,0.021505888551473618,0.06097427383065224,-0.06483583897352219,0.011656252667307854,0.035837724804878235,0.030265426263213158,-0.012623876333236694,0.007936467416584492,0.015664657577872276,-1.1708346605300903,-0.5836806893348694,-0.5288971066474915,-0.449709951877594,-0.3388218879699707,0.12607701122760773,0.47980067133903503,-0.24409766495227814,-0.14006376266479492,-0.3780164420604706,-0.06271617114543915,-0.0661262795329094,-0.14971129596233368,-0.00043218309292569757,-0.24406346678733826,-0.0491277314722538,-0.0817004069685936,0.03147280961275101,-0.012474548071622849,-0.04609796777367592,0.07364431768655777,-0.037015967071056366,0.0012246313272044063,0.005557629745453596,-0.033211447298526764,-0.054388877004384995,-0.1024133637547493,0.055032044649124146,0.004189641680568457,-0.12331557273864746,-0.031290289014577866,-0.017282968387007713,-0.05908514931797981,0.06257009506225586,-0.005184839479625225,-0.03699067607522011,-0.03018050827085972,0.013331516645848751,-0.00771605409681797,-0.015160154551267624,1.798080563545227,0.18031039834022522,-0.654127299785614,-0.41447100043296814,-0.06697701662778854,-0.0976724773645401,-0.0003705437993630767,0.0015110457316040993,-0.25579139590263367,-0.07739114761352539,-0.03068120963871479,-0.052847109735012054,-0.11854495108127594,-0.12918871641159058,0.0015225912211462855,0.08492007106542587,0.045485496520996094,0.03301313892006874,-0.015255767852067947,-0.009629379026591778,-5.936907109571621e-05,0.065407894551754,-0.14224663376808167,-0.05022934079170227,-0.019412869587540627,-0.013149375095963478,-0.05060213804244995,-0.04277130216360092,-0.14077727496623993,-0.20203419029712677,1.0169697999954224,1.05998957157135,-3.0479860305786133,0.021242789924144745,-0.1939866691827774,-0.6617271900177002,-0.5132171511650085,-0.5885820388793945,0.4826626777648926,0.24463629722595215,0.1394016146659851,0.06492149084806442,0.06657581031322479,0.1556033045053482,3.0125732421875,0.2649890184402466,2.6237640380859375,0.4426150918006897,0.13367131352424622,0.3759310841560364
2025/09/08 13:15,1.060437560081482,1.0411033630371094,1.016491413116455,1.0176182985305786,1.0186980962753296,1.0607717037200928,1.0491204261779785,1.0610971450805664,1.0489002466201782,1.0432138442993164,1.0487825870513916,1.0477811098098755,1.0420856475830078,1.0301642417907715,1.1992156505584717,0.6004220247268677,0.5394585132598877,0.46161383390426636,0.3474012017250061,-0.12401404231786728,-0.4781237244606018,0.24503377079963684,0.1434733271598816,0.377856582403183,0.06145029515028,0.06591840833425522,0.15305988490581512,0.0028570627328008413,0.2457549124956131,0.04719552397727966,0.08295752853155136,-0.029879972338676453,0.013649183325469494,0.04879108816385269,-0.055196065455675125,0.05621187761425972,0.0044020614586770535,-0.008145325817167759,0.015327809378504753,0.04186389222741127,0.11503610759973526,-0.04090080410242081,0.008385925553739071,0.15945085883140564,0.02875875122845173,0.0217750184237957,0.06139817833900452,-0.06481413543224335,0.012016326189041138,0.035684533417224884,0.030281931161880493,-0.012950165197253227,0.007055816240608692,0.015988867729902267,-1.1712431907653809,-0.5840896368026733,-0.5289903879165649,-0.44949477910995483,-0.3400069773197174,0.1260119527578354,0.47917476296424866,-0.244706392288208,-0.14044678211212158,-0.3769281208515167,-0.06258954852819443,-0.06683913618326187,-0.14924021065235138,-0.00027653243159875274,-0.2442140281200409,-0.04767278954386711,-0.08075090497732162,0.032683562487363815,-0.011680583469569683,-0.046085573732852936,0.07388696819543839,-0.03704870119690895,0.0015177850145846605,0.005403192713856697,-0.03292729705572128,-0.053844988346099854,-0.1028100848197937,0.055318716913461685,0.004323937930166721,-0.12326080352067947,-0.03226267173886299,-0.018439948558807373,-0.060224499553442,0.06201815977692604,-0.005390508100390434,-0.036829687654972076,-0.03007880598306656,0.012152374722063541,-0.0080497981980443,-0.01580880396068096,1.7986342906951904,0.17828857898712158,-0.6529990434646606,-0.41376614570617676,-0.06751127541065216,-0.09702607244253159,-0.00022872805129736662,0.0022578968200832605,-0.2564762532711029,-0.07749982178211212,-0.03011288307607174,-0.0526958629488945,-0.11741385608911514,-0.1292017549276352,0.0012612617574632168,0.08616483211517334,0.04526445269584656,0.031904611736536026,-0.01615692302584648,-0.00979981105774641,-0.00044276576954871416,0.06396295130252838,-0.1421147584915161,-0.04990863427519798,-0.018757237121462822,-0.012890380807220936,-0.049913112074136734,-0.04270907863974571,-0.14077983796596527,-0.20216266810894012,1.0169767141342163,1.059973120689392,-3.0477705001831055,0.021251430734992027,-0.19388362765312195,-0.6615315079689026,-0.5133525729179382,-0.5883742570877075,0.4826796054840088,0.24434269964694977,0.1393403559923172,0.06487826257944107,0.06650403141975403,0.15551874041557312,3.0125772953033447,0.26563534140586853,2.622842311859131,0.44212865829467773,0.13420847058296204,0.37574395537376404
2025/09/08 13:20,1.060280203819275,1.0404775142669678,1.0163094997406006,1.017348289489746,1.0184611082077026,1.0609910488128662,1.0492620468139648,1.0614908933639526,1.0485193729400635,1.0435011386871338,1.048614263534546,1.0479310750961304,1.0425950288772583,1.0304702520370483,1.1986624002456665,0.5983214378356934,0.5409539937973022,0.46288326382637024,0.34708234667778015,-0.12431857734918594,-0.4762367308139801,0.2435968518257141,0.14316076040267944,0.3762374818325043,0.06192387267947197,0.06591130048036575,0.15411247313022614,0.0017783857183530927,0.2454420030117035,0.04556836932897568,0.08334357291460037,-0.029162956401705742,0.01303947065025568,0.04884791374206543,-0.05606820806860924,0.056922122836112976,0.00406699487939477,-0.007751083001494408,0.014932497404515743,0.04176154360175133,0.11452367156744003,-0.04099151864647865,0.008258935995399952,0.159542515873909,0.02918371371924877,0.02072121948003769,0.06118965148925781,-0.06376761943101883,0.012162748724222183,0.03652322292327881,0.029631422832608223,-0.012359284795820713,0.007706986274570227,0.014920937828719616,-1.1696993112564087,-0.5830981135368347,-0.5294241309165955,-0.4501936137676239,-0.34000691771507263,0.12620767951011658,0.4809005558490753,-0.24359041452407837,-0.14030565321445465,-0.37745609879493713,-0.06267821043729782,-0.06644730269908905,-0.14786826074123383,-0.0008646986680105329,-0.24357281625270844,-0.04809516295790672,-0.08207765221595764,0.03175681084394455,-0.011821657419204712,-0.04534707963466644,0.07321003824472427,-0.03810978680849075,0.0015824445290490985,0.004132470116019249,-0.03218122944235802,-0.05456128343939781,-0.10308718681335449,0.05495135113596916,0.004500427283346653,-0.12286142259836197,-0.03184114769101143,-0.017342396080493927,-0.05903685837984085,0.06206405162811279,-0.005029241554439068,-0.03749243915081024,-0.030414005741477013,0.011494635604321957,-0.0066215661354362965,-0.01560774352401495,1.7963615655899048,0.17955149710178375,-0.6541075706481934,-0.4143828749656677,-0.0671626552939415,-0.09744083881378174,-0.00015073735266923904,0.000575552461668849,-0.2570541501045227,-0.07837864756584167,-0.03075343370437622,-0.052447568625211716,-0.1175147294998169,-0.12893341481685638,0.0017760952468961477,0.08602438122034073,0.04503455013036728,0.032955922186374664,-0.015356925316154957,-0.01145392656326294,7.271755021065474e-05,0.0653018206357956,-0.14187335968017578,-0.04814901947975159,-0.018701652064919472,-0.0138441426679492,-0.050735954195261,-0.04289902374148369,-0.14071524143218994,-0.202133446931839,1.0170385837554932,1.0600144863128662,-3.0477042198181152,0.021731020882725716,-0.19372785091400146,-0.6617432832717896,-0.5133012533187866,-0.5885380506515503,0.4825959801673889,0.24423156678676605,0.1392611563205719,0.0647832378745079,0.06651898473501205,0.1555916666984558,3.0124197006225586,0.2715299129486084,2.6230309009552,0.4422377943992615,0.13482575118541718,0.376124769449234
2025/09/08 13:25,1.0603379011154175,1.041008472442627,1.0163224935531616,1.0176119804382324,1.0183225870132446,1.060942530632019,1.0488189458847046,1.0615627765655518,1.0485485792160034,1.043771743774414,1.0486921072006226,1.0482172966003418,1.0423777103424072,1.0307254791259766,1.1976120471954346,0.6002146005630493,0.540988564491272,0.4611080288887024,0.3484669625759125,-0.12484323978424072,-0.4776054918766022,0.24511681497097015,0.14347366988658905,0.3779696524143219,0.061075687408447266,0.06570538133382797,0.1537163257598877,0.0017951671034097672,0.24567002058029175,0.04549068212509155,0.08109447360038757,-0.0297080148011446,0.014071274548768997,0.04922144114971161,-0.05544289946556091,0.05791822075843811,0.005304454360157251,-0.006932656746357679,0.01613379642367363,0.04135878384113312,0.11670592427253723,-0.04048941656947136,0.007604312617331743,0.1590469479560852,0.030182795599102974,0.0213701780885458,0.06239555776119232,-0.06420998275279999,0.01288039330393076,0.03630929812788963,0.029986118897795677,-0.011543767526745796,0.008902066387236118,0.01597343198955059,-1.1708052158355713,-0.5827223062515259,-0.5285241603851318,-0.45057928562164307,-0.3399326503276825,0.12718817591667175,0.478756308555603,-0.24310585856437683,-0.13977603614330292,-0.37701940536499023,-0.06166549399495125,-0.06575867533683777,-0.14914123713970184,-0.0008407067507505417,-0.24382956326007843,-0.04856446757912636,-0.08180172741413116,0.03283986076712608,-0.010913847014307976,-0.04526131600141525,0.07477699220180511,-0.037076521664857864,0.0008893809281289577,0.005026023369282484,-0.03246709704399109,-0.05312713235616684,-0.1039639338850975,0.05405677855014801,0.0037964624352753162,-0.12313167005777359,-0.03127718344330788,-0.01755683310329914,-0.059293679893016815,0.06276056915521622,-0.00450345641002059,-0.03634968027472496,-0.031238583847880363,0.011765564791858196,-0.008375902660191059,-0.014919153414666653,1.7975764274597168,0.1805754154920578,-0.6545215845108032,-0.4146345853805542,-0.06659995764493942,-0.09737800806760788,0.0007068507838994265,0.001369779696688056,-0.2560555934906006,-0.07754094153642654,-0.03104030154645443,-0.052863407880067825,-0.11810149252414703,-0.12999990582466125,0.001427514711394906,0.08628039807081223,0.045150768011808395,0.032474059611558914,-0.01580539532005787,-0.009359316900372505,-0.0005278089083731174,0.06418958306312561,-0.1419352889060974,-0.04908854886889458,-0.019521763548254967,-0.013214646838605404,-0.050319891422986984,-0.042564794421195984,-0.14078068733215332,-0.20237387716770172,1.0170217752456665,1.0600018501281738,-3.047881841659546,0.021059438586235046,-0.193995863199234,-0.6629819273948669,-0.5131879448890686,-0.5884820222854614,0.48269152641296387,0.2439509779214859,0.13915540277957916,0.0648433044552803,0.06655356287956238,0.15571185946464539,3.012608766555786,0.26723790168762207,2.6233577728271484,0.44234761595726013,0.13507357239723206,0.3761836886405945
2025/09/08 13:30,1.0600814819335938,1.0407421588897705,1.0165032148361206,1.0183249711990356,1.018868327140808,1.061110496520996,1.0492303371429443,1.0616302490234375,1.0481750965118408,1.0435116291046143,1.0489590167999268,1.0485093593597412,1.0425065755844116,1.0305728912353516,1.197342872619629,0.6002881526947021,0.5402723550796509,0.461810827255249,0.347140371799469,-0.12455794960260391,-0.47629863023757935,0.24527597427368164,0.14407245814800262,0.37865838408470154,0.06177534535527229,0.06629427522420883,0.15388762950897217,0.0010232729837298393,0.24575872719287872,0.045539725571870804,0.0819147378206253,-0.029781725257635117,0.01344017218798399,0.049592822790145874,-0.054115161299705505,0.057557448744773865,0.004427062813192606,-0.008077063597738743,0.01683817431330681,0.04199812933802605,0.11531982570886612,-0.041929420083761215,0.008045757189393044,0.1592494696378708,0.03090619295835495,0.020866522565484047,0.0618768185377121,-0.06446795910596848,0.013494741171598434,0.036821477115154266,0.028292732313275337,-0.01247240137308836,0.00812146533280611,0.015835382044315338,-1.1706349849700928,-0.5845314264297485,-0.5295420289039612,-0.45038366317749023,-0.34052926301956177,0.12715162336826324,0.4782812297344208,-0.2437870055437088,-0.13986526429653168,-0.3766207993030548,-0.06312696635723114,-0.06624887883663177,-0.1488766372203827,-0.001231360132806003,-0.24553275108337402,-0.047058966010808945,-0.08125344663858414,0.03227025642991066,-0.01205367874354124,-0.04599269479513168,0.07464104890823364,-0.03892854228615761,0.0015789724420756102,0.005083169788122177,-0.03241846337914467,-0.05460723116993904,-0.10189662873744965,0.05526406690478325,0.0031833467073738575,-0.12315378338098526,-0.032811522483825684,-0.018346501514315605,-0.059733856469392776,0.06154254451394081,-0.0052252537570893764,-0.036283209919929504,-0.029257016256451607,0.01206942554563284,-0.006354591343551874,-0.015435327775776386,1.7984395027160645,0.1795826256275177,-0.6515188813209534,-0.4147339463233948,-0.06802725791931152,-0.09878171980381012,0.000631155853625387,0.002034625969827175,-0.25727495551109314,-0.07778947800397873,-0.030409449711441994,-0.05248241871595383,-0.1182626336812973,-0.12837649881839752,0.0010716118849813938,0.08655530214309692,0.04421291500329971,0.03253211826086044,-0.016085309907794,-0.010952920652925968,-0.0002705098013393581,0.06464733928442001,-0.142269566655159,-0.04885304346680641,-0.01948629505932331,-0.012663012370467186,-0.04903924837708473,-0.04313274845480919,-0.1407896876335144,-0.20199532806873322,1.0169967412948608,1.0600241422653198,-3.047786235809326,0.021313942968845367,-0.1935521513223648,-0.6619395613670349,-0.5131404399871826,-0.5880834460258484,0.48278120160102844,0.24394722282886505,0.1390495002269745,0.064781554043293,0.06661096960306168,0.1552264392375946,3.012587547302246,0.27218741178512573,2.6230649948120117,0.4421290159225464,0.1341458410024643,0.3758038580417633
2025/09/08 13:35,1.0595685243606567,1.0412694215774536,1.0163084268569946,1.0180771350860596,1.0181523561477661,1.0606406927108765,1.0488440990447998,1.0612603425979614,1.0482631921768188,1.0435117483139038,1.0486479997634888,1.0481630563735962,1.0420278310775757,1.0308696031570435,1.197902798652649,0.5993728637695312,0.5404427647590637,0.46215036511421204,0.34720656275749207,-0.12428051978349686,-0.47566309571266174,0.2458944022655487,0.14306563138961792,0.3775157630443573,0.06117316335439682,0.06634978950023651,0.15290284156799316,0.0015111687825992703,0.2465561032295227,0.046678364276885986,0.08320094645023346,-0.029571255668997765,0.012395406141877174,0.049158573150634766,-0.05502922087907791,0.05680396407842636,0.003928279038518667,-0.007153213489800692,0.01616758480668068,0.040769312530756,0.1157144233584404,-0.041838955134153366,0.008014088496565819,0.1595362424850464,0.02977033704519272,0.02142035774886608,0.062091730535030365,-0.06520557403564453,0.012760820798575878,0.03750905394554138,0.029987670481204987,-0.012909548357129097,0.007574786897748709,0.014800667762756348,-1.1716097593307495,-0.5837165713310242,-0.528385579586029,-0.4508146643638611,-0.33972546458244324,0.12588155269622803,0.47919583320617676,-0.24342378973960876,-0.1404624581336975,-0.37694525718688965,-0.06292665004730225,-0.06589199602603912,-0.1498338282108307,-0.0006695585325360298,-0.24322892725467682,-0.04863910749554634,-0.0818295106291771,0.032428912818431854,-0.011894511990249157,-0.04493652284145355,0.07479024678468704,-0.03831582888960838,0.0010014092549681664,0.005645168945193291,-0.03319067135453224,-0.05425911396741867,-0.10353802144527435,0.054107774049043655,0.0051165432669222355,-0.12230934202671051,-0.03143400326371193,-0.018088415265083313,-0.059311557561159134,0.061899080872535706,-0.004896779078990221,-0.0367526039481163,-0.03097211942076683,0.01244781631976366,-0.007168993819504976,-0.015782736241817474,1.7963680028915405,0.17938008904457092,-0.6524995565414429,-0.4139733612537384,-0.06695757061243057,-0.09778570383787155,0.0002926960005424917,0.0013129266444593668,-0.25589215755462646,-0.07828695327043533,-0.031281862407922745,-0.05268930271267891,-0.11865460872650146,-0.12787559628486633,0.0013935209717601538,0.08560088276863098,0.04538309574127197,0.033438894897699356,-0.01579713448882103,-0.010319738648831844,-0.0005609957734122872,0.06386370956897736,-0.14194004237651825,-0.048795562237501144,-0.019252615049481392,-0.013261382468044758,-0.05040716379880905,-0.0430573932826519,-0.14081571996212006,-0.2021923065185547,1.0169473886489868,1.060001015663147,-3.0479519367218018,0.021044384688138962,-0.19384713470935822,-0.6646832823753357,-0.5132004618644714,-0.5883183479309082,0.4826928377151489,0.24438007175922394,0.13917176425457,0.06477531790733337,0.06656647473573685,0.15557178854942322,3.012638807296753,0.2670940160751343,2.623311996459961,0.44263991713523865,0.13518215715885162,0.3759610056877136
2025/09/08 13:40,1.0608235597610474,1.0408283472061157,1.0166442394256592,1.0168551206588745,1.0180493593215942,1.0613728761672974,1.0492881536483765,1.061513900756836,1.048359990119934,1.043302297592163,1.0485292673110962,1.0483453273773193,1.0422189235687256,1.0303964614868164,1.1978791952133179,0.6015512943267822,0.5392464995384216,0.462666779756546,0.3470477759838104,-0.12491876631975174,-0.476662814617157,0.2443310022354126,0.14293493330478668,0.3781391978263855,0.061032816767692566,0.06557133048772812,0.15303365886211395,0.0015284004621207714,0.2466094195842743,0.04729489982128143,0.08251461386680603,-0.02990143932402134,0.014479388482868671,0.04923906922340393,-0.055526699870824814,0.057147905230522156,0.0048813363537192345,-0.006595338229089975,0.014663166366517544,0.04223411902785301,0.11707188189029694,-0.0415283739566803,0.00887902919203043,0.15872707962989807,0.02917083352804184,0.021768439561128616,0.061309605836868286,-0.06423167139291763,0.013601900078356266,0.03646666929125786,0.03088575415313244,-0.012872315011918545,0.008970752358436584,0.015985652804374695,-1.1708741188049316,-0.5830714702606201,-0.5290374159812927,-0.44943827390670776,-0.3400404453277588,0.12665310502052307,0.4807654619216919,-0.24510788917541504,-0.13999564945697784,-0.37724635004997253,-0.062347736209630966,-0.06596065312623978,-0.14972376823425293,-7.658859249204397e-05,-0.24291479587554932,-0.04845339432358742,-0.08104000985622406,0.03180669993162155,-0.011824071407318115,-0.04544481262564659,0.07382172346115112,-0.03682790324091911,0.0008542153518646955,0.005450221244245768,-0.032605499029159546,-0.05339397117495537,-0.10332030802965164,0.05456261336803436,0.0042116655968129635,-0.12423533946275711,-0.030886372551321983,-0.018680568784475327,-0.05984446406364441,0.06249013543128967,-0.0050048804841935635,-0.03707641735672951,-0.030379988253116608,0.011647423729300499,-0.007903900928795338,-0.014376902021467686,1.7981605529785156,0.18061935901641846,-0.6544222831726074,-0.4145137667655945,-0.06763096153736115,-0.09726595878601074,-0.00036398961674422026,0.0021048225462436676,-0.256483256816864,-0.07859069854021072,-0.030518751591444016,-0.052617695182561874,-0.11758312582969666,-0.12893150746822357,0.0015194779261946678,0.08488286286592484,0.04527462273836136,0.03227052465081215,-0.014801863580942154,-0.011017131619155407,-0.0015324275009334087,0.06358860433101654,-0.14158770442008972,-0.048798270523548126,-0.019482940435409546,-0.013036432676017284,-0.05036761984229088,-0.043268054723739624,-0.14073245227336884,-0.20230956375598907,1.0169649124145508,1.0599727630615234,-3.0477335453033447,0.020868351683020592,-0.19375061988830566,-0.661989688873291,-0.5130444169044495,-0.5887913703918457,0.4825538396835327,0.24391032755374908,0.138864204287529,0.06482600420713425,0.06652756780385971,0.15569891035556793,3.0126492977142334,0.2642931640148163,2.622875452041626,0.4422512352466583,0.1351104974746704,0.3759150803089142
2025/09/08 13:45,1.0608102083206177,1.0413094758987427,1.0167869329452515,1.017898440361023,1.018465280532837,1.061295986175537,1.0485427379608154,1.0616456270217896,1.0489864349365234,1.0431925058364868,1.048915982246399,1.0482083559036255,1.0431536436080933,1.0302379131317139,1.198347806930542,0.5994523763656616,0.5405251383781433,0.4609326720237732,0.3481559753417969,-0.1251755952835083,-0.4773573577404022,0.2459963709115982,0.14316487312316895,0.3766459822654724,0.062106065452098846,0.06584163010120392,0.15448234975337982,0.0008977313991636038,0.2455594688653946,0.04558731988072395,0.08299273252487183,-0.02973853424191475,0.012856587767601013,0.04972025007009506,-0.05555779114365578,0.05668269470334053,0.0047121732495725155,-0.008054967038333416,0.016159409657120705,0.04295643791556358,0.11506600677967072,-0.040419477969408035,0.00933503545820713,0.15922696888446808,0.028266828507184982,0.021808253601193428,0.06157398968935013,-0.06347523629665375,0.01245132740586996,0.036387745290994644,0.029318811371922493,-0.011358481831848621,0.007705651223659515,0.015753354877233505,-1.170759916305542,-0.5829720497131348,-0.5284274816513062,-0.4493773281574249,-0.3405037820339203,0.12551720440387726,0.47961071133613586,-0.24271778762340546,-0.1406172811985016,-0.3764246702194214,-0.062257613986730576,-0.06605921685695648,-0.14869438111782074,-0.0015713112661615014,-0.2447003424167633,-0.04765868932008743,-0.08121281862258911,0.03369297832250595,-0.011314923875033855,-0.04583855718374252,0.0753607526421547,-0.03856949880719185,0.0020212028175592422,0.004866498056799173,-0.032481372356414795,-0.054257769137620926,-0.10220097750425339,0.054876942187547684,0.0037294705398380756,-0.12352576851844788,-0.031678762286901474,-0.017849614843726158,-0.05996722728013992,0.062493689358234406,-0.004747818689793348,-0.0371023528277874,-0.029649721458554268,0.01235611829906702,-0.007255240809172392,-0.016267558559775352,1.7977365255355835,0.17921006679534912,-0.6516320109367371,-0.4132097661495209,-0.06626672297716141,-0.09738819301128387,0.0006977090379223228,0.002099839970469475,-0.25736913084983826,-0.07826734334230423,-0.030704880133271217,-0.05148688331246376,-0.11774755269289017,-0.1292736530303955,0.0020755187142640352,0.08586259186267853,0.045512739568948746,0.03171942010521889,-0.016226500272750854,-0.011056075803935528,0.0004135951166972518,0.06484083086252213,-0.14182168245315552,-0.04900214076042175,-0.020524082705378532,-0.012474214658141136,-0.04998829588294029,-0.043732207268476486,-0.1408204883337021,-0.2022777944803238,1.0169936418533325,1.0600790977478027,-3.047663450241089,0.021570049226284027,-0.1934034675359726,-0.6633460521697998,-0.5134961605072021,-0.5882775187492371,0.48271262645721436,0.24396340548992157,0.13928110897541046,0.06488564610481262,0.06665977835655212,0.15555250644683838,3.0126113891601562,0.2692108154296875,2.6229872703552246,0.4420965313911438,0.1340620219707489,0.3758618235588074
2025/09/08 13:50,1.0600883960723877,1.0406970977783203,1.0164539813995361,1.0177080631256104,1.0179986953735352,1.060856819152832,1.0492173433303833,1.0612330436706543,1.0481125116348267,1.043004035949707,1.0485658645629883,1.048246145248413,1.0418397188186646,1.0305310487747192,1.1994612216949463,0.6002009510993958,0.5399303436279297,0.4622000455856323,0.3484736680984497,-0.12666921317577362,-0.47762367129325867,0.24365241825580597,0.14367397129535675,0.3781224489212036,0.061547622084617615,0.06648164242506027,0.1538810431957245,0.0024711897131055593,0.24480782449245453,0.04631222411990166,0.08335194736719131,-0.030070511624217033,0.013331194408237934,0.04960644617676735,-0.05545966327190399,0.056799158453941345,0.0053003039211034775,-0.007822243496775627,0.01611529104411602,0.04315461218357086,0.11620678752660751,-0.042409006506204605,0.008848299272358418,0.15908101201057434,0.02958652563393116,0.021329769864678383,0.06200367584824562,-0.06456973403692245,0.012683963403105736,0.03629419207572937,0.03032698482275009,-0.014191568829119205,0.006549978628754616,0.015201067551970482,-1.1710222959518433,-0.5839991569519043,-0.5306416153907776,-0.4503265619277954,-0.33944210410118103,0.12622544169425964,0.47954246401786804,-0.24401091039180756,-0.13944785296916962,-0.3771246671676636,-0.06322667002677917,-0.0657007023692131,-0.14872021973133087,-0.00037921121111139655,-0.24389514327049255,-0.04838130995631218,-0.08085738867521286,0.03192978352308273,-0.012234332039952278,-0.04518868774175644,0.07398539036512375,-0.03743446245789528,0.0003611169522628188,0.005613370332866907,-0.033688984811306,-0.05394335836172104,-0.10277076810598373,0.055385321378707886,0.0033486380707472563,-0.12302722781896591,-0.03179643303155899,-0.01839611306786537,-0.0598161481320858,0.06177685782313347,-0.005385630764067173,-0.03641921654343605,-0.030282575637102127,0.012095862999558449,-0.007939920760691166,-0.01519022136926651,1.7988293170928955,0.1798465996980667,-0.6536601781845093,-0.41460758447647095,-0.06784027069807053,-0.0973379835486412,0.0005920825060456991,0.0012802791316062212,-0.25651657581329346,-0.07702860981225967,-0.03136280179023743,-0.05235984921455383,-0.11685364693403244,-0.12954457104206085,0.0007161186076700687,0.08502146601676941,0.04488012567162514,0.03302166238427162,-0.01609526388347149,-0.010795013047754765,0.00024101398594211787,0.06448415666818619,-0.14165005087852478,-0.049786508083343506,-0.019498087465763092,-0.013143680058419704,-0.05007106065750122,-0.04282086342573166,-0.14074333012104034,-0.20203393697738647,1.0169739723205566,1.060059905052185,-3.0479958057403564,0.020993107929825783,-0.19389182329177856,-0.6626028418540955,-0.5133960843086243,-0.5877760648727417,0.4827929139137268,0.2443579137325287,0.13937616348266602,0.06482751667499542,0.06653410196304321,0.15531930327415466,3.012648582458496,0.26648786664009094,2.6229138374328613,0.4423467814922333,0.13353358209133148,0.37571626901626587
2025/09/08 13:55,1.0599182844161987,1.041463851928711,1.0160460472106934,1.018021583557129,1.0183521509170532,1.0612571239471436,1.049443244934082,1.0610474348068237,1.0483589172363281,1.0432062149047852,1.048799753189087,1.0481598377227783,1.0422916412353516,1.03030264377594,1.1979717016220093,0.599208652973175,0.5396655201911926,0.4611625671386719,0.34631460905075073,-0.12438412010669708,-0.47802022099494934,0.24539998173713684,0.14331278204917908,0.37651005387306213,0.061653345823287964,0.06553002446889877,0.15457487106323242,0.0026193680241703987,0.24522645771503448,0.0464642196893692,0.08248055726289749,-0.029565734788775444,0.0136819276958704,0.0500437468290329,-0.05444015935063362,0.0561162605881691,0.005422597751021385,-0.007807387039065361,0.016018982976675034,0.04276425018906593,0.11624541133642197,-0.0410044901072979,0.009854557923972607,0.15908397734165192,0.029191236943006516,0.020945223048329353,0.060972440987825394,-0.06539861112833023,0.012999296188354492,0.036509428173303604,0.03009708784520626,-0.012558253481984138,0.008451650850474834,0.015395165421068668,-1.170766830444336,-0.5840020775794983,-0.5294038653373718,-0.45031824707984924,-0.34149685502052307,0.12610162794589996,0.4801066517829895,-0.243963822722435,-0.1408279687166214,-0.37709566950798035,-0.06222963333129883,-0.0666002631187439,-0.14822863042354584,-0.00039038859540596604,-0.24390509724617004,-0.04779486358165741,-0.08091628551483154,0.03234707564115524,-0.011556816287338734,-0.045330710709095,0.07522306591272354,-0.038121648132801056,0.0011904729763045907,0.004679805599153042,-0.03284624591469765,-0.054972533136606216,-0.10312841087579727,0.05612087994813919,0.00503438850864768,-0.12275852262973785,-0.03263247385621071,-0.01814746856689453,-0.059669967740774155,0.06167372316122055,-0.005478799343109131,-0.037301648408174515,-0.03001907467842102,0.01196966040879488,-0.0072096879594028,-0.016297463327646255,1.7976179122924805,0.1776299625635147,-0.6535760760307312,-0.4143042266368866,-0.06707269698381424,-0.09667286276817322,0.00019999610958620906,0.0021122382022440434,-0.2569078207015991,-0.07856857776641846,-0.029995080083608627,-0.052156660705804825,-0.1179463192820549,-0.12845075130462646,0.0008922344422899187,0.08628146350383759,0.04573705047369003,0.03253608196973801,-0.015618739649653435,-0.011333208531141281,-0.0001328020152868703,0.06341446191072464,-0.1417796015739441,-0.04869174584746361,-0.019334129989147186,-0.01306097861379385,-0.05053206905722618,-0.04328971728682518,-0.14084435999393463,-0.20217016339302063,1.0169881582260132,1.0600652694702148,-3.0478460788726807,0.0211644247174263,-0.19381409883499146,-0.6616734266281128,-0.5130968689918518,-0.588474690914154,0.4827667474746704,0.244564950466156,0.1392248123884201,0.0649104118347168,0.06654588878154755,0.1554960161447525,3.0125534534454346,0.2661719024181366,2.6228554248809814,0.4420221745967865,0.134459987282753,0.3755181133747101
2025/09/08 14:00,1.0590401887893677,1.0424611568450928,1.0162582397460938,1.0151351690292358,1.0178091526031494,1.0594865083694458,1.0483773946762085,1.0593461990356445,1.0476678609848022,1.0436986684799194,1.0495628118515015,1.0472491979599,1.041811466217041,1.029034972190857,1.1976277828216553,0.6016850471496582,0.5355197787284851,0.4597375690937042,0.35042110085487366,-0.11869224160909653,-0.47586649656295776,0.24759331345558167,0.14211472868919373,0.38111022114753723,0.06185203790664673,0.06990654021501541,0.1575414091348648,0.0005263781640678644,0.24545352160930634,0.04965255782008171,0.08406227827072144,-0.033180754631757736,0.011911130510270596,0.049548935145139694,-0.054854828864336014,0.060535021126270294,0.005007282830774784,-0.007574802730232477,0.014456062577664852,0.04201167821884155,0.11489494144916534,-0.03988208249211311,0.005477690137922764,0.1588735282421112,0.031210673972964287,0.023743484169244766,0.06439872831106186,-0.06696537137031555,0.013688665814697742,0.03666618838906288,0.030555129051208496,-0.013663407415151596,0.0050441245548427105,0.015193851664662361,-1.174012541770935,-0.5830225944519043,-0.5224236249923706,-0.451549768447876,-0.34289076924324036,0.11710678040981293,0.47916269302368164,-0.24437552690505981,-0.14284168183803558,-0.3795703649520874,-0.06268361210823059,-0.0664139986038208,-0.15398667752742767,-0.000930282985791564,-0.24985292553901672,-0.048699766397476196,-0.08387162536382675,0.031230689957737923,-0.015140904113650322,-0.047554176300764084,0.07387658208608627,-0.03790755569934845,-0.0003916033310815692,0.00577095802873373,-0.03305542841553688,-0.0528959259390831,-0.10127656906843185,0.050565123558044434,0.002251446945592761,-0.12412659823894501,-0.03459266945719719,-0.0215153805911541,-0.05946887657046318,0.06655458360910416,-0.0077093495056033134,-0.035315655171871185,-0.03131559491157532,0.015749426558613777,-0.009778646752238274,-0.01468203216791153,1.8010873794555664,0.1769833266735077,-0.6395390033721924,-0.41981592774391174,-0.06587181985378265,-0.09590960294008255,-0.0019091800786554813,-0.0002507555182091892,-0.2580830156803131,-0.08021410554647446,-0.029438404366374016,-0.053192321211099625,-0.11902431398630142,-0.1297493875026703,0.0050669461488723755,0.08540576696395874,0.04276878759264946,0.03549707680940628,-0.015496022999286652,-0.0035519280936568975,0.0013568490976467729,0.06345769762992859,-0.14362192153930664,-0.05096385255455971,-0.016436204314231873,-0.015195611864328384,-0.05097581073641777,-0.04338148981332779,-0.14151974022388458,-0.20418821275234222,1.0167564153671265,1.0599571466445923,-3.0499680042266846,0.01711454801261425,-0.1977892816066742,-0.6791012287139893,-0.5167892575263977,-0.5932285189628601,0.4818018674850464,0.24797916412353516,0.14167028665542603,0.06581683456897736,0.06761957705020905,0.15769493579864502,3.012287139892578,0.2946456968784332,2.630558490753174,0.4450291395187378,0.12372613698244095,0.37952911853790283
2025/09/08 14:05,1.0596873760223389,1.0420116186141968,1.01637864112854,1.0158190727233887,1.0181540250778198,1.0603485107421875,1.0479717254638672,1.0596685409545898,1.0473262071609497,1.0437520742416382,1.0494227409362793,1.0472179651260376,1.0420726537704468,1.0291520357131958,1.1974955797195435,0.6009007096290588,0.5358447432518005,0.46202999353408813,0.35054540634155273,-0.11881284415721893,-0.47522684931755066,0.24779224395751953,0.14213064312934875,0.38242122530937195,0.06261449307203293,0.06848370283842087,0.1560545563697815,0.0005337907350622118,0.24727308750152588,0.049664296209812164,0.08362529426813126,-0.03262742608785629,0.012553909793496132,0.04919050633907318,-0.05443533509969711,0.059767935425043106,0.004542345181107521,-0.0077480413019657135,0.014559422619640827,0.04297168552875519,0.11496709287166595,-0.040504708886146545,0.005393876228481531,0.1590932160615921,0.03145868703722954,0.023322226479649544,0.06477827578783035,-0.06672681123018265,0.013470232486724854,0.03643353283405304,0.032108429819345474,-0.014020961709320545,0.005612687207758427,0.01570998504757881,-1.175134301185608,-0.5834879875183105,-0.5228071212768555,-0.4519574046134949,-0.3441428244113922,0.11734744161367416,0.4797397553920746,-0.2440675050020218,-0.14262168109416962,-0.3802025616168976,-0.06303848326206207,-0.06604330986738205,-0.15442022681236267,-0.0004862209898419678,-0.24865174293518066,-0.04839498922228813,-0.08329642564058304,0.030169373378157616,-0.014669237658381462,-0.04801291972398758,0.07305395603179932,-0.038160841912031174,-0.0004152005712967366,0.005596885923296213,-0.033038631081581116,-0.05326138064265251,-0.10175418853759766,0.04948461800813675,0.0023814579471945763,-0.12394621968269348,-0.034196577966213226,-0.022089768201112747,-0.05994010344147682,0.06682907789945602,-0.008798020891845226,-0.035773321986198425,-0.029943129047751427,0.014975812286138535,-0.008638162165880203,-0.015439841896295547,1.8011906147003174,0.17605598270893097,-0.6395805478096008,-0.4204677641391754,-0.06618831306695938,-0.09606946259737015,-0.0014594836393371224,-0.0007640160038135946,-0.25802749395370483,-0.08055393397808075,-0.029903162270784378,-0.052932679653167725,-0.11843404173851013,-0.13095805048942566,0.005300389137119055,0.08435465395450592,0.042730022221803665,0.035297077149152756,-0.015048638917505741,-0.004501491319388151,0.0006988024688325822,0.06443148106336594,-0.14432883262634277,-0.05088511481881142,-0.015964381396770477,-0.015862995758652687,-0.05081627145409584,-0.04415683075785637,-0.14152556657791138,-0.20404991507530212,1.0167744159698486,1.059987187385559,-3.0496912002563477,0.01702410914003849,-0.19738095998764038,-0.6786745190620422,-0.5168020129203796,-0.5931191444396973,0.48189836740493774,0.2483091652393341,0.14146265387535095,0.06583116203546524,0.06744832545518875,0.15776121616363525,3.0122456550598145,0.29442131519317627,2.6300296783447266,0.44503912329673767,0.12342724204063416,0.37967631220817566
2025/09/08 14:10,1.0597578287124634,1.042137622833252,1.0162898302078247,1.0157126188278198,1.0186268091201782,1.0600110292434692,1.0486797094345093,1.059837818145752,1.0472177267074585,1.043900966644287,1.0492881536483765,1.0465397834777832,1.0418879985809326,1.0291861295700073,1.1990058422088623,0.6019732356071472,0.5358123183250427,0.4633761942386627,0.3502640724182129,-0.11885739862918854,-0.4752500057220459,0.2480083703994751,0.14146116375923157,0.38064438104629517,0.062421757727861404,0.06918475031852722,0.15589311718940735,-0.00011004798579961061,0.24703077971935272,0.050002485513687134,0.0828738659620285,-0.03220062702894211,0.01383117400109768,0.04897012189030647,-0.05531376600265503,0.05960337445139885,0.005947839468717575,-0.008078138343989849,0.014249704778194427,0.04223431646823883,0.11414653062820435,-0.041070129722356796,0.00565367192029953,0.15852531790733337,0.03097725845873356,0.02406509965658188,0.0635620728135109,-0.06614033877849579,0.013520927168428898,0.03655080124735832,0.03295789659023285,-0.013366480357944965,0.0063134473748505116,0.01751384697854519,-1.1748504638671875,-0.5827134847640991,-0.5232587456703186,-0.45198285579681396,-0.34328967332839966,0.11623471230268478,0.4793219566345215,-0.24457716941833496,-0.14163140952587128,-0.3811187446117401,-0.06321647018194199,-0.06670709699392319,-0.1546386331319809,-0.00027706738910637796,-0.2481548935174942,-0.048271700739860535,-0.08287809044122696,0.029837002977728844,-0.014769664965569973,-0.04824632778763771,0.07331787049770355,-0.038356613367795944,0.0002925033331848681,0.00596914067864418,-0.03258863463997841,-0.052983611822128296,-0.10153168439865112,0.048802636563777924,0.0024236610624939203,-0.1246442049741745,-0.03411715850234032,-0.02274821512401104,-0.05965247377753258,0.06671357899904251,-0.00785017292946577,-0.03494063392281532,-0.030209390446543694,0.015249968506395817,-0.008132651448249817,-0.01441623829305172,1.8012747764587402,0.17548836767673492,-0.639569103717804,-0.4207208752632141,-0.0663638636469841,-0.09635674953460693,-0.001993732061237097,-0.0006185280508361757,-0.25854256749153137,-0.08021892607212067,-0.029504936188459396,-0.053076718002557755,-0.1178596094250679,-0.13112430274486542,0.004613340832293034,0.08288224041461945,0.04251956194639206,0.03337609022855759,-0.015293690375983715,-0.00413734233006835,0.0005197642021812499,0.06532008945941925,-0.1437685489654541,-0.0506267212331295,-0.015278681181371212,-0.01468588411808014,-0.051326096057891846,-0.042164478451013565,-0.14140701293945312,-0.2040027230978012,1.016739010810852,1.060002088546753,-3.049686908721924,0.017369000241160393,-0.1973436176776886,-0.6774446368217468,-0.51645427942276,-0.5931409001350403,0.4819217026233673,0.24799314141273499,0.14151936769485474,0.0658235102891922,0.06755989789962769,0.15788337588310242,3.012012004852295,0.2952275276184082,2.6293575763702393,0.44503405690193176,0.12366132438182831,0.37994033098220825
2025/09/08 14:15,1.0599608421325684,1.0424822568893433,1.0164521932601929,1.0150238275527954,1.0178817510604858,1.059924840927124,1.048802375793457,1.0596427917480469,1.0474933385849,1.0437145233154297,1.0492017269134521,1.0476436614990234,1.0421699285507202,1.0289736986160278,1.1985446214675903,0.6023558974266052,0.5348376035690308,0.46302586793899536,0.3496566414833069,-0.11748159676790237,-0.4755071699619293,0.248079314827919,0.14186596870422363,0.38079386949539185,0.062373921275138855,0.06986961513757706,0.15669098496437073,0.0020683947950601578,0.246599018573761,0.04956727474927902,0.08310870826244354,-0.031683240085840225,0.013085725717246532,0.049010779708623886,-0.054417502135038376,0.06022883951663971,0.005261676385998726,-0.007008356507867575,0.014110079035162926,0.042815934866666794,0.11488240957260132,-0.03960537537932396,0.0068729342892766,0.15817266702651978,0.030140459537506104,0.023039035499095917,0.06285789608955383,-0.06663502007722855,0.013479952700436115,0.0357171930372715,0.03341977298259735,-0.014377561397850513,0.005564039573073387,0.016159700229763985,-1.1767250299453735,-0.5832323431968689,-0.5241737365722656,-0.4513152241706848,-0.3441152274608612,0.11796954274177551,0.48040202260017395,-0.24457108974456787,-0.14373432099819183,-0.380288302898407,-0.06392734497785568,-0.06637382507324219,-0.15375003218650818,-0.00033679953776299953,-0.24944902956485748,-0.04976877570152283,-0.08338042348623276,0.03040149435400963,-0.01508297398686409,-0.04862835258245468,0.07256912440061569,-0.03845801576972008,-0.0008999949786812067,0.0061838687397539616,-0.03251584246754646,-0.05294705182313919,-0.10232137888669968,0.05027967318892479,0.0028313505463302135,-0.12465821206569672,-0.033866893500089645,-0.02150925062596798,-0.060622889548540115,0.0669926330447197,-0.00794955063611269,-0.03603222966194153,-0.03044307604432106,0.014911876991391182,-0.007812556810677052,-0.01359803881496191,1.8013886213302612,0.17645466327667236,-0.6389976143836975,-0.4187546372413635,-0.0660487711429596,-0.09501192718744278,-0.0019270055927336216,-0.000459242204669863,-0.25846195220947266,-0.07980120927095413,-0.029478086158633232,-0.05374784767627716,-0.11887551844120026,-0.13108034431934357,0.005032241810113192,0.08370833843946457,0.042594920843839645,0.034184530377388,-0.014569512568414211,-0.0044068521820008755,-0.000461498653749004,0.0654570609331131,-0.14284655451774597,-0.050446223467588425,-0.015331692062318325,-0.015229598619043827,-0.051471393555402756,-0.04327709972858429,-0.14149343967437744,-0.20416229963302612,1.0167593955993652,1.0599602460861206,-3.0497798919677734,0.0170656256377697,-0.19781415164470673,-0.6772556900978088,-0.5166969299316406,-0.5931738018989563,0.48194557428359985,0.24834558367729187,0.1414138823747635,0.06578396260738373,0.06747846305370331,0.15778599679470062,3.01206374168396,0.2971365451812744,2.629798650741577,0.4449218809604645,0.12435773760080338,0.3798786699771881
2025/09/08 14:20,1.0597440004348755,1.0420705080032349,1.0167924165725708,1.0151108503341675,1.0176769495010376,1.0601974725723267,1.048317313194275,1.059922456741333,1.047727346420288,1.0438779592514038,1.0488642454147339,1.0475289821624756,1.0418496131896973,1.0291144847869873,1.1992449760437012,0.6021000146865845,0.5359153747558594,0.46318262815475464,0.34989938139915466,-0.11838115751743317,-0.476326584815979,0.24735772609710693,0.14073823392391205,0.38143378496170044,0.06136181578040123,0.06881629675626755,0.1560479998588562,0.0010340511798858643,0.2476424127817154,0.05086776614189148,0.08362077921628952,-0.03237862512469292,0.012985242530703545,0.0482112355530262,-0.05535544827580452,0.05984659120440483,0.005080957431346178,-0.006659582257270813,0.013363068923354149,0.04109122231602669,0.11542010307312012,-0.040165189653635025,0.006787666119635105,0.15823955833911896,0.030453206971287727,0.023029109463095665,0.06252367049455643,-0.06583169102668762,0.014472887851297855,0.037205033004283905,0.03364502638578415,-0.013846348971128464,0.006529606878757477,0.0157496128231287,-1.174588918685913,-0.58295738697052,-0.5249254107475281,-0.45161741971969604,-0.344637393951416,0.1164134070277214,0.4796171188354492,-0.24476690590381622,-0.1428573876619339,-0.3809358477592468,-0.06256768107414246,-0.06507806479930878,-0.15373557806015015,-0.0005280604818835855,-0.24857278168201447,-0.04946330934762955,-0.08418592810630798,0.031235937029123306,-0.013540180400013924,-0.048350341618061066,0.07276374846696854,-0.03664906695485115,-0.0005325660458765924,0.005760786589235067,-0.03216022998094559,-0.052555203437805176,-0.1022808700799942,0.04947308823466301,0.0022109863348305225,-0.12401095032691956,-0.03298456594347954,-0.022573525086045265,-0.06052727252244949,0.06573379784822464,-0.009011315181851387,-0.03616113215684891,-0.03159405291080475,0.013247145339846611,-0.008653069846332073,-0.013819048181176186,1.8012086153030396,0.1757022589445114,-0.6389673948287964,-0.4210457503795624,-0.06603987514972687,-0.0961836501955986,-0.0015607788227498531,-0.0002940442645922303,-0.2582755982875824,-0.07982254028320312,-0.029092449694871902,-0.053251322358846664,-0.11846209317445755,-0.13093146681785583,0.004223421681672335,0.0843116044998169,0.04175657033920288,0.03360902518033981,-0.014590529724955559,-0.004245101008564234,-0.0006210895953699946,0.0637790858745575,-0.14229890704154968,-0.050332628190517426,-0.015501663088798523,-0.016107816249132156,-0.05215437337756157,-0.04326176643371582,-0.14149947464466095,-0.2041076272726059,1.0167664289474487,1.0599645376205444,-3.0496318340301514,0.017298070713877678,-0.19790326058864594,-0.6784490346908569,-0.5165047645568848,-0.5932352542877197,0.48187538981437683,0.2482100874185562,0.14109723269939423,0.06580805778503418,0.06747066974639893,0.1577560156583786,3.012305498123169,0.29350119829177856,2.6293301582336426,0.44491273164749146,0.12421926110982895,0.3799971342086792
2025/09/08 14:25,1.0599671602249146,1.042376160621643,1.016404151916504,1.0155099630355835,1.0178536176681519,1.0597000122070312,1.0477118492126465,1.059463381767273,1.0474271774291992,1.044114112854004,1.0492593050003052,1.0472242832183838,1.0423799753189087,1.0293235778808594,1.1978480815887451,0.6022147536277771,0.5354796051979065,0.46276986598968506,0.35058191418647766,-0.11893277615308762,-0.47555863857269287,0.24733857810497284,0.14233918488025665,0.38195815682411194,0.061350539326667786,0.06965477019548416,0.15654578804969788,0.0008715733420103788,0.24730075895786285,0.04974569380283356,0.08352681994438171,-0.032397788017988205,0.012863569892942905,0.04781161993741989,-0.054175399243831635,0.0608547180891037,0.005973274353891611,-0.0073999264277517796,0.013873443007469177,0.042759161442518234,0.11486081033945084,-0.040211305022239685,0.00561460480093956,0.15932868421077728,0.031197436153888702,0.023430772125720978,0.0637219026684761,-0.06574665009975433,0.011879841797053814,0.03675530105829239,0.032087985426187515,-0.014707254245877266,0.00563426548615098,0.01653951220214367,-1.1750831604003906,-0.5827073454856873,-0.5238638520240784,-0.45180970430374146,-0.3440677225589752,0.11783486604690552,0.48002728819847107,-0.24576973915100098,-0.14231236279010773,-0.38069742918014526,-0.06326128542423248,-0.06726294755935669,-0.1535564661026001,9.75353759713471e-05,-0.24850507080554962,-0.04809689521789551,-0.08271850645542145,0.030277902260422707,-0.014261040836572647,-0.04738844186067581,0.07263297587633133,-0.03817304968833923,-0.00015847539179958403,0.005762733984738588,-0.031269147992134094,-0.0523352175951004,-0.10141958296298981,0.04988999664783478,0.0019783698953688145,-0.12451086938381195,-0.033293724060058594,-0.021879011765122414,-0.05983548238873482,0.06680967658758163,-0.008748864755034447,-0.03572303429245949,-0.030842263251543045,0.014414357952773571,-0.007837370969355106,-0.014376016333699226,1.8013283014297485,0.1757161021232605,-0.6390517950057983,-0.4206140339374542,-0.06558743864297867,-0.09636937826871872,-0.0019369227811694145,8.062756387516856e-05,-0.25889238715171814,-0.07931391894817352,-0.029297906905412674,-0.053265880793333054,-0.11867503076791763,-0.13040323555469513,0.005054067820310593,0.08483515679836273,0.04168133810162544,0.03488907963037491,-0.014734710566699505,-0.004629063419997692,0.0011682846816256642,0.06460927426815033,-0.1444520652294159,-0.051167987287044525,-0.015983086079359055,-0.015871845185756683,-0.05090619996190071,-0.04365691915154457,-0.14146512746810913,-0.20398713648319244,1.016775369644165,1.059938669204712,-3.049654245376587,0.016823016107082367,-0.19757035374641418,-0.6789373755455017,-0.5166248679161072,-0.5928810834884644,0.48183879256248474,0.24793100357055664,0.14124035835266113,0.06584389507770538,0.0674140453338623,0.15771928429603577,3.012016773223877,0.29573190212249756,2.6296908855438232,0.4446794092655182,0.12403799593448639,0.38018715381622314
2025/09/08 14:30,1.0595247745513916,1.0424270629882812,1.0160136222839355,1.0151418447494507,1.0181723833084106,1.0600223541259766,1.048388957977295,1.0590336322784424,1.0470408201217651,1.0443934202194214,1.048745036125183,1.0478529930114746,1.0420562028884888,1.029414415359497,1.198062777519226,0.6021124720573425,0.5353161096572876,0.4629332423210144,0.3495030999183655,-0.11768711358308792,-0.4758404493331909,0.24804861843585968,0.14212854206562042,0.3826581835746765,0.06118960678577423,0.06844532489776611,0.15571552515029907,-6.067071808502078e-05,0.2473244071006775,0.049955833703279495,0.083016037940979,-0.032774027436971664,0.012199274264276028,0.04812777787446976,-0.05408686771988869,0.06062169000506401,0.0058714523911476135,-0.0066366046667099,0.014451227150857449,0.041708361357450485,0.11438100039958954,-0.04103914275765419,0.007435242645442486,0.15801143646240234,0.03189418464899063,0.023799633607268333,0.063296839594841,-0.0670187771320343,0.012410799041390419,0.037045784294605255,0.032647762447595596,-0.013735695742070675,0.005773972719907761,0.015481474809348583,-1.17615807056427,-0.5835571885108948,-0.5252665281295776,-0.4518766403198242,-0.34422242641448975,0.11640477180480957,0.48081913590431213,-0.24498900771141052,-0.14293286204338074,-0.38105592131614685,-0.06370965391397476,-0.0667387917637825,-0.15413908660411835,0.0007538725039921701,-0.24892984330654144,-0.0495055690407753,-0.0834730863571167,0.030573559924960136,-0.015105381608009338,-0.04841620847582817,0.07379742711782455,-0.037910833954811096,-0.0008526259916834533,0.0054393610917031765,-0.032563790678977966,-0.052884940057992935,-0.10194382071495056,0.049908485263586044,0.0022417984437197447,-0.12422480434179306,-0.033459775149822235,-0.021938925608992577,-0.06021454930305481,0.06588876992464066,-0.009605026803910732,-0.03674221411347389,-0.03041989356279373,0.014756608754396439,-0.007712443359196186,-0.014408362098038197,1.8011465072631836,0.17539823055267334,-0.6377280950546265,-0.42103320360183716,-0.06605490297079086,-0.09587033838033676,-0.0016428601229563355,-0.0009589266264811158,-0.2587462365627289,-0.0794631764292717,-0.030961882323026657,-0.05413151532411575,-0.11804734170436859,-0.13068407773971558,0.004842992406338453,0.08442628383636475,0.04169071093201637,0.03417923301458359,-0.014977961778640747,-0.0036157332360744476,-0.0002650759124662727,0.06488475948572159,-0.1437070518732071,-0.051468055695295334,-0.014998147264122963,-0.016140883788466454,-0.050570882856845856,-0.04279175400733948,-0.14142389595508575,-0.20406460762023926,1.0167663097381592,1.0599663257598877,-3.0496327877044678,0.016879331320524216,-0.19767159223556519,-0.6786383390426636,-0.5165231227874756,-0.5927773118019104,0.48193320631980896,0.24796578288078308,0.14123667776584625,0.06592684984207153,0.06757494062185287,0.15783193707466125,3.0122272968292236,0.29596129059791565,2.630005359649658,0.4449934661388397,0.12413562834262848,0.3799228370189667
2025/09/08 14:35,1.059847354888916,1.0425584316253662,1.0164111852645874,1.0146554708480835,1.017905831336975,1.0600396394729614,1.0484837293624878,1.0593023300170898,1.046992301940918,1.0432075262069702,1.0497361421585083,1.0472644567489624,1.0423591136932373,1.0292390584945679,1.1961115598678589,0.6012811660766602,0.5341429114341736,0.4614822566509247,0.3488287329673767,-0.11782839894294739,-0.47568994760513306,0.24740706384181976,0.14195261895656586,0.3819043040275574,0.06223876029253006,0.06843692064285278,0.15458770096302032,-0.0004372084513306618,0.2464848905801773,0.05004391446709633,0.08236353099346161,-0.03256525099277496,0.013027173466980457,0.048352621495723724,-0.054234933108091354,0.06026244908571243,0.005832707975059748,-0.006781585048884153,0.01307803113013506,0.04261178523302078,0.11520696431398392,-0.040793679654598236,0.006516930181533098,0.15888874232769012,0.03082432970404625,0.023698460310697556,0.062034089118242264,-0.06715293228626251,0.013125887140631676,0.03664074465632439,0.031644973903894424,-0.013742705807089806,0.005039943382143974,0.0161413736641407,-1.1741710901260376,-0.5824262499809265,-0.5235661864280701,-0.451614648103714,-0.34329161047935486,0.11855406314134598,0.4819120466709137,-0.24591313302516937,-0.1423833966255188,-0.3800549805164337,-0.06309044361114502,-0.0664723739027977,-0.1545630246400833,4.2066676542162895e-07,-0.2483004927635193,-0.04836026579141617,-0.08424331992864609,0.030685586854815483,-0.014622085727751255,-0.04777047038078308,0.07265005260705948,-0.038113754242658615,-0.0008264683419838548,0.005602434743195772,-0.032125651836395264,-0.0527070052921772,-0.10196548700332642,0.05072863772511482,0.0032591847702860832,-0.12499633431434631,-0.03351002559065819,-0.022864677011966705,-0.05915359407663345,0.06728360801935196,-0.008082756772637367,-0.03554900735616684,-0.03056137077510357,0.012998609803617,-0.008387149311602116,-0.014565743505954742,1.8005996942520142,0.17576034367084503,-0.6404611468315125,-0.42106375098228455,-0.06626217812299728,-0.09582041949033737,-0.0015418888069689274,0.00047440879279747605,-0.2584993243217468,-0.0784790888428688,-0.030294064432382584,-0.053705863654613495,-0.11853897571563721,-0.1307365596294403,0.0063489824533462524,0.08525793254375458,0.04236815497279167,0.033540502190589905,-0.015229029580950737,-0.004220831207931042,-0.0005107220495119691,0.0647006556391716,-0.1435459405183792,-0.051709845662117004,-0.015271750278770924,-0.01613656058907509,-0.05143612623214722,-0.04378644376993179,-0.1415025293827057,-0.20409178733825684,1.016769289970398,1.0599448680877686,-3.049454689025879,0.016938326880335808,-0.19717225432395935,-0.6795538067817688,-0.5166440606117249,-0.592524528503418,0.48167291283607483,0.2480674535036087,0.1415090560913086,0.06596528738737106,0.06742853671312332,0.15794038772583008,3.012148857116699,0.293514221906662,2.6298227310180664,0.4448387324810028,0.12455429881811142,0.37981855869293213
2025/09/08 14:40,1.0597834587097168,1.0424655675888062,1.0156590938568115,1.015303134918213,1.0184025764465332,1.0597306489944458,1.0484784841537476,1.0592728853225708,1.0478004217147827,1.0433156490325928,1.0491703748703003,1.0465798377990723,1.0419882535934448,1.0290993452072144,1.1983219385147095,0.6007851958274841,0.534299910068512,0.46117261052131653,0.35037001967430115,-0.11684296280145645,-0.4758891761302948,0.2482362538576126,0.14303068816661835,0.38209423422813416,0.06341877579689026,0.06827440112829208,0.15665088593959808,0.0008607434574514627,0.24728690087795258,0.049964625388383865,0.08294219523668289,-0.03194545581936836,0.013239380903542042,0.048246365040540695,-0.055510129779577255,0.05972573906183243,0.005828351713716984,-0.006885214243084192,0.014645758084952831,0.043328434228897095,0.11501327902078629,-0.040532536804676056,0.006813076790422201,0.15829676389694214,0.030541833490133286,0.024046316742897034,0.06391576677560806,-0.06657909601926804,0.012352624908089638,0.03590523451566696,0.03263319656252861,-0.013471318408846855,0.004698437638580799,0.015799568966031075,-1.1757404804229736,-0.5823096632957458,-0.5236601233482361,-0.45094528794288635,-0.3440497815608978,0.11617544293403625,0.47968220710754395,-0.24431060254573822,-0.14282499253749847,-0.3799053728580475,-0.06275121122598648,-0.06683751195669174,-0.15354859828948975,-1.7555488739162683e-05,-0.24901778995990753,-0.04825219884514809,-0.0826973244547844,0.030439794063568115,-0.013654193840920925,-0.04863585904240608,0.0752025917172432,-0.03739525005221367,-2.7873495128005743e-05,0.004842166323214769,-0.03267991170287132,-0.052291613072156906,-0.10224401205778122,0.05075884237885475,0.00232685380615294,-0.12427594512701035,-0.03520846366882324,-0.021460596472024918,-0.059756070375442505,0.06787578761577606,-0.007490560412406921,-0.03467855602502823,-0.03130721673369408,0.01615508832037449,-0.008222424425184727,-0.01428454089909792,1.8019996881484985,0.1747031807899475,-0.6399435997009277,-0.41960498690605164,-0.0668039321899414,-0.09419633448123932,-0.0016120306681841612,0.0006629302515648305,-0.2574574053287506,-0.0794333964586258,-0.03049628436565399,-0.05448140576481819,-0.1190304160118103,-0.13137388229370117,0.004246643278747797,0.08422840386629105,0.04338180273771286,0.03387774899601936,-0.015118448063731194,-0.00448554428294301,0.0012553390115499496,0.06360509991645813,-0.14427778124809265,-0.05119738727807999,-0.015485011972486973,-0.014581408351659775,-0.05104111507534981,-0.043040528893470764,-0.14151152968406677,-0.20417001843452454,1.0167460441589355,1.0599981546401978,-3.0497069358825684,0.01698538288474083,-0.19729430973529816,-0.678596556186676,-0.5169618129730225,-0.5932524800300598,0.48197001218795776,0.24805153906345367,0.14193472266197205,0.06585117429494858,0.0674465224146843,0.15779449045658112,3.0121710300445557,0.2925530970096588,2.6296865940093994,0.4448694586753845,0.12360087782144547,0.37959009408950806
2025/09/08 14:45,1.0600433349609375,1.0421509742736816,1.0163683891296387,1.0152587890625,1.0183870792388916,1.0603644847869873,1.0486650466918945,1.0596171617507935,1.0471696853637695,1.0438035726547241,1.048861026763916,1.047655463218689,1.0424050092697144,1.029358983039856,1.197959542274475,0.6025566458702087,0.535942018032074,0.4626287519931793,0.3502788543701172,-0.11962449550628662,-0.4761764109134674,0.24797526001930237,0.1427203267812729,0.380773663520813,0.0617409348487854,0.06791578233242035,0.15729790925979614,0.0009911642409861088,0.2476457804441452,0.04969063401222229,0.08327654004096985,-0.03232681751251221,0.012455342337489128,0.04894334822893143,-0.05522942915558815,0.06047286093235016,0.005572754889726639,-0.007228222209960222,0.014636334963142872,0.043234989047050476,0.11483904719352722,-0.04005052149295807,0.006457241717725992,0.1584458351135254,0.030815431848168373,0.02324959635734558,0.06304886192083359,-0.06601700931787491,0.013213228434324265,0.036680325865745544,0.034288324415683746,-0.013671067543327808,0.005917738191783428,0.01711820252239704,-1.1748050451278687,-0.5828131437301636,-0.5236455202102661,-0.4521771967411041,-0.3440752923488617,0.11700288206338882,0.48015299439430237,-0.24487847089767456,-0.14279323816299438,-0.3811853528022766,-0.06411144137382507,-0.06698679178953171,-0.15307646989822388,-0.0002861838729586452,-0.2489810585975647,-0.04854923486709595,-0.08350329101085663,0.029870854690670967,-0.01468986552208662,-0.04835498705506325,0.07295604050159454,-0.038478318601846695,-0.00033286685356870294,0.005535163450986147,-0.03198720142245293,-0.052375417202711105,-0.10210569202899933,0.04995392635464668,0.00261301314458251,-0.12393614649772644,-0.033255238085985184,-0.02160811796784401,-0.05961398035287857,0.06715014576911926,-0.008483554236590862,-0.03652177006006241,-0.030794471502304077,0.014263068325817585,-0.006873793434351683,-0.01354894507676363,1.8016566038131714,0.17613476514816284,-0.6393937468528748,-0.42046692967414856,-0.066349558532238,-0.09622529149055481,-0.002711801789700985,7.841398473829031e-05,-0.2582186758518219,-0.08000406622886658,-0.029877236112952232,-0.053469445556402206,-0.11798781156539917,-0.13128148019313812,0.004646934103220701,0.0840226337313652,0.04130181670188904,0.03305646777153015,-0.014529654756188393,-0.005118176341056824,0.001189724076539278,0.06439749151468277,-0.14363068342208862,-0.05065857619047165,-0.015798689797520638,-0.015249347314238548,-0.05092054232954979,-0.04305197671055794,-0.14145982265472412,-0.20398887991905212,1.0167973041534424,1.059971809387207,-3.0496602058410645,0.017188124358654022,-0.19749322533607483,-0.6762655973434448,-0.5166501998901367,-0.5931220054626465,0.48199522495269775,0.2483755648136139,0.14112426340579987,0.0659029632806778,0.06747044622898102,0.15785351395606995,3.012028455734253,0.2965620160102844,2.629344940185547,0.44479528069496155,0.12359451502561569,0.37972626090049744
2025/09/08 14:50,1.0604273080825806,1.0421042442321777,1.016291618347168,1.0156440734863281,1.0186182260513306,1.0598399639129639,1.0480470657348633,1.0594758987426758,1.0473296642303467,1.0439283847808838,1.0492511987686157,1.0476452112197876,1.042135238647461,1.0290758609771729,1.1980284452438354,0.6014620661735535,0.5343445539474487,0.463733971118927,0.3508676290512085,-0.11781101673841476,-0.4763677418231964,0.2470908761024475,0.1419481486082077,0.38232430815696716,0.06311583518981934,0.06918655335903168,0.1551038771867752,0.0011379108764231205,0.24691621959209442,0.04942028224468231,0.08322599530220032,-0.0318172425031662,0.01304740458726883,0.04857407510280609,-0.05467461794614792,0.06023998558521271,0.004977060481905937,-0.007056379225105047,0.014461364597082138,0.042841892689466476,0.11459007114171982,-0.04114244878292084,0.006561013404279947,0.1581670343875885,0.031383879482746124,0.02280016802251339,0.06359443068504333,-0.06615552306175232,0.012317079119384289,0.03714834898710251,0.032589104026556015,-0.0140259163454175,0.0057717496529221535,0.015944840386509895,-1.1762516498565674,-0.5830074548721313,-0.5241692662239075,-0.4515193998813629,-0.3442680239677429,0.11706424504518509,0.47976237535476685,-0.2454802393913269,-0.14321419596672058,-0.38062784075737,-0.0641825795173645,-0.06653234362602234,-0.15297101438045502,-0.0008444849518127739,-0.24918228387832642,-0.049321383237838745,-0.08315909653902054,0.03058611787855625,-0.014918578788638115,-0.048288799822330475,0.07358187437057495,-0.038278285413980484,-0.0003608404949773103,0.0051132082007825375,-0.03288620337843895,-0.05283637344837189,-0.1016729548573494,0.049467530101537704,0.0019292727811262012,-0.12455034255981445,-0.034617483615875244,-0.02229640819132328,-0.060761887580156326,0.06679841130971909,-0.009198470041155815,-0.03600683435797691,-0.029882166534662247,0.014438976533710957,-0.007812979631125927,-0.015216614119708538,1.8018426895141602,0.17450423538684845,-0.6379090547561646,-0.42038610577583313,-0.06616464257240295,-0.09663397073745728,-0.0021302816458046436,-0.0003822620492428541,-0.25849950313568115,-0.0793333351612091,-0.028709853067994118,-0.05340276658535004,-0.11809571832418442,-0.13074898719787598,0.0043366109021008015,0.08409036695957184,0.04214449226856232,0.034186478704214096,-0.015016825869679451,-0.004673336632549763,0.0009032987290993333,0.06441809982061386,-0.14457862079143524,-0.05083567649126053,-0.015343261882662773,-0.01470911968499422,-0.05072544142603874,-0.04197424277663231,-0.14138638973236084,-0.2039543092250824,1.0167797803878784,1.0599573850631714,-3.049616813659668,0.017120003700256348,-0.19733618199825287,-0.6784185171127319,-0.5166964530944824,-0.5930547714233398,0.4819015562534332,0.24822230637073517,0.1415477842092514,0.06582830101251602,0.06745607405900955,0.1579020768404007,3.0121147632598877,0.29583752155303955,2.629503011703491,0.44491854310035706,0.12419501692056656,0.3799716532230377
2025/09/08 14:55,1.0600210428237915,1.0423613786697388,1.0158671140670776,1.01542067527771,1.0180829763412476,1.059921145439148,1.0485076904296875,1.0593326091766357,1.0473384857177734,1.043684720993042,1.0495628118515015,1.046692967414856,1.042221188545227,1.0294523239135742,1.1989752054214478,0.6020426750183105,0.5351538062095642,0.46245384216308594,0.35040754079818726,-0.11867780983448029,-0.47706711292266846,0.24743755161762238,0.14137503504753113,0.38205453753471375,0.0626649558544159,0.06928814947605133,0.15660172700881958,0.0003461244632489979,0.2474876344203949,0.050263017416000366,0.08370048552751541,-0.032168228179216385,0.012739140540361404,0.04795348271727562,-0.05518808215856552,0.06073223799467087,0.00563020259141922,-0.0069427876733243465,0.01394160557538271,0.04269262030720711,0.1147572249174118,-0.040175918489694595,0.007791128475219011,0.15881742537021637,0.031125197187066078,0.0230433139950037,0.06346115469932556,-0.0668884813785553,0.012355112470686436,0.03757110610604286,0.03296070173382759,-0.01385226659476757,0.005741890985518694,0.016575507819652557,-1.1756718158721924,-0.5824994444847107,-0.522502601146698,-0.45190340280532837,-0.344156950712204,0.1173504963517189,0.47985410690307617,-0.24485313892364502,-0.14357231557369232,-0.3804067075252533,-0.06372879445552826,-0.06551655381917953,-0.15357816219329834,-0.0010684484150260687,-0.24898584187030792,-0.04874313995242119,-0.08291110396385193,0.03058752790093422,-0.014195163734257221,-0.0486154742538929,0.07350334525108337,-0.03784376010298729,-0.0015888659982010722,0.006415661424398422,-0.03248942643404007,-0.05314546078443527,-0.10196839272975922,0.05079668387770653,0.0030304002575576305,-0.12406990677118301,-0.03455359861254692,-0.022201254963874817,-0.05991251394152641,0.06621645390987396,-0.008098659105598927,-0.035633668303489685,-0.03047100454568863,0.0145580368116498,-0.007946043275296688,-0.013574672862887383,1.801343321800232,0.17536434531211853,-0.6397139430046082,-0.4211335778236389,-0.06626333296298981,-0.09657087922096252,-0.0023876370396465063,-0.0011193887330591679,-0.2577206790447235,-0.07991337776184082,-0.03049563616514206,-0.05309635400772095,-0.11818525940179825,-0.1312822699546814,0.004186874255537987,0.08409859240055084,0.04236084222793579,0.034428343176841736,-0.014315266162157059,-0.004575670231133699,-0.00014166452456265688,0.06543809920549393,-0.1433669477701187,-0.05177777260541916,-0.01631619967520237,-0.015314925462007523,-0.05130156874656677,-0.043303560465574265,-0.14145058393478394,-0.2038639783859253,1.0167617797851562,1.059951663017273,-3.049705982208252,0.017226481810212135,-0.19749629497528076,-0.6786357760429382,-0.5167555809020996,-0.5932932496070862,0.4819759130477905,0.24790069460868835,0.1414605677127838,0.0657954216003418,0.06746387481689453,0.15761777758598328,3.0121519565582275,0.29493704438209534,2.629333972930908,0.4448985159397125,0.12365476042032242,0.37976375222206116
2025/09/08 15:00,1.06081223487854,1.0404653549194336,1.0176167488098145,1.0159066915512085,1.0178970098495483,1.0604976415634155,1.0494890213012695,1.0611597299575806,1.047210454940796,1.0428675413131714,1.0478962659835815,1.0469894409179688,1.0429428815841675,1.0303657054901123,1.1988900899887085,0.6045151948928833,0.5306241512298584,0.4665173888206482,0.3519449234008789,-0.11021458357572556,-0.47637122869491577,0.2517968416213989,0.1484248787164688,0.38570213317871094,0.05988841876387596,0.06895127892494202,0.15781071782112122,0.0002066778833977878,0.25089704990386963,0.049169521778821945,0.08748237043619156,-0.03261537104845047,0.014867191202938557,0.051004547625780106,-0.05269091948866844,0.059866491705179214,0.006330449599772692,-0.007457521744072437,0.01688265986740589,0.04367068409919739,0.11269845068454742,-0.04062987491488457,0.00947690661996603,0.15421171486377716,0.03418402746319771,0.023401550948619843,0.0637509748339653,-0.0653906837105751,0.014483102597296238,0.037655480206012726,0.03357395902276039,-0.015970991924405098,0.006805955432355404,0.01776256039738655,-1.1718376874923706,-0.5855542421340942,-0.5175702571868896,-0.45157089829444885,-0.3473556637763977,0.10662302374839783,0.4791681170463562,-0.2513563632965088,-0.1421884447336197,-0.38669127225875854,-0.06103629991412163,-0.06900683045387268,-0.15518291294574738,-0.00046887993812561035,-0.24988746643066406,-0.04857634752988815,-0.08555453270673752,0.03186502307653427,-0.014008210971951485,-0.047189339995384216,0.06848100572824478,-0.04050936549901962,0.0007872705464251339,0.007816900499165058,-0.029922526329755783,-0.05059239640831947,-0.10422433912754059,0.053100328892469406,-8.52506491355598e-05,-0.12147685140371323,-0.03321557492017746,-0.023098265752196312,-0.06098474934697151,0.06572707742452621,-0.009286727756261826,-0.03471200540661812,-0.027803892269730568,0.016615325585007668,-0.006724783219397068,-0.01551507692784071,1.8033453226089478,0.17709514498710632,-0.6271594762802124,-0.4257459342479706,-0.06853805482387543,-0.09889976680278778,0.0009482994209975004,0.0004116643685847521,-0.26173368096351624,-0.07975281029939651,-0.03129253908991814,-0.05401930585503578,-0.12107255309820175,-0.13210320472717285,0.005500767845660448,0.08339368551969528,0.04468228295445442,0.032481517642736435,-0.016375884413719177,-0.0024040560238063335,-0.0016794579569250345,0.06830809265375137,-0.1448574811220169,-0.04929860681295395,-0.01679851859807968,-0.011838560923933983,-0.052582114934921265,-0.045868776738643646,-0.14159992337226868,-0.205596923828125,1.0165210962295532,1.0600550174713135,-3.0510363578796387,0.013958576135337353,-0.20096836984157562,-0.6880816221237183,-0.5191866159439087,-0.5968735218048096,0.48083892464637756,0.2512531578540802,0.14335939288139343,0.06698352098464966,0.0685240775346756,0.16011181473731995,3.01133394241333,0.31697916984558105,2.6349356174468994,0.44783490896224976,0.11728440970182419,0.3839908242225647
2025/09/08 15:05,1.060225486755371,1.040419578552246,1.0172616243362427,1.015687108039856,1.01863431930542,1.0603803396224976,1.04899001121521,1.0620262622833252,1.0468884706497192,1.0429288148880005,1.048316478729248,1.0472173690795898,1.0433546304702759,1.0299642086029053,1.1977208852767944,0.6027555465698242,0.5290009379386902,0.46717754006385803,0.35272645950317383,-0.10929808765649796,-0.475712388753891,0.24970336258411407,0.14863258600234985,0.3854636549949646,0.06170380860567093,0.06865854561328888,0.15815599262714386,0.00038855173625051975,0.2504121661186218,0.04777659848332405,0.08647318929433823,-0.03204933926463127,0.014962276443839073,0.05075180158019066,-0.05208556354045868,0.05986098572611809,0.005681742914021015,-0.007346495985984802,0.01663987524807453,0.04288746789097786,0.11278913915157318,-0.04028706252574921,0.009758781641721725,0.15473327040672302,0.03282696008682251,0.022908156737685204,0.06395497173070908,-0.06569378077983856,0.014738930389285088,0.03800518438220024,0.032351355999708176,-0.01692824251949787,0.0061896187253296375,0.016603359952569008,-1.172950267791748,-0.5856696367263794,-0.517176628112793,-0.4528904855251312,-0.34715110063552856,0.10800939053297043,0.48029935359954834,-0.2507026493549347,-0.1438644826412201,-0.3859165608882904,-0.06075689569115639,-0.06785129755735397,-0.1543603390455246,-0.0007340684533119202,-0.24971464276313782,-0.04868996515870094,-0.08547558635473251,0.032079316675662994,-0.01435244269669056,-0.04732639715075493,0.06838934123516083,-0.0397513322532177,-0.0006366758025251329,0.007418525405228138,-0.030109141021966934,-0.05144956707954407,-0.1052434965968132,0.05266024172306061,0.0005216941353864968,-0.12112195789813995,-0.03433503955602646,-0.02265975810587406,-0.06102311238646507,0.06643453985452652,-0.009778355248272419,-0.03498571366071701,-0.027795124799013138,0.01545823272317648,-0.005750901997089386,-0.01694095879793167,1.8022446632385254,0.17730477452278137,-0.6267134547233582,-0.42550918459892273,-0.06867394596338272,-0.10033871233463287,0.001535808201879263,-0.0009227841510437429,-0.2611407935619354,-0.08036651462316513,-0.03163839876651764,-0.053757235407829285,-0.12128611654043198,-0.13152995705604553,0.0054377224296331406,0.0842675045132637,0.04345914348959923,0.0324549600481987,-0.016278419643640518,-0.0029099746607244015,-0.0016898390604183078,0.06845472007989883,-0.14563842117786407,-0.05035474896430969,-0.016298241913318634,-0.011533902026712894,-0.05207749456167221,-0.04497155547142029,-0.1417282521724701,-0.20564492046833038,1.016547441482544,1.0600255727767944,-3.0511436462402344,0.014062412083148956,-0.20064954459667206,-0.6891754269599915,-0.5193176865577698,-0.5967799425125122,0.48078566789627075,0.2512238323688507,0.14349979162216187,0.06695181876420975,0.06842456012964249,0.15999089181423187,3.0113563537597656,0.31872278451919556,2.63496732711792,0.44788870215415955,0.11698195338249207,0.3838208019733429
2025/09/08 15:10,1.0605672597885132,1.0408225059509277,1.0176335573196411,1.0157802104949951,1.0175329446792603,1.0606294870376587,1.0493566989898682,1.0610800981521606,1.04744553565979,1.042877197265625,1.0484894514083862,1.046828269958496,1.0433398485183716,1.0304219722747803,1.1973689794540405,0.6046352386474609,0.5297818183898926,0.4662427306175232,0.35434746742248535,-0.10960894823074341,-0.47624096274375916,0.25076520442962646,0.14788275957107544,0.3865005671977997,0.061177052557468414,0.06913060694932938,0.15810179710388184,0.0007132114842534065,0.2513800859451294,0.04925861582159996,0.08814028650522232,-0.03247452154755592,0.015364328399300575,0.051183365285396576,-0.051885295659303665,0.05866925045847893,0.005637385416775942,-0.006894766353070736,0.016648612916469574,0.04231676086783409,0.1124386116862297,-0.039565496146678925,0.00827102642506361,0.15506725013256073,0.03324739262461662,0.02340131811797619,0.06432975083589554,-0.06634487211704254,0.01579204760491848,0.03794744238257408,0.03243497759103775,-0.01712585799396038,0.006516294553875923,0.01681412011384964,-1.171201229095459,-0.5852490067481995,-0.5178747177124023,-0.4533117413520813,-0.347647488117218,0.10910777002573013,0.4789872169494629,-0.2505086362361908,-0.14258910715579987,-0.3860211968421936,-0.061155036091804504,-0.06952174752950668,-0.15457724034786224,-2.1230371203273535e-05,-0.2510054111480713,-0.04944903776049614,-0.08678828179836273,0.031510330736637115,-0.013399639166891575,-0.046757932752370834,0.06771880388259888,-0.039370302110910416,-0.0005037098890170455,0.007032484281808138,-0.030340267345309258,-0.05102381482720375,-0.10372772812843323,0.052491698414087296,0.000530970050022006,-0.12025304138660431,-0.03410766273736954,-0.021521639078855515,-0.06119071692228317,0.066159687936306,-0.010323368944227695,-0.033551473170518875,-0.027714939787983894,0.015887709334492683,-0.005792268086224794,-0.017102573066949844,1.8030552864074707,0.1772216558456421,-0.6273947358131409,-0.426276296377182,-0.0681828111410141,-0.09976083785295486,0.0014712268020957708,0.0004995669005438685,-0.2607400417327881,-0.079534150660038,-0.0298105850815773,-0.05473022162914276,-0.12153692543506622,-0.13172592222690582,0.005246348679065704,0.08445141464471817,0.04341272637248039,0.03289387375116348,-0.01686195470392704,-0.0028402996249496937,-0.0020870952866971493,0.06802075356245041,-0.14548777043819427,-0.049548979848623276,-0.01690717041492462,-0.011908555403351784,-0.05079740658402443,-0.04404893144965172,-0.14188514649868011,-0.20540595054626465,1.016526699066162,1.060046672821045,-3.0513315200805664,0.014086889103055,-0.20116034150123596,-0.6882908344268799,-0.5193876028060913,-0.5968641638755798,0.4808403551578522,0.2512689530849457,0.1432456374168396,0.0669437125325203,0.06849819421768188,0.16005128622055054,3.0113749504089355,0.31823596358299255,2.6349778175354004,0.4477795958518982,0.11734918504953384,0.3839755058288574
2025/09/08 15:15,1.060717225074768,1.0407925844192505,1.0173314809799194,1.0154922008514404,1.0184288024902344,1.0598955154418945,1.049204707145691,1.0611354112625122,1.0477368831634521,1.0424662828445435,1.0482008457183838,1.04755437374115,1.0434483289718628,1.0306708812713623,1.1987439393997192,0.6045204997062683,0.5291301012039185,0.4659288227558136,0.35262468457221985,-0.10865559428930283,-0.47695454955101013,0.25103840231895447,0.14737504720687866,0.38640299439430237,0.060419775545597076,0.06990782916545868,0.15873077511787415,0.00023669717484153807,0.25082409381866455,0.04890041798353195,0.08738651871681213,-0.032826751470565796,0.015226091258227825,0.05045216530561447,-0.0526014007627964,0.059853170067071915,0.006552680395543575,-0.007028635125607252,0.01667932979762554,0.042408596724271774,0.11293573677539825,-0.0396297387778759,0.01061212457716465,0.15368610620498657,0.03303631395101547,0.023473400622606277,0.06370799988508224,-0.06477273255586624,0.01391985360532999,0.037008099257946014,0.03218989819288254,-0.016022372990846634,0.00530330091714859,0.017059067264199257,-1.1729103326797485,-0.5856730341911316,-0.5171897411346436,-0.45251980423927307,-0.34783419966697693,0.10900838673114777,0.47908496856689453,-0.2505355179309845,-0.1430068463087082,-0.3861668109893799,-0.06028422713279724,-0.06892310082912445,-0.15512920916080475,-0.00019812675600405782,-0.25017571449279785,-0.048422522842884064,-0.08573349565267563,0.0329941101372242,-0.014710546471178532,-0.04811374098062515,0.069135382771492,-0.039144374430179596,0.0004921918152831495,0.007522315252572298,-0.029530955478549004,-0.05058292672038078,-0.10372719913721085,0.053297124803066254,0.001245726365596056,-0.12117499113082886,-0.03328421339392662,-0.02353133261203766,-0.061030831187963486,0.06730000674724579,-0.009056425653398037,-0.034211140125989914,-0.027778880670666695,0.015677262097597122,-0.0062285661697387695,-0.016894927248358727,1.802511215209961,0.1760372370481491,-0.6267426013946533,-0.42457157373428345,-0.0685872957110405,-0.0980810821056366,0.0023341935593634844,-0.0007265284657478333,-0.2629286050796509,-0.07942008227109909,-0.032040610909461975,-0.0540732778608799,-0.12145669013261795,-0.13228997588157654,0.005405657924711704,0.08488605916500092,0.04435170069336891,0.03308235853910446,-0.016340741887688637,-0.002245651325210929,-0.0021342241670936346,0.06771104782819748,-0.14460934698581696,-0.050004713237285614,-0.015853488817811012,-0.01299565751105547,-0.052737925201654434,-0.04584609344601631,-0.1416182518005371,-0.2055746167898178,1.0165003538131714,1.060052514076233,-3.051091194152832,0.014078628271818161,-0.20098796486854553,-0.6890383362770081,-0.5193027853965759,-0.5968799591064453,0.4807778596878052,0.2511548399925232,0.143443763256073,0.0669543668627739,0.06848674267530441,0.16004212200641632,3.0113847255706787,0.31706732511520386,2.6349759101867676,0.44781023263931274,0.11705229431390762,0.38390523195266724
2025/09/08 15:20,1.0606470108032227,1.0405303239822388,1.0175408124923706,1.015756607055664,1.0182796716690063,1.0600674152374268,1.048801064491272,1.0608370304107666,1.048056960105896,1.0428786277770996,1.0482122898101807,1.0472527742385864,1.0435231924057007,1.0302599668502808,1.19981849193573,0.6031651496887207,0.5299264192581177,0.46589529514312744,0.35293298959732056,-0.11102195829153061,-0.4771541655063629,0.2500482201576233,0.14774970710277557,0.3860670328140259,0.0615263357758522,0.07008223980665207,0.1573108732700348,0.0013307740446180105,0.251052588224411,0.04865676909685135,0.08866666257381439,-0.03242184966802597,0.014542466960847378,0.05096086114645004,-0.05255137011408806,0.05921556428074837,0.005882949102669954,-0.006492001470178366,0.01824892684817314,0.04224199056625366,0.11200685799121857,-0.04012856259942055,0.009973184205591679,0.15489153563976288,0.033991020172834396,0.02247118391096592,0.06315923482179642,-0.06564588099718094,0.014580893330276012,0.039523426443338394,0.033765461295843124,-0.016819821670651436,0.00602480536326766,0.017705433070659637,-1.1715564727783203,-0.5854646563529968,-0.5185362100601196,-0.4525010883808136,-0.34740424156188965,0.10850513726472855,0.47877851128578186,-0.249904602766037,-0.14299562573432922,-0.3856264352798462,-0.061415642499923706,-0.06923335790634155,-0.1533254235982895,-0.0004593829798977822,-0.2497629076242447,-0.04888425022363663,-0.08592323958873749,0.03176387399435043,-0.014253629371523857,-0.047663163393735886,0.06849804520606995,-0.03959489241242409,-0.00024665927048772573,0.006856400053948164,-0.031025314703583717,-0.05040289834141731,-0.10423866659402847,0.05229032412171364,0.0007067276746965945,-0.11988314241170883,-0.034172456711530685,-0.02294745296239853,-0.06107071787118912,0.06547223776578903,-0.009282826445996761,-0.034524135291576385,-0.02686966396868229,0.016532262787222862,-0.006274855230003595,-0.016878405585885048,1.8023632764816284,0.17645087838172913,-0.626820981502533,-0.42619797587394714,-0.06718207150697708,-0.0988064557313919,0.0009092465043067932,-0.00014960099360905588,-0.2599840462207794,-0.0788300633430481,-0.03170257434248924,-0.05474812537431717,-0.1212771087884903,-0.13212217390537262,0.005287778563797474,0.08346870541572571,0.04390701279044151,0.033902958035469055,-0.016779519617557526,-0.002098559169098735,-0.0012247266713529825,0.06880564987659454,-0.1448904275894165,-0.04923090711236,-0.016214901581406593,-0.012502441182732582,-0.05036154016852379,-0.04457160085439682,-0.14170663058757782,-0.2053544521331787,1.0165690183639526,1.0601271390914917,-3.0512800216674805,0.01427371148020029,-0.20113444328308105,-0.6887944936752319,-0.5194159150123596,-0.597099781036377,0.4808117747306824,0.2513312101364136,0.14339782297611237,0.06686756759881973,0.06848612427711487,0.1600305438041687,3.0113916397094727,0.3171619772911072,2.63472318649292,0.44795721769332886,0.11664758622646332,0.3837384581565857
2025/09/08 15:25,1.0603132247924805,1.0403319597244263,1.0179909467697144,1.0153464078903198,1.0183145999908447,1.0603903532028198,1.0488626956939697,1.0614205598831177,1.0474299192428589,1.0430347919464111,1.0480592250823975,1.0473432540893555,1.0436575412750244,1.0306202173233032,1.1985455751419067,0.6026609539985657,0.5311253070831299,0.46728670597076416,0.3523135185241699,-0.10936536639928818,-0.4755516052246094,0.2509818375110626,0.14681954681873322,0.38496506214141846,0.061839934438467026,0.06987834721803665,0.15779441595077515,0.0012148591922596097,0.2516292631626129,0.048183295875787735,0.08719082176685333,-0.032225899398326874,0.013800885528326035,0.05158765986561775,-0.05175567418336868,0.05970742180943489,0.005261546932160854,-0.007009393535554409,0.01757374033331871,0.042865294963121414,0.11150701344013214,-0.040099456906318665,0.009909787215292454,0.15426023304462433,0.033442720770835876,0.022425103932619095,0.06280963122844696,-0.06473682075738907,0.015965575352311134,0.03897138312458992,0.033484552055597305,-0.01630866341292858,0.00613720016553998,0.017078105360269547,-1.1724333763122559,-0.5860992670059204,-0.5189741253852844,-0.4521065652370453,-0.34649044275283813,0.10881051421165466,0.4789092242717743,-0.25097590684890747,-0.1427692472934723,-0.386850506067276,-0.06106821075081825,-0.0688844695687294,-0.1537657380104065,0.0010509704006835818,-0.2496105581521988,-0.050167329609394073,-0.0858449712395668,0.031351618468761444,-0.014186341315507889,-0.04822331294417381,0.06780620664358139,-0.03970542550086975,0.0008479005191475153,0.006994507275521755,-0.02978052757680416,-0.04959414154291153,-0.10433690994977951,0.052840977907180786,-0.0004598313826136291,-0.12060598284006119,-0.03337248042225838,-0.022956157103180885,-0.06138436123728752,0.06535963714122772,-0.009546244516968727,-0.03586321324110031,-0.026677295565605164,0.01665385439991951,-0.006212038453668356,-0.017145806923508644,1.8020797967910767,0.17622990906238556,-0.6261285543441772,-0.42593419551849365,-0.06749173998832703,-0.09823799133300781,0.0009744120761752129,-0.00016158807557076216,-0.25980353355407715,-0.079199880361557,-0.03132147341966629,-0.055107276886701584,-0.12232451140880585,-0.13181394338607788,0.005275532137602568,0.08379782736301422,0.043470028787851334,0.033758874982595444,-0.015680456534028053,-0.00246980506926775,-0.002303051296621561,0.06847059726715088,-0.1454000025987625,-0.049789756536483765,-0.015968425199389458,-0.012536701746284962,-0.051938142627477646,-0.04431658238172531,-0.1417357325553894,-0.20548012852668762,1.0165510177612305,1.060056447982788,-3.051011323928833,0.014177537523210049,-0.20087149739265442,-0.6883625984191895,-0.5194492936134338,-0.5970573425292969,0.4807921350002289,0.2512299716472626,0.14338377118110657,0.06693273037672043,0.06854329258203506,0.16007418930530548,3.011385917663574,0.3193500339984894,2.634763240814209,0.44788265228271484,0.11687067896127701,0.38385534286499023
2025/09/08 15:30,1.061051368713379,1.0400956869125366,1.0175973176956177,1.0158004760742188,1.0181081295013428,1.060139775276184,1.049278736114502,1.0612397193908691,1.0472567081451416,1.0428626537322998,1.0486127138137817,1.0472567081451416,1.0426743030548096,1.029909372329712,1.1991478204727173,0.6038771867752075,0.5290768146514893,0.4675786793231964,0.3529491126537323,-0.10923638939857483,-0.4772673547267914,0.2508522570133209,0.14669467508792877,0.38610538840293884,0.061955466866493225,0.0698343813419342,0.1571289747953415,0.000475536216981709,0.2515712380409241,0.04849300906062126,0.08684048056602478,-0.03158922493457794,0.014717087149620056,0.05037572234869003,-0.05229299142956734,0.058920297771692276,0.0055473316460847855,-0.007331642787903547,0.015367913991212845,0.04241061955690384,0.11175329238176346,-0.03930449113249779,0.009016701020300388,0.1535584032535553,0.03256744518876076,0.02307610586285591,0.0635177418589592,-0.06539211422204971,0.015244831331074238,0.037153929471969604,0.03255784139037132,-0.016671068966388702,0.006117718759924173,0.017081327736377716,-1.1748977899551392,-0.5868704915046692,-0.5167313814163208,-0.452567458152771,-0.3469955623149872,0.1084432601928711,0.47885337471961975,-0.25012636184692383,-0.14376099407672882,-0.3865806460380554,-0.06180461868643761,-0.06837857514619827,-0.15544447302818298,0.00020845809194725007,-0.2505928575992584,-0.04802393913269043,-0.08495870977640152,0.03179534152150154,-0.01454486045986414,-0.048306915909051895,0.0676569789648056,-0.03814234584569931,0.00035078631481155753,0.00721160601824522,-0.030068865045905113,-0.05220981314778328,-0.1041203960776329,0.053028006106615067,0.0011162783484905958,-0.12001041322946548,-0.03462599590420723,-0.02315870299935341,-0.06165732815861702,0.06645340472459793,-0.009780202992260456,-0.034430522471666336,-0.028056912124156952,0.015923283994197845,-0.006632977165281773,-0.016110019758343697,1.8025152683258057,0.1772472858428955,-0.6250808238983154,-0.42593804001808167,-0.06874985247850418,-0.09873005747795105,0.0016906301025301218,-0.0002703311329241842,-0.2613750696182251,-0.0810859203338623,-0.030656468123197556,-0.053533345460891724,-0.12070620059967041,-0.1326635330915451,0.004451328422874212,0.08361323177814484,0.04346770420670509,0.03344905376434326,-0.01672511175274849,-0.0021328807342797518,-0.0024076197296380997,0.0674525797367096,-0.1446157991886139,-0.049921900033950806,-0.015487909317016602,-0.012132231146097183,-0.05318441987037659,-0.045518580824136734,-0.14163154363632202,-0.2054690420627594,1.0164746046066284,1.0600496530532837,-3.051267623901367,0.014227785170078278,-0.20083272457122803,-0.6876621246337891,-0.519320011138916,-0.5969045758247375,0.48078060150146484,0.25139904022216797,0.14348240196704865,0.06678460538387299,0.0684421956539154,0.15987692773342133,3.011354684829712,0.3164266049861908,2.634333610534668,0.4480244815349579,0.11650432646274567,0.38378363847732544
2025/09/08 15:35,1.0606104135513306,1.0405488014221191,1.017642855644226,1.015074372291565,1.0186470746994019,1.0605860948562622,1.0491325855255127,1.0614738464355469,1.0473564863204956,1.04275643825531,1.0484440326690674,1.0463237762451172,1.043153166770935,1.0298149585723877,1.2001994848251343,0.6026515364646912,0.5296978950500488,0.4670112133026123,0.35321587324142456,-0.11022264510393143,-0.4759523868560791,0.2496439665555954,0.14650920033454895,0.384969562292099,0.061312247067689896,0.0696566104888916,0.1587797850370407,-0.000444988370873034,0.25039637088775635,0.04823173210024834,0.08746261894702911,-0.03158334270119667,0.014227801002562046,0.05090911686420441,-0.053034380078315735,0.05941437929868698,0.0037582158111035824,-0.007901989854872227,0.016669442877173424,0.04260783642530441,0.11190098524093628,-0.040174201130867004,0.009081616997718811,0.15534093976020813,0.03285760059952736,0.022733589634299278,0.06286069005727768,-0.06582111120223999,0.01608772948384285,0.03763538599014282,0.03225024417042732,-0.016919370740652084,0.005868747364729643,0.017537621781229973,-1.1722575426101685,-0.5861603021621704,-0.5188981294631958,-0.4523235559463501,-0.3486180007457733,0.10773877054452896,0.4785751402378082,-0.24969568848609924,-0.1430768072605133,-0.38581958413124084,-0.06108725816011429,-0.06891981512308121,-0.15401853621006012,0.0004112659371457994,-0.25032323598861694,-0.04904579743742943,-0.08586466312408447,0.0318634957075119,-0.013683654367923737,-0.047196730971336365,0.06843104213476181,-0.03938436880707741,0.000615836470387876,0.005974465515464544,-0.029315637424588203,-0.05096964165568352,-0.10417989641427994,0.05288535729050636,0.0002823771792463958,-0.12060725688934326,-0.034524790942668915,-0.02262263372540474,-0.06022040173411369,0.06648175418376923,-0.009253107011318207,-0.03380875661969185,-0.027199355885386467,0.0158297847956419,-0.0048706987872719765,-0.017730433493852615,1.8023849725723267,0.17627179622650146,-0.6281883716583252,-0.42501893639564514,-0.06844096630811691,-0.09946702420711517,0.0015031155198812485,-0.0010343038011342287,-0.26223519444465637,-0.08023007959127426,-0.03035861626267433,-0.05341550335288048,-0.12047810852527618,-0.13175246119499207,0.005919615272432566,0.0843619555234909,0.04357920214533806,0.03268825262784958,-0.01571698859333992,-0.002408105880022049,-0.001412058831192553,0.06884156912565231,-0.14530721306800842,-0.050051458179950714,-0.017564907670021057,-0.012308398261666298,-0.05177879333496094,-0.04426807910203934,-0.14160943031311035,-0.20551879703998566,1.0165319442749023,1.0600792169570923,-3.051180601119995,0.014363299123942852,-0.20066554844379425,-0.688289225101471,-0.519324541091919,-0.5970977544784546,0.48076459765434265,0.2511967420578003,0.14341400563716888,0.06689106673002243,0.06847681850194931,0.16005706787109375,3.0113296508789062,0.32188111543655396,2.634737968444824,0.44783955812454224,0.11708052456378937,0.38403770327568054
2025/09/08 15:40,1.061071515083313,1.0408012866973877,1.017581582069397,1.0156341791152954,1.018519401550293,1.059985876083374,1.049232006072998,1.0613462924957275,1.0478358268737793,1.0437099933624268,1.0485657453536987,1.046690583229065,1.0431928634643555,1.0301517248153687,1.198895812034607,0.6048313975334167,0.5293421745300293,0.4666941463947296,0.3533528745174408,-0.110132597386837,-0.4762190580368042,0.25081783533096313,0.14761841297149658,0.3865136206150055,0.06150318309664726,0.07030817121267319,0.15770499408245087,0.0010307636111974716,0.25057652592658997,0.04951156675815582,0.0869886577129364,-0.03262127935886383,0.014276147820055485,0.051089778542518616,-0.05305070802569389,0.05999469384551048,0.005009322892874479,-0.00678414897993207,0.017396101728081703,0.041720546782016754,0.1115921288728714,-0.040608812123537064,0.008066634647548199,0.15443061292171478,0.033586110919713974,0.022723723202943802,0.06393542140722275,-0.0655425414443016,0.014081928879022598,0.038653094321489334,0.03152633085846901,-0.016773369163274765,0.005589060485363007,0.017204726114869118,-1.1732397079467773,-0.5857155919075012,-0.5179850459098816,-0.45221707224845886,-0.34741371870040894,0.10799920558929443,0.4797728359699249,-0.2517472207546234,-0.1427510678768158,-0.386343389749527,-0.061276521533727646,-0.06906495988368988,-0.15419861674308777,-0.000946254120208323,-0.25014224648475647,-0.04871716350317001,-0.08604449778795242,0.031240984797477722,-0.014304978772997856,-0.04730897769331932,0.06819338351488113,-0.04013138636946678,0.0003068535588681698,0.007391791790723801,-0.029484042897820473,-0.05024171248078346,-0.10400054603815079,0.052938319742679596,0.00022308580810204148,-0.12123437970876694,-0.033988744020462036,-0.022410569712519646,-0.059954024851322174,0.06627263873815536,-0.009951509535312653,-0.03418882191181183,-0.02767256461083889,0.016260670498013496,-0.0057419161312282085,-0.017602674663066864,1.8026713132858276,0.17654283344745636,-0.6264680624008179,-0.4252451956272125,-0.0674281194806099,-0.09959743171930313,0.0018362796399742365,-0.0004577313957270235,-0.26248759031295776,-0.08068285882472992,-0.03036985918879509,-0.05422500893473625,-0.12092404812574387,-0.1302357167005539,0.005598674528300762,0.08494557440280914,0.043640535324811935,0.03385761007666588,-0.015095831826329231,-0.00138501962646842,-0.0008011791505850852,0.06928139925003052,-0.14602363109588623,-0.04935770109295845,-0.017078323289752007,-0.012422071769833565,-0.05206502601504326,-0.044183410704135895,-0.14171046018600464,-0.20550622045993805,1.0165590047836304,1.0600568056106567,-3.0511868000030518,0.01436968520283699,-0.20096269249916077,-0.6884000897407532,-0.5192989110946655,-0.5967889428138733,0.48075243830680847,0.2514198124408722,0.14336808025836945,0.0669531524181366,0.06845490634441376,0.16003434360027313,3.011321783065796,0.32061484456062317,2.6348907947540283,0.44783034920692444,0.11712696403265,0.38411450386047363
2025/09/08 15:45,1.0608898401260376,1.040718913078308,1.0176000595092773,1.015257477760315,1.0184533596038818,1.0603201389312744,1.0493217706680298,1.0617856979370117,1.0473138093948364,1.0430647134780884,1.048129916191101,1.0472030639648438,1.043587327003479,1.0302008390426636,1.1991976499557495,0.6046755313873291,0.5281291604042053,0.4667481780052185,0.3534095883369446,-0.1102285236120224,-0.47656309604644775,0.2502255439758301,0.14732679724693298,0.3846004009246826,0.06105368956923485,0.07009365409612656,0.15862004458904266,0.0011251644464209676,0.25164273381233215,0.04877954721450806,0.08887558430433273,-0.031951405107975006,0.014241375029087067,0.05123300105333328,-0.05285680666565895,0.06027080863714218,0.006360333878546953,-0.00601324113085866,0.01710205152630806,0.04294779151678085,0.11324653029441833,-0.0395764485001564,0.008904614485800266,0.15359331667423248,0.03306782990694046,0.023912223055958748,0.06359308958053589,-0.06618264317512512,0.015165852382779121,0.03771921247243881,0.033505264669656754,-0.01598476432263851,0.005857188254594803,0.01700364612042904,-1.173231840133667,-0.5857551097869873,-0.5184265971183777,-0.4531121850013733,-0.34723448753356934,0.10834088921546936,0.47930824756622314,-0.2500164210796356,-0.1437525898218155,-0.3866995871067047,-0.06096339970827103,-0.06930193305015564,-0.15437448024749756,0.0007493208395317197,-0.2501872181892395,-0.04991747438907623,-0.0854625478386879,0.030971838161349297,-0.014023995026946068,-0.046701155602931976,0.0688496083021164,-0.03991127386689186,-4.068626731168479e-05,0.006775607354938984,-0.031044315546751022,-0.05033615976572037,-0.10448554158210754,0.05287361890077591,-0.00022344436729326844,-0.12015983462333679,-0.0334458127617836,-0.02232159674167633,-0.06094220653176308,0.0661628246307373,-0.009367386810481548,-0.03480120003223419,-0.027692371979355812,0.01615886203944683,-0.005991540849208832,-0.01613001897931099,1.8029093742370605,0.17756196856498718,-0.6276560425758362,-0.4251462519168854,-0.0677301436662674,-0.09881739318370819,0.0021166778169572353,-0.0005551273934543133,-0.2613101899623871,-0.0793590098619461,-0.030807528644800186,-0.05494305491447449,-0.12148113548755646,-0.13208328187465668,0.005141749512404203,0.08362752199172974,0.044825151562690735,0.03216777369379997,-0.016586268320679665,-0.00201624957844615,-0.0013726188335567713,0.06774105131626129,-0.14423653483390808,-0.04942509904503822,-0.016333507373929024,-0.012368572875857353,-0.05187433958053589,-0.04410490766167641,-0.14171373844146729,-0.20558121800422668,1.0165091753005981,1.0601089000701904,-3.051292657852173,0.01410294696688652,-0.2010687291622162,-0.689022958278656,-0.5192092657089233,-0.5970255732536316,0.48074066638946533,0.25134462118148804,0.1432967185974121,0.06699936091899872,0.06850337237119675,0.16017743945121765,3.0113680362701416,0.3178771436214447,2.634763240814209,0.44783854484558105,0.11695337295532227,0.38391557335853577
2025/09/08 15:50,1.0605738162994385,1.0406402349472046,1.0172475576400757,1.0164726972579956,1.0181256532669067,1.060062289237976,1.0493806600570679,1.0612688064575195,1.0469696521759033,1.0427733659744263,1.0483936071395874,1.0469741821289062,1.0431498289108276,1.0304882526397705,1.1984304189682007,0.6046079993247986,0.5295804738998413,0.4660910665988922,0.35271960496902466,-0.109259232878685,-0.4763137698173523,0.2506391704082489,0.1482154279947281,0.3863852322101593,0.06172250583767891,0.069886714220047,0.15808337926864624,0.0003537231241352856,0.25146350264549255,0.048874471336603165,0.08699378371238708,-0.032079748809337616,0.014003897085785866,0.05031396448612213,-0.05250262841582298,0.05927160009741783,0.007092319894582033,-0.0066873119212687016,0.016824522987008095,0.042494356632232666,0.11281954497098923,-0.039739999920129776,0.00875253975391388,0.1549922674894333,0.03349611163139343,0.023664206266403198,0.06468755751848221,-0.0656600296497345,0.01421980932354927,0.03757593780755997,0.03230917453765869,-0.01627199724316597,0.006755084730684757,0.01771281659603119,-1.1725984811782837,-0.5860186219215393,-0.5182676315307617,-0.453561931848526,-0.3470436930656433,0.10945191979408264,0.47798392176628113,-0.2508012354373932,-0.14254648983478546,-0.3856196999549866,-0.061212535947561264,-0.0690382644534111,-0.15470263361930847,0.0005777487531304359,-0.25062161684036255,-0.0483664907515049,-0.08554499596357346,0.032080624252557755,-0.014452474191784859,-0.047952547669410706,0.06856650114059448,-0.03997071087360382,-0.00044131302274763584,0.0066397227346897125,-0.030093060806393623,-0.05109667405486107,-0.1045055091381073,0.0526006855070591,0.0009126388467848301,-0.12120512872934341,-0.03377233073115349,-0.02192382514476776,-0.060859564691782,0.06584720313549042,-0.009612184949219227,-0.03421996533870697,-0.027903594076633453,0.015786519274115562,-0.007067200727760792,-0.017121978104114532,1.802272915840149,0.17683841288089752,-0.6259862780570984,-0.4255845844745636,-0.0685269758105278,-0.10009456425905228,0.0016435638535767794,-0.0005939199472777545,-0.26157528162002563,-0.0797434076666832,-0.03186264634132385,-0.054298099130392075,-0.12214216589927673,-0.13189738988876343,0.0040202513337135315,0.08386972546577454,0.04428371787071228,0.032632142305374146,-0.016699040308594704,-0.0012365307193249464,-0.0017183957388624549,0.06809680163860321,-0.14553825557231903,-0.04994502663612366,-0.016699546948075294,-0.012071150355041027,-0.052157141268253326,-0.04553484544157982,-0.14178058505058289,-0.20554187893867493,1.0164976119995117,1.0600756406784058,-3.0512776374816895,0.01425653975456953,-0.20117954909801483,-0.6887961030006409,-0.5191681385040283,-0.596799373626709,0.4808793365955353,0.2512480318546295,0.1433466374874115,0.0669390857219696,0.06846442073583603,0.16001242399215698,3.0113186836242676,0.3181591331958771,2.6348443031311035,0.4478658139705658,0.11665487289428711,0.38401105999946594
2025/09/08 15:55,1.061132550239563,1.0402902364730835,1.017669916152954,1.0156428813934326,1.0179423093795776,1.0601080656051636,1.049330234527588,1.0617862939834595,1.0470927953720093,1.0423833131790161,1.048802137374878,1.0472460985183716,1.0434685945510864,1.029768466949463,1.197826623916626,0.6045040488243103,0.5293827056884766,0.46647483110427856,0.3529370129108429,-0.1098821610212326,-0.4767095744609833,0.2500922679901123,0.14752362668514252,0.3852955102920532,0.060991913080215454,0.06971006095409393,0.1583775132894516,0.00047519890358671546,0.24978098273277283,0.048150986433029175,0.08654040843248367,-0.0319109708070755,0.014940179884433746,0.050427958369255066,-0.052282754331827164,0.059347640722990036,0.005251504946500063,-0.007411101832985878,0.016284093260765076,0.04297297075390816,0.11224102973937988,-0.03964051604270935,0.009745447896420956,0.15461193025112152,0.03376438096165657,0.022035717964172363,0.06329187750816345,-0.06501520425081253,0.015634028241038322,0.03825908154249191,0.03203033655881882,-0.01680690236389637,0.006215553730726242,0.01663999632000923,-1.1726614236831665,-0.5861527919769287,-0.5183455348014832,-0.4527283012866974,-0.3470746874809265,0.10949890315532684,0.4797556400299072,-0.2510422170162201,-0.14386852085590363,-0.38558313250541687,-0.062264516949653625,-0.06877660006284714,-0.15446795523166656,0.00013423318159766495,-0.25131115317344666,-0.04868023842573166,-0.08574751764535904,0.03218517079949379,-0.014084450900554657,-0.04806014895439148,0.06801088899374008,-0.039281804114580154,-0.0007530103903263807,0.006875856779515743,-0.029784822836518288,-0.05105525255203247,-0.10361680388450623,0.0529378280043602,0.0008379711653105915,-0.12098787724971771,-0.03480656072497368,-0.023585040122270584,-0.06098944693803787,0.06608054786920547,-0.009326521307229996,-0.03410797938704491,-0.02778753638267517,0.015466887503862381,-0.005432635545730591,-0.01678229123353958,1.802681803703308,0.17686624825000763,-0.6262599229812622,-0.42517733573913574,-0.06904817372560501,-0.10039348900318146,0.0008997080149129033,-0.0007621774566359818,-0.26136529445648193,-0.08068249374628067,-0.03054671920835972,-0.052801359444856644,-0.12003625184297562,-0.13221608102321625,0.00500211026519537,0.0832710787653923,0.04362253099679947,0.0336250364780426,-0.016194846481084824,-0.0032690190710127354,-0.0018559903837740421,0.06873665004968643,-0.14391018450260162,-0.04904239997267723,-0.01618204265832901,-0.012189310044050217,-0.05196813493967056,-0.04446126148104668,-0.14176374673843384,-0.20546971261501312,1.016530990600586,1.0600392818450928,-3.051145315170288,0.01409103162586689,-0.20085375010967255,-0.6882995963096619,-0.5193201303482056,-0.5966435074806213,0.48076391220092773,0.2511797845363617,0.1433495283126831,0.0668613612651825,0.06848342716693878,0.15992431342601776,3.011293411254883,0.3208439350128174,2.634744167327881,0.44797930121421814,0.1179499626159668,0.38392263650894165
2025/09/08 16:00,1.0605859756469727,1.0409713983535767,1.0187379121780396,1.0174500942230225,1.0185492038726807,1.0597820281982422,1.0478849411010742,1.0593852996826172,1.0487004518508911,1.0424401760101318,1.0480355024337769,1.0456427335739136,1.0427720546722412,1.0288348197937012,1.1980037689208984,0.6052311062812805,0.5271019339561462,0.46830737590789795,0.3535148799419403,-0.10430783033370972,-0.47405099868774414,0.2564585506916046,0.14431071281433105,0.3884550631046295,0.06204560771584511,0.06922702491283417,0.154422789812088,-0.001876865979284048,0.254663348197937,0.04977802932262421,0.08533788472414017,-0.030301354825496674,0.016187472268939018,0.04896112158894539,-0.053902365267276764,0.0578729473054409,0.0047798752784729,-0.008200067095458508,0.017199870198965073,0.04075021669268608,0.11218616366386414,-0.03956572711467743,0.00898413360118866,0.15811681747436523,0.03546597808599472,0.021849947050213814,0.0637020692229271,-0.0674733817577362,0.015386028215289116,0.038793906569480896,0.03226366266608238,-0.014763927087187767,0.007567667867988348,0.017644012346863747,-1.1730071306228638,-0.5867482423782349,-0.5172614455223083,-0.4532734751701355,-0.3488572835922241,0.10322451591491699,0.47954487800598145,-0.2516728639602661,-0.14761002361774445,-0.3876815736293793,-0.06108991801738739,-0.06755908578634262,-0.15874989330768585,0.0025207954458892345,-0.25335559248924255,-0.048233769834041595,-0.08434867113828659,0.030276168137788773,-0.011733824387192726,-0.04645450785756111,0.0727865919470787,-0.03823801502585411,-0.0006244998658075929,0.005990259815007448,-0.03086944855749607,-0.05163808539509773,-0.10202167183160782,0.05219815671443939,0.0024378676898777485,-0.12145357578992844,-0.03267468139529228,-0.021355176344513893,-0.062480904161930084,0.06665389239788055,-0.010259794071316719,-0.034430548548698425,-0.029314257204532623,0.016679629683494568,-0.006528008729219437,-0.015267618000507355,1.805643081665039,0.17544330656528473,-0.6171579957008362,-0.42922747135162354,-0.0668984055519104,-0.10126294195652008,-0.0004043548251502216,0.0024279076606035233,-0.2649345099925995,-0.08062232285737991,-0.030321583151817322,-0.05277355760335922,-0.12227851152420044,-0.13093861937522888,0.006623096764087677,0.08303496241569519,0.04124164581298828,0.033133041113615036,-0.013813769444823265,-0.0002019183011725545,5.395364132709801e-05,0.06902039051055908,-0.14682260155677795,-0.05015424266457558,-0.017181266099214554,-0.015275766141712666,-0.05226130038499832,-0.04551670700311661,-0.14192746579647064,-0.20620986819267273,1.0163763761520386,1.0600457191467285,-3.0517585277557373,0.012637007981538773,-0.20225229859352112,-0.6951779127120972,-0.52139812707901,-0.599174439907074,0.48043450713157654,0.2525779604911804,0.14430636167526245,0.06735768914222717,0.06890345364809036,0.1612512767314911,3.0111243724823,0.3358703553676605,2.638179302215576,0.44914740324020386,0.11141490191221237,0.3862697184085846
2025/09/08 16:05,1.06023108959198,1.0409746170043945,1.018231749534607,1.0173827409744263,1.0181058645248413,1.059483528137207,1.0476572513580322,1.0606378316879272,1.0482730865478516,1.0435506105422974,1.047655463218689,1.0462148189544678,1.0427147150039673,1.0284364223480225,1.1982309818267822,0.6058303713798523,0.5269722938537598,0.4690493643283844,0.3553149998188019,-0.10535474121570587,-0.4725550711154938,0.255476713180542,0.14410392940044403,0.38792523741722107,0.06348540633916855,0.06973382085561752,0.15401306748390198,-0.0011072217021137476,0.253659725189209,0.0494513213634491,0.08520592749118805,-0.0311221145093441,0.015812523663043976,0.0478643998503685,-0.05307985469698906,0.05959704890847206,0.004644837696105242,-0.006774405017495155,0.01797502301633358,0.041738249361515045,0.11301183700561523,-0.03871801868081093,0.0076639410108327866,0.1569634974002838,0.034311287105083466,0.02193482033908367,0.0644485354423523,-0.06870879977941513,0.015029160305857658,0.0372881144285202,0.03128606081008911,-0.014971214346587658,0.007050332147628069,0.017604265362024307,-1.1751865148544312,-0.5869594216346741,-0.5166386961936951,-0.4549233317375183,-0.3472616970539093,0.10293196141719818,0.48101040720939636,-0.2512780725955963,-0.1477573662996292,-0.387962281703949,-0.06191433221101761,-0.06677348911762238,-0.15875038504600525,0.002560974098742008,-0.254904568195343,-0.04850997403264046,-0.08497653901576996,0.02888869307935238,-0.013463793322443962,-0.046750396490097046,0.07284035533666611,-0.03788929060101509,-0.0010834408458322287,0.007878177799284458,-0.031734615564346313,-0.05085144564509392,-0.10207930207252502,0.05123413726687431,0.0016597138019278646,-0.12126004695892334,-0.0327293835580349,-0.020982371643185616,-0.06173297390341759,0.06710536032915115,-0.010846361517906189,-0.0342070497572422,-0.030572902411222458,0.016217567026615143,-0.0065445140935480595,-0.014257150702178478,1.805769443511963,0.17854350805282593,-0.6173590421676636,-0.42890915274620056,-0.06824548542499542,-0.10199620574712753,-0.00024545524502173066,0.0012002757284790277,-0.2633553445339203,-0.08156345039606094,-0.030922776088118553,-0.05328642204403877,-0.1225200891494751,-0.13142170011997223,0.005981210619211197,0.08470561355352402,0.04090554267168045,0.0341954343020916,-0.0125880790874362,-0.00048341217916458845,0.00020081413094885647,0.06909260153770447,-0.14823773503303528,-0.05139411985874176,-0.015991630032658577,-0.015896812081336975,-0.05207882449030876,-0.044979698956012726,-0.14180761575698853,-0.20615284144878387,1.0164363384246826,1.0600425004959106,-3.051764726638794,0.012473762035369873,-0.20221292972564697,-0.6953872442245483,-0.5214546918869019,-0.5994004011154175,0.4803265631198883,0.2525961697101593,0.14427421987056732,0.06732926517724991,0.06882788985967636,0.16121749579906464,3.0110204219818115,0.33645570278167725,2.6381821632385254,0.4491385817527771,0.11120456457138062,0.3861951529979706
2025/09/08 16:10,1.0600576400756836,1.0414222478866577,1.0179930925369263,1.0173325538635254,1.0191417932510376,1.0590753555297852,1.047722339630127,1.0593668222427368,1.0486571788787842,1.0426573753356934,1.048526644706726,1.0466110706329346,1.0423954725265503,1.0289616584777832,1.1983981132507324,0.6050702333450317,0.5280113220214844,0.4685194790363312,0.3546909689903259,-0.1041010171175003,-0.47342678904533386,0.25435763597488403,0.14517083764076233,0.3885842561721802,0.06309528648853302,0.07164864987134933,0.1546563357114792,-0.0004192411433905363,0.25274643301963806,0.049205586314201355,0.08495607227087021,-0.03212577849626541,0.015946384519338608,0.04770059511065483,-0.053919076919555664,0.05866337940096855,0.005311468616127968,-0.008180084638297558,0.017568763345479965,0.04286536946892738,0.1121920794248581,-0.03842712938785553,0.010644642636179924,0.15794946253299713,0.03291455656290054,0.02289700135588646,0.06376050412654877,-0.06975673139095306,0.013960253447294235,0.036799151450395584,0.030676227062940598,-0.01643330790102482,0.004519855137914419,0.01706547662615776,-1.1738836765289307,-0.5870129466056824,-0.5163840055465698,-0.4543357193470001,-0.3473179340362549,0.10311233252286911,0.481452077627182,-0.2511102259159088,-0.14711213111877441,-0.3869031071662903,-0.060272060334682465,-0.06646163016557693,-0.158890038728714,0.0021837675012648106,-0.2550894021987915,-0.047715675085783005,-0.08323246240615845,0.02872633747756481,-0.01590629480779171,-0.0480414479970932,0.07311366498470306,-0.03741544112563133,-0.0008293197024613619,0.006958510261029005,-0.032230593264102936,-0.051543548703193665,-0.10180368274450302,0.05289573222398758,0.0023274607956409454,-0.12244637310504913,-0.03337690234184265,-0.020945154130458832,-0.06212414428591728,0.06689511239528656,-0.009750111028552055,-0.0358058400452137,-0.029267320409417152,0.017700273543596268,-0.008315863087773323,-0.015338923782110214,1.805375337600708,0.17492499947547913,-0.6172273755073547,-0.4276176989078522,-0.06771435588598251,-0.09986599534749985,0.00011077860835939646,0.0011623346945270896,-0.2646358907222748,-0.0795135498046875,-0.03244234248995781,-0.053235068917274475,-0.12290842831134796,-0.1311793476343155,0.007027360610663891,0.0848025232553482,0.040934670716524124,0.03323005512356758,-0.01403338648378849,0.0002704693761188537,-0.000817200168967247,0.06952118873596191,-0.14849548041820526,-0.05185066908597946,-0.016310615465044975,-0.015624483115971088,-0.05223681032657623,-0.04636368155479431,-0.14183387160301208,-0.20622660219669342,1.0164304971694946,1.060081958770752,-3.051758050918579,0.012493663467466831,-0.2021709382534027,-0.6953983902931213,-0.5215062499046326,-0.599079966545105,0.4804023802280426,0.2526865303516388,0.14441265165805817,0.06740155071020126,0.06879913061857224,0.16120608150959015,3.0109596252441406,0.33591771125793457,2.6381046772003174,0.44917523860931396,0.11095383763313293,0.3861088752746582
2025/09/08 16:15,1.060634732246399,1.0413480997085571,1.0180827379226685,1.017369031906128,1.018844723701477,1.0594234466552734,1.0479785203933716,1.0602245330810547,1.0482693910598755,1.0427618026733398,1.0487065315246582,1.046054482460022,1.0427604913711548,1.0281929969787598,1.1984598636627197,0.6060901880264282,0.5273050665855408,0.4679661691188812,0.35426124930381775,-0.10423532873392105,-0.47407543659210205,0.256350576877594,0.14372125267982483,0.38923048973083496,0.06371255964040756,0.07040145993232727,0.15586020052433014,-0.001710747368633747,0.2526211142539978,0.04978851601481438,0.08595161139965057,-0.031507257372140884,0.01618959940969944,0.048625797033309937,-0.05380481481552124,0.05857668071985245,0.003950618207454681,-0.008635959587991238,0.018076635897159576,0.04073958843946457,0.1129167377948761,-0.03923496976494789,0.008923344314098358,0.15732401609420776,0.035562943667173386,0.021899007260799408,0.06472983211278915,-0.06858571618795395,0.014616474509239197,0.036508169025182724,0.03201735019683838,-0.015366209670901299,0.00643924018368125,0.017760876566171646,-1.1752066612243652,-0.5864554047584534,-0.5160719156265259,-0.4539073407649994,-0.3475460112094879,0.10442212969064713,0.4804403781890869,-0.25066500902175903,-0.14864934980869293,-0.3866701126098633,-0.06206771358847618,-0.06692732125520706,-0.16092079877853394,0.0017749908147379756,-0.25464093685150146,-0.04785667732357979,-0.08341873437166214,0.030370060354471207,-0.013325970619916916,-0.04672602564096451,0.07284820079803467,-0.0381685309112072,-0.0005149508942849934,0.0073250047862529755,-0.031120020896196365,-0.05097112059593201,-0.10285461694002151,0.05221131816506386,0.0030509086791425943,-0.12260989099740982,-0.03292686492204666,-0.021694514900445938,-0.06206083670258522,0.06751831620931625,-0.010427125729620457,-0.0353226363658905,-0.02991666831076145,0.018283547833561897,-0.005972339306026697,-0.01380997709929943,1.8065105676651,0.17689310014247894,-0.6168392896652222,-0.4284234344959259,-0.06721820682287216,-0.10046211630105972,0.000525068782735616,0.001889609731733799,-0.26474523544311523,-0.08173691481351852,-0.03179146349430084,-0.0518609955906868,-0.1215844377875328,-0.13010673224925995,0.0069812992587685585,0.08425133675336838,0.04133422300219536,0.033046673983335495,-0.012497085146605968,0.0014018272049725056,-5.2808725740760565e-05,0.06927124410867691,-0.1469019204378128,-0.050950776785612106,-0.016952360048890114,-0.01567831262946129,-0.05155666917562485,-0.04502011835575104,-0.14182205498218536,-0.20625008642673492,1.0163400173187256,1.0600435733795166,-3.051790952682495,0.012482475489377975,-0.2023928314447403,-0.6960749626159668,-0.5214154124259949,-0.5991735458374023,0.48029017448425293,0.25245991349220276,0.1444200873374939,0.06732609868049622,0.06890260428190231,0.1612149178981781,3.0112204551696777,0.3347276449203491,2.6381304264068604,0.4491819739341736,0.11121761053800583,0.38617390394210815
2025/09/08 16:20,1.0597927570343018,1.0413644313812256,1.0188854932785034,1.0178242921829224,1.0186231136322021,1.0594282150268555,1.0474441051483154,1.0593969821929932,1.0486851930618286,1.0431991815567017,1.0475178956985474,1.0460466146469116,1.0420938730239868,1.028640866279602,1.19718599319458,0.6058581471443176,0.5261449813842773,0.46761834621429443,0.3541477620601654,-0.10445166379213333,-0.4739002287387848,0.25618883967399597,0.14509588479995728,0.389228880405426,0.0632593035697937,0.06934191286563873,0.15338744223117828,-0.0011223104083910584,0.2533077001571655,0.04898981750011444,0.0850163996219635,-0.030976977199316025,0.015448393300175667,0.04823831096291542,-0.05259271338582039,0.058663930743932724,0.004548303782939911,-0.008116175420582294,0.018150320276618004,0.04091865196824074,0.11241326481103897,-0.038616787642240524,0.008631727658212185,0.15669287741184235,0.03479428589344025,0.022171029821038246,0.06516116112470627,-0.06783536821603775,0.014774157665669918,0.0370916910469532,0.03144766762852669,-0.015310699120163918,0.005481397733092308,0.017547493800520897,-1.174438714981079,-0.5870174765586853,-0.5141589045524597,-0.4542081654071808,-0.3484078347682953,0.10374947637319565,0.4802309274673462,-0.25086259841918945,-0.1476868838071823,-0.387587308883667,-0.06197374686598778,-0.06743327528238297,-0.15939083695411682,0.0015510322991758585,-0.2542644143104553,-0.04730740189552307,-0.08440013229846954,0.029753727838397026,-0.013212868012487888,-0.04769425094127655,0.07254962623119354,-0.03750881180167198,-0.00020492510520853102,0.006863011978566647,-0.031660351902246475,-0.05173073709011078,-0.10186681896448135,0.05119240656495094,0.003204760840162635,-0.12119874358177185,-0.03269784525036812,-0.021759802475571632,-0.06274038553237915,0.06719796359539032,-0.011338935233652592,-0.034910377115011215,-0.02987644076347351,0.016893012449145317,-0.007429866585880518,-0.014928269200026989,1.8055676221847534,0.17786955833435059,-0.6163722276687622,-0.4281279742717743,-0.067292220890522,-0.10122224688529968,9.636214235797524e-05,0.0016581073869019747,-0.26404163241386414,-0.08144460618495941,-0.031176738440990448,-0.05275857076048851,-0.12300091981887817,-0.13061031699180603,0.0065451012924313545,0.08582187443971634,0.04121767356991768,0.034449052065610886,-0.013221013359725475,0.0012699062936007977,0.00037727871676906943,0.06892641633749008,-0.14769940078258514,-0.05017014592885971,-0.016646016389131546,-0.016144121065735817,-0.051944099366664886,-0.04634736850857735,-0.14186826348304749,-0.2062617540359497,1.0163812637329102,1.0600364208221436,-3.051820993423462,0.012510653585195541,-0.20225514471530914,-0.6962504386901855,-0.5215590596199036,-0.5993266105651855,0.48040270805358887,0.25262555480003357,0.1443851888179779,0.06734119355678558,0.06888603419065475,0.16116176545619965,3.011176347732544,0.33507421612739563,2.6382603645324707,0.44916826486587524,0.11112998425960541,0.3862484097480774
2025/09/08 16:25,1.0598667860031128,1.0415043830871582,1.0184382200241089,1.0170385837554932,1.018165946006775,1.0598739385604858,1.0484057664871216,1.0602939128875732,1.0481293201446533,1.0427007675170898,1.0478206872940063,1.0462461709976196,1.0425103902816772,1.0288095474243164,1.1988894939422607,0.6049965620040894,0.5278302431106567,0.4688660204410553,0.3535744249820709,-0.10567539185285568,-0.47460025548934937,0.25535985827445984,0.1446758508682251,0.3865538537502289,0.06274650990962982,0.06987366080284119,0.15445391833782196,-0.0013130645966157317,0.2528713643550873,0.04963424801826477,0.08540089428424835,-0.032171279191970825,0.015341231599450111,0.04849321022629738,-0.05481324344873428,0.05811981484293938,0.0048019764944911,-0.007660414092242718,0.0184591393917799,0.04229119047522545,0.11335467547178268,-0.03881976380944252,0.009337124414741993,0.15784703195095062,0.033210139721632004,0.022979147732257843,0.063608817756176,-0.06730689108371735,0.015335743315517902,0.03860894963145256,0.032073453068733215,-0.01428048126399517,0.006796011235564947,0.01683591865003109,-1.1733074188232422,-0.5880666375160217,-0.5172998309135437,-0.4534291923046112,-0.3474319577217102,0.10446954518556595,0.4800518751144409,-0.2503231167793274,-0.14806170761585236,-0.38797760009765625,-0.06097739562392235,-0.06736302375793457,-0.15791122615337372,0.002132111694663763,-0.25370919704437256,-0.04865127056837082,-0.08402577042579651,0.030486904084682465,-0.01428859494626522,-0.04760975390672684,0.07308054715394974,-0.03785201534628868,-0.0004716817638836801,0.006573460064828396,-0.03154361993074417,-0.050538405776023865,-0.10228614509105682,0.05183817446231842,0.0022448613308370113,-0.12186554819345474,-0.03240017220377922,-0.02068529650568962,-0.062230709940195084,0.06599441915750504,-0.010264106094837189,-0.03526326268911362,-0.031068969517946243,0.017768802121281624,-0.007458211854100227,-0.01442028023302555,1.8058918714523315,0.17650233209133148,-0.6167605519294739,-0.4301452040672302,-0.06731210649013519,-0.10040344297885895,0.0003436055558267981,0.002146377693861723,-0.26445838809013367,-0.080881267786026,-0.03202463686466217,-0.05237717926502228,-0.1225409284234047,-0.13125577569007874,0.0060465289279818535,0.08398862183094025,0.04197381064295769,0.033731378614902496,-0.01405483391135931,0.0006797179230488837,-0.00111472699791193,0.06901858747005463,-0.1471901684999466,-0.05052131786942482,-0.01669120043516159,-0.015992937609553337,-0.052981674671173096,-0.04577524587512016,-0.1419641077518463,-0.20613963901996613,1.0163676738739014,1.060075044631958,-3.0518202781677246,0.012538610026240349,-0.2024516463279724,-0.6957963705062866,-0.5214402675628662,-0.5990937352180481,0.48037153482437134,0.2526000440120697,0.14427778124809265,0.0673365592956543,0.06885328888893127,0.16123920679092407,3.011101484298706,0.3354189395904541,2.6381850242614746,0.44923916459083557,0.11141497641801834,0.3861123323440552
2025/09/08 16:30,1.0602567195892334,1.0414403676986694,1.018271565437317,1.0169634819030762,1.0183837413787842,1.0597869157791138,1.0478670597076416,1.0605535507202148,1.0485564470291138,1.0425719022750854,1.0482343435287476,1.0463311672210693,1.04221773147583,1.029022455215454,1.1996440887451172,0.6056066751480103,0.5272412896156311,0.4685295820236206,0.3552541136741638,-0.10514213889837265,-0.47307926416397095,0.255039781332016,0.1445004940032959,0.3877090811729431,0.06282846629619598,0.07004031538963318,0.15496908128261566,-0.0017805795650929213,0.25273725390434265,0.04967455193400383,0.08622436225414276,-0.031536877155303955,0.015637725591659546,0.04859389737248421,-0.054221656173467636,0.05927601456642151,0.0037252006586641073,-0.0079651465639472,0.01769326813519001,0.04108032211661339,0.11338208615779877,-0.038603827357292175,0.009737621061503887,0.1571696698665619,0.03298243507742882,0.02181902341544628,0.0637034997344017,-0.06768198311328888,0.016202539205551147,0.037956539541482925,0.03213870897889137,-0.014718635007739067,0.006997107993811369,0.017497634515166283,-1.1736027002334595,-0.5867943167686462,-0.5157771706581116,-0.45332643389701843,-0.34781989455223083,0.10485462099313736,0.4807426333427429,-0.2508374750614166,-0.14795920252799988,-0.38664236664772034,-0.06148265302181244,-0.06597963720560074,-0.15927481651306152,0.0008093947544693947,-0.2545694410800934,-0.048428915441036224,-0.085018090903759,0.02979634515941143,-0.013790778815746307,-0.047289345413446426,0.07289748638868332,-0.03741953521966934,-0.0005649664090014994,0.0070176441222429276,-0.03170726075768471,-0.05099712312221527,-0.10250937938690186,0.05193221569061279,0.002521053422242403,-0.12247078120708466,-0.03277864679694176,-0.020987188443541527,-0.06237240135669708,0.06671403348445892,-0.009934358298778534,-0.03474340960383415,-0.030268261209130287,0.016811447218060493,-0.00673735560849309,-0.014076950028538704,1.8062443733215332,0.17728325724601746,-0.6178262829780579,-0.428044855594635,-0.06703457236289978,-0.10075382143259048,0.0006222542142495513,0.001684795948676765,-0.2654708921909332,-0.08200638741254807,-0.03147529065608978,-0.05198720842599869,-0.1230209469795227,-0.13094006478786469,0.006537237670272589,0.08517221361398697,0.042049016803503036,0.03394449129700661,-0.012569859623908997,0.001289377803914249,-0.0013263218570500612,0.06997350603342056,-0.1476747840642929,-0.050466690212488174,-0.01692293770611286,-0.01521206647157669,-0.05150655284523964,-0.04536709189414978,-0.14195963740348816,-0.2062578797340393,1.016358733177185,1.060025691986084,-3.0518341064453125,0.012530144304037094,-0.20248809456825256,-0.6966543793678284,-0.5214088559150696,-0.5991504788398743,0.480363130569458,0.2525325417518616,0.14431221783161163,0.06734102219343185,0.06887497752904892,0.1613047868013382,3.0111985206604004,0.3351575434207916,2.6381306648254395,0.4492265582084656,0.11125125735998154,0.38625070452690125
2025/09/08 16:35,1.059994101524353,1.0413480997085571,1.0183035135269165,1.0178097486495972,1.0185586214065552,1.059377670288086,1.0473530292510986,1.0610971450805664,1.0483094453811646,1.0426965951919556,1.0484058856964111,1.046714186668396,1.0422688722610474,1.029110074043274,1.1998409032821655,0.605693519115448,0.5259149074554443,0.46829354763031006,0.35430052876472473,-0.10587544739246368,-0.47446656227111816,0.2549823224544525,0.14455755054950714,0.38888388872146606,0.06264428049325943,0.06975150853395462,0.15561850368976593,-0.0009712630999274552,0.2522633969783783,0.04863382875919342,0.08445174992084503,-0.031333256512880325,0.01654432900249958,0.048319797962903976,-0.05285358056426048,0.05759250372648239,0.0037722215056419373,-0.0075019728392362595,0.016911905258893967,0.041708849370479584,0.1124475970864296,-0.03863126039505005,0.009747550822794437,0.15597915649414062,0.033425986766815186,0.021471930667757988,0.06429405510425568,-0.06793336570262909,0.014957605861127377,0.036475565284490585,0.031495969742536545,-0.014838768169283867,0.0067663006484508514,0.016757838428020477,-1.1748542785644531,-0.5870351195335388,-0.5147078633308411,-0.45372042059898376,-0.3485652804374695,0.1041150912642479,0.48011523485183716,-0.252078652381897,-0.1476553976535797,-0.38727036118507385,-0.060672577470541,-0.06678470224142075,-0.1600201427936554,0.0009792731143534184,-0.25398683547973633,-0.04854839667677879,-0.08382245153188705,0.030653279274702072,-0.013220074586570263,-0.04871349781751633,0.07247316092252731,-0.03687252849340439,-0.0009890380315482616,0.007873723283410072,-0.03173936530947685,-0.05172944441437721,-0.10286153107881546,0.05191486328840256,0.002622653264552355,-0.1215338408946991,-0.03457312285900116,-0.021174388006329536,-0.062386199831962585,0.06641823053359985,-0.00994649063795805,-0.034556757658720016,-0.030193747952580452,0.015851259231567383,-0.005655554123222828,-0.013909284956753254,1.8061280250549316,0.1764422208070755,-0.6166739463806152,-0.4287002384662628,-0.06774131208658218,-0.10187246650457382,0.0002719219774007797,0.000932627241127193,-0.2650451362133026,-0.08179501444101334,-0.03197677806019783,-0.052227213978767395,-0.12216556817293167,-0.13220368325710297,0.005492549855262041,0.08372793346643448,0.04222685471177101,0.033362600952386856,-0.012983082793653011,0.0005647616344504058,-0.0010560699738562107,0.06794362515211105,-0.14649102091789246,-0.05126109719276428,-0.01603141985833645,-0.014666267670691013,-0.05174756422638893,-0.045593973249197006,-0.14192155003547668,-0.2061549574136734,1.0162937641143799,1.0600249767303467,-3.0518181324005127,0.012439270503818989,-0.20225942134857178,-0.6963401436805725,-0.5213320255279541,-0.599231481552124,0.4803769290447235,0.25254493951797485,0.14445534348487854,0.06735028326511383,0.06884020566940308,0.1611584722995758,3.0111520290374756,0.33519816398620605,2.6382455825805664,0.4492248594760895,0.11128238588571548,0.38614633679389954
2025/09/08 16:40,1.059754490852356,1.0413411855697632,1.017992377281189,1.0174275636672974,1.0195236206054688,1.0597829818725586,1.0476648807525635,1.0601197481155396,1.048683524131775,1.0431129932403564,1.0477900505065918,1.046208143234253,1.042707920074463,1.0286518335342407,1.1980940103530884,0.6052505970001221,0.526848554611206,0.4688311517238617,0.3546053171157837,-0.10484839230775833,-0.47434258460998535,0.25489675998687744,0.14397114515304565,0.3880309462547302,0.06285838037729263,0.07046464830636978,0.1551055759191513,-0.0018385328585281968,0.25292307138442993,0.048976410180330276,0.08581119030714035,-0.03154551982879639,0.015111195854842663,0.04810537397861481,-0.0537344329059124,0.05988040193915367,0.004897651728242636,-0.008741918951272964,0.017685769125819206,0.041299231350421906,0.11252427846193314,-0.03828050568699837,0.008688204921782017,0.15718863904476166,0.034503113478422165,0.022356530651450157,0.06412502378225327,-0.06892050057649612,0.015474609099328518,0.03791717439889908,0.031130589544773102,-0.014646227471530437,0.006202732678502798,0.018433507531881332,-1.1744019985198975,-0.5868004560470581,-0.5173980593681335,-0.4538938105106354,-0.3481433689594269,0.10377564281225204,0.4799406826496124,-0.2504195272922516,-0.1476561427116394,-0.387924462556839,-0.06111491844058037,-0.06749361753463745,-0.15806527435779572,0.002101727994158864,-0.25588878989219666,-0.048566922545433044,-0.08394457399845123,0.03024117834866047,-0.01358638796955347,-0.04601001739501953,0.07309839129447937,-0.03797619417309761,-0.00033244650694541633,0.007211822550743818,-0.031229745596647263,-0.05135851353406906,-0.10180285573005676,0.05158444866538048,0.002368341665714979,-0.12157503515481949,-0.03259209543466568,-0.020589083433151245,-0.06133507937192917,0.06665448099374771,-0.009028387255966663,-0.03543149679899216,-0.028689082711935043,0.01708356663584709,-0.007443948648869991,-0.014577374793589115,1.8056868314743042,0.17644794285297394,-0.617764413356781,-0.42948248982429504,-0.06857208162546158,-0.0998099073767662,-0.00027327192947268486,0.0017371518770232797,-0.2657264173030853,-0.08104448765516281,-0.032267022877931595,-0.0529828816652298,-0.12233743071556091,-0.13144449889659882,0.0063420687802135944,0.08540858328342438,0.042216841131448746,0.03378990292549133,-0.013551365584135056,-8.895847713574767e-05,-0.0001166143047157675,0.06966190040111542,-0.14744579792022705,-0.05042707547545433,-0.016907954588532448,-0.015357795171439648,-0.05169500783085823,-0.04580199345946312,-0.1417686641216278,-0.20620685815811157,1.0164036750793457,1.0600805282592773,-3.0516481399536133,0.012476585805416107,-0.2023780792951584,-0.6962478756904602,-0.5214478373527527,-0.5992289781570435,0.48034998774528503,0.25243741273880005,0.14433622360229492,0.06732083112001419,0.06892145425081253,0.1612108200788498,3.011218786239624,0.33693990111351013,2.638174057006836,0.4491303265094757,0.11128292977809906,0.38633960485458374
2025/09/08 16:45,1.0602673292160034,1.0414981842041016,1.0185027122497559,1.0172747373580933,1.0188698768615723,1.0596379041671753,1.048467755317688,1.0603768825531006,1.048141360282898,1.0428715944290161,1.048072099685669,1.045698881149292,1.0424230098724365,1.0281696319580078,1.1990242004394531,0.6064213514328003,0.5268741846084595,0.46801435947418213,0.35329580307006836,-0.10282424837350845,-0.474063515663147,0.25460997223854065,0.14335273206233978,0.38883423805236816,0.06405084580183029,0.07110412418842316,0.15573592483997345,-0.0016732537187635899,0.25186702609062195,0.049345437437295914,0.08620042353868484,-0.030864328145980835,0.016254540532827377,0.04897068440914154,-0.054159291088581085,0.05767328292131424,0.004425778053700924,-0.00860802922397852,0.016845811158418655,0.040612295269966125,0.11374048888683319,-0.039191000163555145,0.00852077454328537,0.158907949924469,0.03553614392876625,0.021668842062354088,0.06492403149604797,-0.0687507763504982,0.01575133204460144,0.03630516678094864,0.03265775367617607,-0.014857255853712559,0.007640273775905371,0.017982814460992813,-1.1741358041763306,-0.5873968601226807,-0.5154509544372559,-0.4537016451358795,-0.3489086329936981,0.10462857782840729,0.47952064871788025,-0.24921061098575592,-0.1477683186531067,-0.3877449631690979,-0.06073899194598198,-0.0672934427857399,-0.16019225120544434,0.0016466404777020216,-0.25546708703041077,-0.048560768365859985,-0.08374825865030289,0.02952510118484497,-0.013036343269050121,-0.04711713641881943,0.07232282310724258,-0.037820734083652496,-0.0018176608718931675,0.007934662513434887,-0.031366173177957535,-0.05100054293870926,-0.10224983841180801,0.05232928320765495,0.0029587578028440475,-0.1220061406493187,-0.0331491082906723,-0.02099631354212761,-0.06265037506818771,0.06670453399419785,-0.009364470839500427,-0.035226546227931976,-0.030081983655691147,0.017214665189385414,-0.007289188448339701,-0.014704009518027306,1.8047587871551514,0.17702428996562958,-0.6164451837539673,-0.4276866316795349,-0.06763792037963867,-0.09974149614572525,-0.0009628984262235463,0.002141266595572233,-0.2646576762199402,-0.08082841336727142,-0.03226837143301964,-0.05196552351117134,-0.12261345982551575,-0.13148358464241028,0.006313927937299013,0.08429518342018127,0.04280998185276985,0.03364644572138786,-0.013358725234866142,0.0015004354063421488,-0.001036134664900601,0.06886139512062073,-0.14641450345516205,-0.05062203109264374,-0.017795024439692497,-0.015113046392798424,-0.05261411890387535,-0.046060726046562195,-0.14191140234470367,-0.20629049837589264,1.0163137912750244,1.060052752494812,-3.051802635192871,0.012634938582777977,-0.20247243344783783,-0.6951825022697449,-0.5215495824813843,-0.5994893908500671,0.48036623001098633,0.2525905966758728,0.144377201795578,0.06728986650705338,0.06889303028583527,0.16114310920238495,3.0111658573150635,0.3362080454826355,2.6382806301116943,0.4490651488304138,0.11130698025226593,0.3862396776676178
2025/09/08 16:50,1.060381531715393,1.0412564277648926,1.0188982486724854,1.0175750255584717,1.018544316291809,1.0598808526992798,1.047547698020935,1.0606296062469482,1.048060417175293,1.0436102151870728,1.047020673751831,1.0472667217254639,1.0429956912994385,1.028606653213501,1.1989688873291016,0.6057100296020508,0.526201605796814,0.4682371914386749,0.35366618633270264,-0.10542517900466919,-0.47387292981147766,0.25513380765914917,0.14394226670265198,0.38761046528816223,0.06310504674911499,0.07001937925815582,0.15626783668994904,-0.00051261973567307,0.2530047297477722,0.04901342839002609,0.0853436216711998,-0.030110077932476997,0.01583375595510006,0.04790390655398369,-0.05149613320827484,0.05853889882564545,0.0033252087887376547,-0.007432953454554081,0.01764841563999653,0.040226783603429794,0.11366034299135208,-0.03943211957812309,0.009527015499770641,0.15571793913841248,0.03509658947587013,0.020990902557969093,0.06422286480665207,-0.06786420196294785,0.015127071179449558,0.03727472200989723,0.03283877670764923,-0.014339325949549675,0.00729270838201046,0.01613067276775837,-1.1755480766296387,-0.5864425301551819,-0.5153708457946777,-0.45459532737731934,-0.3484460711479187,0.10525936633348465,0.48046982288360596,-0.25170522928237915,-0.14798326790332794,-0.3872947692871094,-0.061123430728912354,-0.06689178943634033,-0.15838375687599182,0.0008386173867620528,-0.2546248435974121,-0.04913570359349251,-0.08438369631767273,0.030346738174557686,-0.01186928991228342,-0.04768062010407448,0.07297466695308685,-0.03877648338675499,-0.001991107128560543,0.007050147280097008,-0.03176955133676529,-0.0511629693210125,-0.10362070053815842,0.05304354801774025,0.0022346507757902145,-0.12129087001085281,-0.033441923558712006,-0.020478134974837303,-0.06203482300043106,0.06669176369905472,-0.01034843921661377,-0.03534116595983505,-0.029400112107396126,0.016846248880028725,-0.005284436512738466,-0.014102554880082607,1.8056437969207764,0.17683152854442596,-0.6166625022888184,-0.42941227555274963,-0.0671602338552475,-0.10117428749799728,-0.00023161072749644518,0.0019398482982069254,-0.2642027735710144,-0.08335933089256287,-0.03100827895104885,-0.05338851734995842,-0.12253454327583313,-0.13212226331233978,0.0066473474726080894,0.08488748967647552,0.04224972799420357,0.033338095992803574,-0.012776966206729412,1.5663390513509512e-05,-0.0021927349735051394,0.06938977539539337,-0.14607743918895721,-0.0501374714076519,-0.01659541018307209,-0.015955155715346336,-0.05152038484811783,-0.04483990743756294,-0.14190471172332764,-0.206252783536911,1.0163846015930176,1.0600017309188843,-3.0517024993896484,0.01245464850217104,-0.20251251757144928,-0.6965124011039734,-0.5212152600288391,-0.5993379354476929,0.4803626835346222,0.2525794208049774,0.1443689465522766,0.06735740602016449,0.06880387663841248,0.16118600964546204,3.011289119720459,0.3370785415172577,2.6382765769958496,0.44915643334388733,0.11172742396593094,0.3861819803714752
2025/09/08 16:55,1.05970299243927,1.0419255495071411,1.0184260606765747,1.0179516077041626,1.0196707248687744,1.0595670938491821,1.0478100776672363,1.0599004030227661,1.0488189458847046,1.0421417951583862,1.0483795404434204,1.0457226037979126,1.0427495241165161,1.028478980064392,1.198021411895752,0.605927050113678,0.5259838104248047,0.4674779772758484,0.35539498925209045,-0.10383178293704987,-0.47391560673713684,0.25612494349479675,0.1445828527212143,0.38705846667289734,0.062166012823581696,0.07082440704107285,0.15481655299663544,-0.00027963134925812483,0.25412604212760925,0.05023879185318947,0.08597035706043243,-0.030917268246412277,0.014294251799583435,0.049079593271017075,-0.05455215647816658,0.057979777455329895,0.004874810576438904,-0.008030399680137634,0.018841195851564407,0.04104331135749817,0.11368701606988907,-0.03967785835266113,0.00919516384601593,0.1576516032218933,0.03353431448340416,0.022434774786233902,0.06444809585809708,-0.06851712614297867,0.015608152374625206,0.03746156021952629,0.03147423267364502,-0.01460006833076477,0.00665397709235549,0.017632486298680305,-1.174316644668579,-0.5876482129096985,-0.5148743391036987,-0.45407745242118835,-0.3475288450717926,0.10417275875806808,0.4802488684654236,-0.2513073980808258,-0.14890392124652863,-0.3873237073421478,-0.061124034225940704,-0.06681417673826218,-0.1590002477169037,0.0028273530770093203,-0.25417399406433105,-0.047886673361063004,-0.08512981981039047,0.029350614175200462,-0.013797781430184841,-0.04743250831961632,0.0732191950082779,-0.03818511217832565,-0.0006639682687819004,0.0069477977231144905,-0.03188333287835121,-0.051438894122838974,-0.10114040225744247,0.05231184884905815,0.0037300013937056065,-0.12081888318061829,-0.033725444227457047,-0.020971838384866714,-0.06173288822174072,0.06781256198883057,-0.010411150753498077,-0.03545750305056572,-0.02991277165710926,0.018193190917372704,-0.005824473220854998,-0.014381752349436283,1.805444359779358,0.17578323185443878,-0.6170141100883484,-0.42707720398902893,-0.0685441792011261,-0.10071580111980438,0.0011406984413042665,0.002236886415630579,-0.26462677121162415,-0.08079320937395096,-0.031000301241874695,-0.05374864116311073,-0.12235376983880997,-0.13128969073295593,0.006434494163841009,0.08512737601995468,0.040709611028432846,0.03363011032342911,-0.013785462826490402,0.00148485426325351,0.0006318880477920175,0.06914415210485458,-0.14786569774150848,-0.0509248711168766,-0.016409391537308693,-0.015469934791326523,-0.050627291202545166,-0.04574117437005043,-0.14196038246154785,-0.2062305212020874,1.0163596868515015,1.0600318908691406,-3.0518875122070312,0.012492896057665348,-0.20251503586769104,-0.6965574026107788,-0.52142733335495,-0.5994129180908203,0.4803723692893982,0.252509742975235,0.14438152313232422,0.06734079122543335,0.06893674284219742,0.16137371957302094,3.011136293411255,0.33574169874191284,2.638213872909546,0.4491958022117615,0.11131544411182404,0.3861793577671051
2025/09/08 17:00,1.0594890117645264,1.0425715446472168,1.0161337852478027,1.0170305967330933,1.0173145532608032,1.0601255893707275,1.0491843223571777,1.0598074197769165,1.0471220016479492,1.0439910888671875,1.0482574701309204,1.0469199419021606,1.0420854091644287,1.0288676023483276,1.1994646787643433,0.6062052249908447,0.5265834927558899,0.4659354090690613,0.3543219268321991,-0.1009550392627716,-0.4743729531764984,0.25388431549072266,0.14576995372772217,0.39012739062309265,0.06259943544864655,0.06863781809806824,0.15593712031841278,-0.0003465781919658184,0.2542228400707245,0.04992501065135002,0.08451615273952484,-0.030427463352680206,0.014075574465095997,0.049105577170848846,-0.051535386592149734,0.05872829258441925,0.0031243516132235527,-0.005756962113082409,0.013088539242744446,0.04119283705949783,0.11315753310918808,-0.038685835897922516,0.008380780927836895,0.15572814643383026,0.034163836389780045,0.02273937314748764,0.0659203976392746,-0.06681625545024872,0.01602918654680252,0.03473162278532982,0.03017469123005867,-0.015133720822632313,0.00522631173953414,0.01608799397945404,-1.1742329597473145,-0.5867387056350708,-0.5180273056030273,-0.45470115542411804,-0.3486802875995636,0.10606874525547028,0.47662511467933655,-0.25432637333869934,-0.14595219492912292,-0.3874450922012329,-0.06287559866905212,-0.06629186868667603,-0.15542447566986084,0.002226151991635561,-0.2525591552257538,-0.04899737238883972,-0.08591734617948532,0.031007841229438782,-0.016747524961829185,-0.04873422533273697,0.06925631314516068,-0.03812899440526962,0.0032768179662525654,0.004142830614000559,-0.030887825414538383,-0.05014956369996071,-0.10364975780248642,0.0513528436422348,0.004723681136965752,-0.1193859726190567,-0.03232764080166817,-0.023207925260066986,-0.06007295474410057,0.06807340681552887,-0.008803107775747776,-0.03467946499586105,-0.028486980125308037,0.0157530028373003,-0.005598727613687515,-0.013349761255085468,1.804459571838379,0.1734044849872589,-0.6164002418518066,-0.428508996963501,-0.06783226877450943,-0.09943246096372604,-0.00021812779596075416,0.00395219074562192,-0.2637774646282196,-0.07820865511894226,-0.03191639855504036,-0.0565868578851223,-0.12161877006292343,-0.13395489752292633,0.005737476982176304,0.08413268625736237,0.04230707511305809,0.03526786342263222,-0.014930943958461285,0.002676564734429121,-0.00013734621461480856,0.06701889634132385,-0.1495516151189804,-0.05074891448020935,-0.014983117580413818,-0.015567605383694172,-0.05361436679959297,-0.04315777122974396,-0.14170818030834198,-0.20639824867248535,1.0162957906723022,1.0600718259811401,-3.0516228675842285,0.012402966618537903,-0.20326320827007294,-0.6986590027809143,-0.5217690467834473,-0.5998786091804504,0.4803200662136078,0.25235089659690857,0.14454373717308044,0.06738976389169693,0.06895856559276581,0.16150961816310883,3.0111658573150635,0.3416682481765747,2.6386594772338867,0.44942793250083923,0.11029184609651566,0.38679489493370056
